atmid,deposit,withdraw,day
atm0,0,0,Wednesday
atm350001,0,0,Wednesday
atm350002,0,0,Wednesday
atm350003,0,0,Wednesday
atm350004,0,0,Wednesday
atm350005,0,0,Wednesday
atm350006,0,0,Wednesday
atm350007,0,0,Wednesday
atm350008,0,0,Wednesday
atm350009,0,0,Wednesday
atm3500010,0,0,Wednesday
atm3500011,0,0,Wednesday
atm3500012,0,0,Wednesday
atm3500013,0,0,Wednesday
atm3500014,0,0,Wednesday
atm3500015,0,0,Wednesday
atm3500016,0,0,Wednesday
atm3500017,0,0,Wednesday
atm3500018,0,0,Wednesday
atm3500019,0,0,Wednesday
atm3500020,0,0,Wednesday
atm3500021,0,0,Wednesday
atm3500022,0,0,Wednesday
atm3500023,0,0,Wednesday
atm3500024,0,0,Wednesday
atm3500025,0,0,Wednesday
atm3500026,0,0,Wednesday
atm3500027,0,0,Wednesday
atm3500028,0,0,Wednesday
atm3500029,0,0,Wednesday
atm3500030,0,0,Wednesday
atm3500031,0,0,Wednesday
atm3500032,0,0,Wednesday
atm3500033,0,0,Wednesday
atm3500034,0,0,Wednesday
atm3500035,0,0,Wednesday
atm3500062,0,0,Wednesday
atm3500063,0,0,Wednesday
atm3500064,0,0,Wednesday
atm3500065,0,0,Wednesday
atm35000230,0,0,Wednesday
atm35000231,0,0,Wednesday
atm35000232,0,0,Wednesday
atm35000233,0,0,Wednesday
atm35000234,0,0,Wednesday
atm35000235,0,0,Wednesday
atm35000236,0,0,Wednesday
atm35000237,0,0,Wednesday
atm35000238,0,0,Wednesday
atm35000239,0,0,Wednesday
atm35000240,0,0,Wednesday
atm35000241,0,0,Wednesday
atm35000242,0,0,Wednesday
atm35000243,0,0,Wednesday
atm35000244,0,0,Wednesday
atm35000245,0,0,Wednesday
atm35000246,0,0,Wednesday
atm35000247,0,0,Wednesday
atm35000248,0,0,Wednesday
atm35000249,0,0,Wednesday
atm35000250,0,0,Wednesday
atm35000251,0,0,Wednesday
atm35000252,0,0,Wednesday
atm35000253,0,0,Wednesday
atm35000254,0,0,Wednesday
atm35000255,0,0,Wednesday
atm35000256,0,0,Wednesday
atm35000257,0,0,Wednesday
atm35000258,0,0,Wednesday
atm35000259,0,0,Wednesday
atm35000260,0,0,Wednesday
atm35000261,0,0,Wednesday
atm35000262,0,0,Wednesday
atm35000263,0,0,Wednesday
atm35000264,670,1180,Wednesday
atm3500036,575,815,Wednesday
atm3500037,925,500,Wednesday
atm3500038,640,490,Wednesday
atm3500039,905,275,Wednesday
atm3500040,745,600,Wednesday
atm3500041,865,200,Wednesday
atm3500042,0,765,Wednesday
atm3500043,445,1250,Wednesday
atm3500044,565,975,Wednesday
atm3500045,810,1330,Wednesday
atm3500046,40,900,Wednesday
atm3500047,200,1490,Wednesday
atm3500048,50,915,Wednesday
atm3500049,1125,815,Wednesday
atm3500050,375,420,Wednesday
atm3500051,665,1105,Wednesday
atm3500052,255,10,Wednesday
atm3500053,925,1185,Wednesday
atm3500054,70,880,Wednesday
atm3500055,1110,580,Wednesday
atm3500056,6825,5795,Wednesday
atm3500057,305,1055,Wednesday
atm3500058,765,255,Wednesday
atm3500059,585,5,Wednesday
atm3500060,520,600,Wednesday
atm3500061,50,455,Wednesday
atm3500066,1335,25,Wednesday
atm3500067,210,465,Wednesday
atm3500068,240,495,Wednesday
atm3500069,1470,950,Wednesday
atm3500070,375,480,Wednesday
atm3500071,1405,50,Wednesday
atm3500072,1250,0,Wednesday
atm3500073,815,875,Wednesday
atm3500074,0,440,Wednesday
atm3500075,215,350,Wednesday
atm3500076,4900,4635,Wednesday
atm3500077,1030,1140,Wednesday
atm3500078,815,750,Wednesday
atm3500079,245,625,Wednesday
atm3500080,375,845,Wednesday
atm3500081,600,160,Wednesday
atm3500082,340,220,Wednesday
atm3500083,6220,6240,Wednesday
atm3500084,1050,180,Wednesday
atm3500085,865,390,Wednesday
atm3500086,280,595,Wednesday
atm3500087,7150,5115,Wednesday
atm3500088,320,745,Wednesday
atm3500089,755,305,Wednesday
atm3500090,1475,1365,Wednesday
atm3500091,660,5,Wednesday
atm3500092,185,0,Wednesday
atm3500093,1065,75,Wednesday
atm3500094,0,175,Wednesday
atm3500095,20,730,Wednesday
atm3500096,910,875,Wednesday
atm3500097,100,285,Wednesday
atm3500098,1305,190,Wednesday
atm3500099,475,220,Wednesday
atm35000100,1095,155,Wednesday
atm35000101,1110,0,Wednesday
atm35000102,0,170,Wednesday
atm35000103,715,1575,Wednesday
atm35000104,325,1520,Wednesday
atm35000105,1090,445,Wednesday
atm35000106,545,320,Wednesday
atm35000107,1080,465,Wednesday
atm35000108,775,255,Wednesday
atm35000109,975,250,Wednesday
atm35000110,270,0,Wednesday
atm35000111,570,740,Wednesday
atm35000112,745,455,Wednesday
atm35000113,1005,485,Wednesday
atm35000114,585,675,Wednesday
atm35000115,1010,1170,Wednesday
atm35000116,290,685,Wednesday
atm35000117,460,15,Wednesday
atm35000118,1040,1350,Wednesday
atm35000119,885,390,Wednesday
atm35000120,1490,20,Wednesday
atm35000121,855,435,Wednesday
atm35000122,1155,0,Wednesday
atm35000123,805,855,Wednesday
atm35000124,3805,5550,Wednesday
atm35000125,285,20,Wednesday
atm35000126,775,235,Wednesday
atm35000127,340,220,Wednesday
atm35000128,820,300,Wednesday
atm35000129,910,465,Wednesday
atm35000130,70,5,Wednesday
atm35000131,0,225,Wednesday
atm35000132,955,740,Wednesday
atm35000133,450,1380,Wednesday
atm35000134,1445,675,Wednesday
atm35000135,450,1330,Wednesday
atm35000136,605,200,Wednesday
atm35000137,5,500,Wednesday
atm35000138,980,985,Wednesday
atm35000139,585,510,Wednesday
atm35000140,1210,580,Wednesday
atm35000141,1215,1250,Wednesday
atm35000142,460,1245,Wednesday
atm35000143,780,0,Wednesday
atm35000144,1385,390,Wednesday
atm35000145,450,715,Wednesday
atm35000146,1195,1055,Wednesday
atm35000147,25,300,Wednesday
atm35000148,1000,905,Wednesday
atm35000149,1505,375,Wednesday
atm35000150,20,700,Wednesday
atm35000151,1360,660,Wednesday
atm35000152,640,1095,Wednesday
atm35000153,270,180,Wednesday
atm35000154,185,1070,Wednesday
atm35000155,1190,1305,Wednesday
atm35000156,685,825,Wednesday
atm35000157,540,1110,Wednesday
atm35000158,1120,120,Wednesday
atm35000159,305,895,Wednesday
atm35000160,405,0,Wednesday
atm35000161,430,90,Wednesday
atm35000162,1095,30,Wednesday
atm35000163,65,20,Wednesday
atm35000164,405,365,Wednesday
atm35000165,390,0,Wednesday
atm35000166,400,1255,Wednesday
atm35000167,3415,5655,Wednesday
atm35000168,4640,4215,Wednesday
atm35000169,820,420,Wednesday
atm35000170,610,875,Wednesday
atm35000171,805,60,Wednesday
atm35000172,325,1415,Wednesday
atm35000173,70,1380,Wednesday
atm35000174,285,960,Wednesday
atm35000175,100,55,Wednesday
atm35000176,305,775,Wednesday
atm35000177,295,210,Wednesday
atm35000178,1415,875,Wednesday
atm35000179,305,320,Wednesday
atm35000180,1695,1085,Wednesday
atm35000181,50,1040,Wednesday
atm35000182,1200,340,Wednesday
atm35000183,295,525,Wednesday
atm35000184,765,665,Wednesday
atm35000185,1305,535,Wednesday
atm35000186,955,20,Wednesday
atm35000187,350,160,Wednesday
atm35000188,1235,185,Wednesday
atm35000189,510,205,Wednesday
atm35000190,625,380,Wednesday
atm35000191,1110,980,Wednesday
atm35000192,600,5,Wednesday
atm35000193,1285,70,Wednesday
atm35000194,160,460,Wednesday
atm35000195,540,885,Wednesday
atm35000196,165,230,Wednesday
atm35000197,1165,615,Wednesday
atm35000198,1010,895,Wednesday
atm35000199,590,0,Wednesday
atm35000200,460,190,Wednesday
atm35000201,205,20,Wednesday
atm35000202,0,0,Wednesday
atm35000203,550,355,Wednesday
atm35000204,460,475,Wednesday
atm35000205,1475,1220,Wednesday
atm35000206,6305,6705,Wednesday
atm35000207,1725,755,Wednesday
atm35000208,1565,1560,Wednesday
atm35000209,100,490,Wednesday
atm35000210,1300,0,Wednesday
atm35000211,1610,385,Wednesday
atm35000212,210,110,Wednesday
atm35000213,485,1590,Wednesday
atm35000214,100,300,Wednesday
atm35000215,1260,895,Wednesday
atm35000216,1390,800,Wednesday
atm35000217,1470,110,Wednesday
atm35000218,0,175,Wednesday
atm35000219,905,715,Wednesday
atm35000220,525,1660,Wednesday
atm35000221,110,255,Wednesday
atm35000222,50,175,Wednesday
atm35000223,195,675,Wednesday
atm35000224,500,455,Wednesday
atm35000225,0,305,Wednesday
atm35000226,640,790,Wednesday
atm35000227,3755,5610,Wednesday
atm35000228,1220,635,Wednesday
atm35000229,0,250,Wednesday
atm35000265,1150,530,Wednesday
atm35000266,560,25,Wednesday
atm35000267,355,0,Wednesday
atm35000268,480,930,Wednesday
atm35000269,40,200,Wednesday
atm35000270,740,1015,Wednesday
atm35000271,985,280,Wednesday
atm35000272,6350,5110,Wednesday
atm35000273,645,1500,Wednesday
atm35000274,4230,6090,Wednesday
atm35000275,5595,4545,Wednesday
atm35000276,0,590,Wednesday
atm35000277,250,875,Wednesday
atm35000278,985,1145,Wednesday
atm35000279,715,340,Wednesday
atm35000280,1635,505,Wednesday
atm35000281,390,505,Wednesday
atm35000282,1265,150,Wednesday
atm35000283,1250,1540,Wednesday
atm35000284,900,200,Wednesday
atm35000285,680,415,Wednesday
atm35000286,970,0,Wednesday
atm35000287,1475,50,Wednesday
atm35000288,690,860,Wednesday
atm35000289,30,375,Wednesday
atm35000290,1065,1055,Wednesday
atm35000291,200,50,Wednesday
atm35000292,1430,155,Wednesday
atm35000293,1240,185,Wednesday
atm35000294,1775,1230,Wednesday
atm35000295,1120,660,Wednesday
atm35000296,160,1030,Wednesday
atm35000297,510,805,Wednesday
atm35000298,915,1100,Wednesday
atm35000299,940,585,Wednesday
atm35000300,1005,495,Wednesday
atm35000301,775,30,Wednesday
atm35000302,120,710,Wednesday
atm35000303,260,515,Wednesday
atm35000304,570,810,Wednesday
atm35000305,100,870,Wednesday
atm35000306,725,320,Wednesday
atm35000307,1110,600,Wednesday
atm35000308,710,735,Wednesday
atm35000309,1255,795,Wednesday
atm35000310,880,45,Wednesday
atm35000311,265,20,Wednesday
atm35000312,1740,230,Wednesday
atm35000313,450,785,Wednesday
atm35000314,3720,7385,Wednesday
atm35000315,10,550,Wednesday
atm35000316,1070,1165,Wednesday
atm35000317,4790,7130,Wednesday
atm35000318,425,820,Wednesday
atm35000319,1215,1115,Wednesday
atm35000320,5,355,Wednesday
atm35000321,450,320,Wednesday
atm35000322,1395,770,Wednesday
atm35000323,200,1090,Wednesday
atm35000324,1185,30,Wednesday
atm35000325,1155,995,Wednesday
atm35000326,10,50,Wednesday
atm35000327,1025,535,Wednesday
atm35000328,1420,850,Wednesday
atm35000329,340,0,Wednesday
atm35000330,1060,195,Wednesday
atm35000331,1035,470,Wednesday
atm35000332,250,605,Wednesday
atm35000333,1610,550,Wednesday
atm35000334,650,0,Wednesday
atm35000335,1160,1130,Wednesday
atm35000336,165,515,Wednesday
atm35000337,420,200,Wednesday
atm35000338,885,765,Wednesday
atm35000339,6005,5145,Wednesday
atm35000340,200,0,Wednesday
atm35000341,260,305,Wednesday
atm35000342,465,1105,Wednesday
atm35000343,555,905,Wednesday
atm35000344,85,575,Wednesday
atm35000345,1175,490,Wednesday
atm35000346,290,750,Wednesday
atm35000347,525,540,Wednesday
atm35000348,585,1575,Wednesday
atm35000349,965,925,Wednesday
atm35000350,585,675,Wednesday
atm35000351,125,15,Wednesday
atm35000352,770,755,Wednesday
atm35000353,800,1185,Wednesday
atm35000354,275,1480,Wednesday
atm35000355,735,700,Wednesday
atm35000356,8050,5105,Wednesday
atm35000357,185,410,Wednesday
atm35000358,785,320,Wednesday
atm0,0,0,Wednesday
atm350001,25,500,Wednesday
atm350002,805,1415,Wednesday
atm350003,1070,740,Wednesday
atm350004,480,485,Wednesday
atm350005,50,610,Wednesday
atm350006,55,980,Wednesday
atm350007,545,0,Wednesday
atm350008,590,905,Wednesday
atm350009,1300,715,Wednesday
atm3500010,3755,5510,Wednesday
atm3500011,250,125,Wednesday
atm3500012,1195,0,Wednesday
atm3500013,900,925,Wednesday
atm3500014,1330,675,Wednesday
atm3500015,420,485,Wednesday
atm3500016,260,635,Wednesday
atm3500017,495,1505,Wednesday
atm3500018,880,385,Wednesday
atm3500019,1310,1265,Wednesday
atm3500020,685,0,Wednesday
atm3500021,795,1690,Wednesday
atm3500022,1220,1155,Wednesday
atm3500023,940,570,Wednesday
atm3500024,1400,470,Wednesday
atm3500025,0,15,Wednesday
atm3500026,270,280,Wednesday
atm3500027,590,1315,Wednesday
atm3500028,1075,520,Wednesday
atm3500029,640,25,Wednesday
atm3500030,1310,860,Wednesday
atm3500031,395,660,Wednesday
atm3500032,810,915,Wednesday
atm3500033,805,5,Wednesday
atm3500034,110,1125,Wednesday
atm3500035,485,1110,Wednesday
atm3500062,560,980,Wednesday
atm3500063,830,410,Wednesday
atm3500064,330,1110,Wednesday
atm3500065,300,150,Wednesday
atm35000230,845,1405,Wednesday
atm35000231,720,670,Wednesday
atm35000232,1335,670,Wednesday
atm35000233,370,400,Wednesday
atm35000234,120,485,Wednesday
atm35000235,770,625,Wednesday
atm35000236,1165,860,Wednesday
atm35000237,480,1090,Wednesday
atm35000238,1080,855,Wednesday
atm35000239,1395,1170,Wednesday
atm35000240,1005,420,Wednesday
atm35000241,525,205,Wednesday
atm35000242,0,640,Wednesday
atm35000243,25,110,Wednesday
atm35000244,320,255,Wednesday
atm35000245,690,210,Wednesday
atm35000246,1080,245,Wednesday
atm35000247,810,975,Wednesday
atm35000248,380,240,Wednesday
atm35000249,275,220,Wednesday
atm35000250,315,1140,Wednesday
atm35000251,260,425,Wednesday
atm35000252,745,1545,Wednesday
atm35000253,220,670,Wednesday
atm35000254,1715,400,Wednesday
atm35000255,325,1085,Wednesday
atm35000256,340,825,Wednesday
atm35000257,535,875,Wednesday
atm35000258,430,1430,Wednesday
atm35000259,730,565,Wednesday
atm35000260,335,0,Wednesday
atm35000261,1420,830,Wednesday
atm35000262,1225,1280,Wednesday
atm35000263,665,1190,Wednesday
atm35000264,500,255,Wednesday
atm3500036,720,670,Wednesday
atm3500037,40,1485,Wednesday
atm3500038,840,1505,Wednesday
atm3500039,220,330,Wednesday
atm3500040,520,325,Wednesday
atm3500041,380,130,Wednesday
atm3500042,1395,490,Wednesday
atm3500043,1020,655,Wednesday
atm3500044,100,690,Wednesday
atm3500045,1095,270,Wednesday
atm3500046,595,1115,Wednesday
atm3500047,665,410,Wednesday
atm3500048,70,265,Wednesday
atm3500049,775,985,Wednesday
atm3500050,245,1460,Wednesday
atm3500051,540,430,Wednesday
atm3500052,310,430,Wednesday
atm3500053,720,1605,Wednesday
atm3500054,850,760,Wednesday
atm3500055,895,55,Wednesday
atm3500056,4230,5780,Wednesday
atm3500057,50,1535,Wednesday
atm3500058,1095,895,Wednesday
atm3500059,1430,155,Wednesday
atm3500060,1240,600,Wednesday
atm3500061,0,100,Wednesday
atm3500066,820,1095,Wednesday
atm3500067,850,950,Wednesday
atm3500068,250,290,Wednesday
atm3500069,195,625,Wednesday
atm3500070,900,780,Wednesday
atm3500071,70,640,Wednesday
atm3500072,500,1470,Wednesday
atm3500073,805,455,Wednesday
atm3500074,70,1305,Wednesday
atm3500075,155,765,Wednesday
atm3500076,5010,5375,Wednesday
atm3500077,1080,1420,Wednesday
atm3500078,0,475,Wednesday
atm3500079,115,250,Wednesday
atm3500080,1155,685,Wednesday
atm3500081,150,200,Wednesday
atm3500082,705,325,Wednesday
atm3500083,3315,5290,Wednesday
atm3500084,765,785,Wednesday
atm3500085,210,1110,Wednesday
atm3500086,1060,745,Wednesday
atm3500087,6300,6480,Wednesday
atm3500088,435,325,Wednesday
atm3500089,1240,345,Wednesday
atm3500090,965,800,Wednesday
atm3500091,555,405,Wednesday
atm3500092,775,85,Wednesday
atm3500093,530,1145,Wednesday
atm3500094,785,1100,Wednesday
atm3500095,930,565,Wednesday
atm3500096,160,40,Wednesday
atm3500097,990,990,Wednesday
atm3500098,310,560,Wednesday
atm3500099,560,770,Wednesday
atm35000100,0,200,Wednesday
atm35000101,700,255,Wednesday
atm35000102,1535,1210,Wednesday
atm35000103,550,720,Wednesday
atm35000104,100,5,Wednesday
atm35000105,515,695,Wednesday
atm35000106,1035,315,Wednesday
atm35000107,165,1100,Wednesday
atm35000108,945,815,Wednesday
atm35000109,180,860,Wednesday
atm35000110,715,0,Wednesday
atm35000111,635,305,Wednesday
atm35000112,1510,360,Wednesday
atm35000113,60,205,Wednesday
atm35000114,335,595,Wednesday
atm35000115,1075,1315,Wednesday
atm35000116,890,445,Wednesday
atm35000117,0,790,Wednesday
atm35000118,440,755,Wednesday
atm35000119,1035,50,Wednesday
atm35000120,750,485,Wednesday
atm35000121,300,865,Wednesday
atm35000122,405,635,Wednesday
atm35000123,0,630,Wednesday
atm35000124,3960,5245,Wednesday
atm35000125,645,360,Wednesday
atm35000126,210,495,Wednesday
atm35000127,1015,25,Wednesday
atm35000128,350,955,Wednesday
atm35000129,120,680,Wednesday
atm35000130,830,670,Wednesday
atm35000131,420,640,Wednesday
atm35000132,585,965,Wednesday
atm35000133,1170,1430,Wednesday
atm35000134,590,1240,Wednesday
atm35000135,10,1675,Wednesday
atm35000136,1245,5,Wednesday
atm35000137,1330,360,Wednesday
atm35000138,305,400,Wednesday
atm35000139,930,55,Wednesday
atm35000140,920,705,Wednesday
atm35000141,1250,200,Wednesday
atm35000142,1150,160,Wednesday
atm35000143,885,470,Wednesday
atm35000144,600,40,Wednesday
atm35000145,1265,480,Wednesday
atm35000146,1110,200,Wednesday
atm35000147,1275,1130,Wednesday
atm35000148,980,30,Wednesday
atm35000149,390,1080,Wednesday
atm35000150,240,580,Wednesday
atm35000151,350,1710,Wednesday
atm35000152,435,530,Wednesday
atm35000153,350,575,Wednesday
atm35000154,1100,125,Wednesday
atm35000155,20,1675,Wednesday
atm35000156,385,235,Wednesday
atm35000157,480,850,Wednesday
atm35000158,1505,1410,Wednesday
atm35000159,10,200,Wednesday
atm35000160,840,440,Wednesday
atm35000161,685,665,Wednesday
atm35000162,0,240,Wednesday
atm35000163,160,340,Wednesday
atm35000164,0,1000,Wednesday
atm35000165,740,440,Wednesday
atm35000166,750,580,Wednesday
atm35000167,3970,6340,Wednesday
atm35000168,6860,5035,Wednesday
atm35000169,755,930,Wednesday
atm35000170,1285,950,Wednesday
atm35000171,935,105,Wednesday
atm35000172,225,155,Wednesday
atm35000173,20,1300,Wednesday
atm35000174,870,545,Wednesday
atm35000175,1135,1310,Wednesday
atm35000176,555,620,Wednesday
atm35000177,675,1060,Wednesday
atm35000178,1155,1495,Wednesday
atm35000179,1545,855,Wednesday
atm35000180,175,10,Wednesday
atm35000181,1850,630,Wednesday
atm35000182,1630,610,Wednesday
atm35000183,30,320,Wednesday
atm35000184,440,110,Wednesday
atm35000185,835,205,Wednesday
atm35000186,70,940,Wednesday
atm35000187,585,130,Wednesday
atm35000188,975,820,Wednesday
atm35000189,465,495,Wednesday
atm35000190,1255,115,Wednesday
atm35000191,395,1055,Wednesday
atm35000192,1015,1530,Wednesday
atm35000193,405,0,Wednesday
atm35000194,985,75,Wednesday
atm35000195,590,50,Wednesday
atm35000196,0,1040,Wednesday
atm35000197,630,1360,Wednesday
atm35000198,290,985,Wednesday
atm35000199,560,400,Wednesday
atm35000200,570,135,Wednesday
atm35000201,115,400,Wednesday
atm35000202,1230,1075,Wednesday
atm35000203,895,1010,Wednesday
atm35000204,325,140,Wednesday
atm35000205,565,1360,Wednesday
atm35000206,4210,6015,Wednesday
atm35000207,585,555,Wednesday
atm35000208,995,205,Wednesday
atm35000209,1235,265,Wednesday
atm35000210,500,0,Wednesday
atm35000211,285,555,Wednesday
atm35000212,580,955,Wednesday
atm35000213,1385,420,Wednesday
atm35000214,0,120,Wednesday
atm35000215,1495,415,Wednesday
atm35000216,890,1085,Wednesday
atm35000217,1395,5,Wednesday
atm35000218,0,915,Wednesday
atm35000219,850,1060,Wednesday
atm35000220,1105,1520,Wednesday
atm35000221,1425,450,Wednesday
atm35000222,120,155,Wednesday
atm35000223,580,1205,Wednesday
atm35000224,1040,655,Wednesday
atm35000225,695,380,Wednesday
atm35000226,255,1380,Wednesday
atm35000227,5705,6155,Wednesday
atm35000228,55,1530,Wednesday
atm35000229,930,940,Wednesday
atm35000265,90,485,Wednesday
atm35000266,865,920,Wednesday
atm35000267,0,760,Wednesday
atm35000268,190,465,Wednesday
atm35000269,905,775,Wednesday
atm35000270,580,950,Wednesday
atm35000271,485,445,Wednesday
atm35000272,7035,5490,Wednesday
atm35000273,255,685,Wednesday
atm35000274,6320,5240,Wednesday
atm35000275,5945,6485,Wednesday
atm35000276,55,1130,Wednesday
atm35000277,220,785,Wednesday
atm35000278,895,55,Wednesday
atm35000279,1115,615,Wednesday
atm35000280,0,1120,Wednesday
atm35000281,495,765,Wednesday
atm35000282,1010,460,Wednesday
atm35000283,655,300,Wednesday
atm35000284,560,1150,Wednesday
atm35000285,20,35,Wednesday
atm35000286,1175,135,Wednesday
atm35000287,975,1665,Wednesday
atm35000288,1740,105,Wednesday
atm35000289,655,10,Wednesday
atm35000290,1565,915,Wednesday
atm35000291,115,480,Wednesday
atm35000292,605,475,Wednesday
atm35000293,1105,700,Wednesday
atm35000294,1285,965,Wednesday
atm35000295,260,10,Wednesday
atm35000296,275,55,Wednesday
atm35000297,1710,1220,Wednesday
atm35000298,1600,565,Wednesday
atm35000299,1220,585,Wednesday
atm35000300,400,1055,Wednesday
atm35000301,500,550,Wednesday
atm35000302,805,690,Wednesday
atm35000303,1160,5,Wednesday
atm35000304,370,1320,Wednesday
atm35000305,270,1355,Wednesday
atm35000306,1500,705,Wednesday
atm35000307,0,1075,Wednesday
atm35000308,420,825,Wednesday
atm35000309,15,420,Wednesday
atm35000310,835,1345,Wednesday
atm35000311,950,160,Wednesday
atm35000312,700,500,Wednesday
atm35000313,865,380,Wednesday
atm35000314,6150,4985,Wednesday
atm35000315,1750,460,Wednesday
atm35000316,370,615,Wednesday
atm35000317,5125,6125,Wednesday
atm35000318,1200,1735,Wednesday
atm35000319,145,375,Wednesday
atm35000320,100,650,Wednesday
atm35000321,150,1460,Wednesday
atm35000322,595,20,Wednesday
atm35000323,715,0,Wednesday
atm35000324,355,525,Wednesday
atm35000325,1390,1010,Wednesday
atm35000326,375,1260,Wednesday
atm35000327,1155,1000,Wednesday
atm35000328,0,290,Wednesday
atm35000329,350,570,Wednesday
atm35000330,1395,585,Wednesday
atm35000331,415,560,Wednesday
atm35000332,1430,1260,Wednesday
atm35000333,970,1190,Wednesday
atm35000334,175,595,Wednesday
atm35000335,0,815,Wednesday
atm35000336,0,1190,Wednesday
atm35000337,115,5,Wednesday
atm35000338,810,490,Wednesday
atm35000339,5725,4410,Wednesday
atm35000340,1350,30,Wednesday
atm35000341,595,945,Wednesday
atm35000342,565,705,Wednesday
atm35000343,600,700,Wednesday
atm35000344,535,10,Wednesday
atm35000345,1115,980,Wednesday
atm35000346,485,545,Wednesday
atm35000347,390,560,Wednesday
atm35000348,960,0,Wednesday
atm35000349,10,225,Wednesday
atm35000350,1675,370,Wednesday
atm35000351,1695,1165,Wednesday
atm35000352,1205,1325,Wednesday
atm35000353,1345,215,Wednesday
atm35000354,720,630,Wednesday
atm35000355,1060,805,Wednesday
atm35000356,5740,7595,Wednesday
atm35000357,495,570,Wednesday
atm35000358,275,1335,Wednesday
atm0,0,0,Wednesday
atm350001,1390,920,Wednesday
atm350002,1160,565,Wednesday
atm350003,920,130,Wednesday
atm350004,175,570,Wednesday
atm350005,570,1055,Wednesday
atm350006,70,680,Wednesday
atm350007,220,1020,Wednesday
atm350008,155,1190,Wednesday
atm350009,1575,555,Wednesday
atm3500010,4275,5290,Wednesday
atm3500011,635,545,Wednesday
atm3500012,975,635,Wednesday
atm3500013,555,385,Wednesday
atm3500014,260,715,Wednesday
atm3500015,260,845,Wednesday
atm3500016,1060,415,Wednesday
atm3500017,1215,240,Wednesday
atm3500018,925,1080,Wednesday
atm3500019,415,210,Wednesday
atm3500020,950,735,Wednesday
atm3500021,340,1220,Wednesday
atm3500022,1120,100,Wednesday
atm3500023,1645,1010,Wednesday
atm3500024,575,655,Wednesday
atm3500025,1110,1110,Wednesday
atm3500026,455,65,Wednesday
atm3500027,20,1190,Wednesday
atm3500028,310,465,Wednesday
atm3500029,930,1100,Wednesday
atm3500030,775,280,Wednesday
atm3500031,1535,1040,Wednesday
atm3500032,320,100,Wednesday
atm3500033,625,460,Wednesday
atm3500034,100,1150,Wednesday
atm3500035,1015,1170,Wednesday
atm3500062,1045,400,Wednesday
atm3500063,375,1065,Wednesday
atm3500064,760,0,Wednesday
atm3500065,920,100,Wednesday
atm35000230,1180,825,Wednesday
atm35000231,1135,570,Wednesday
atm35000232,210,935,Wednesday
atm35000233,990,625,Wednesday
atm35000234,775,320,Wednesday
atm35000235,355,1205,Wednesday
atm35000236,1075,1475,Wednesday
atm35000237,1000,865,Wednesday
atm35000238,425,215,Wednesday
atm35000239,1000,1690,Wednesday
atm35000240,690,160,Wednesday
atm35000241,0,580,Wednesday
atm35000242,40,1080,Wednesday
atm35000243,1665,580,Wednesday
atm35000244,670,975,Wednesday
atm35000245,965,1175,Wednesday
atm35000246,660,1080,Wednesday
atm35000247,30,265,Wednesday
atm35000248,160,1550,Wednesday
atm35000249,670,1170,Wednesday
atm35000250,890,60,Wednesday
atm35000251,960,5,Wednesday
atm35000252,1005,700,Wednesday
atm35000253,1295,845,Wednesday
atm35000254,865,40,Wednesday
atm35000255,1880,555,Wednesday
atm35000256,725,520,Wednesday
atm35000257,100,1165,Wednesday
atm35000258,510,1120,Wednesday
atm35000259,1230,380,Wednesday
atm35000260,330,400,Wednesday
atm35000261,605,370,Wednesday
atm35000262,75,0,Wednesday
atm35000263,1460,1130,Wednesday
atm35000264,100,855,Wednesday
atm3500036,900,945,Wednesday
atm3500037,70,10,Wednesday
atm3500038,325,1420,Wednesday
atm3500039,510,830,Wednesday
atm3500040,20,130,Wednesday
atm3500041,1020,570,Wednesday
atm3500042,1415,540,Wednesday
atm3500043,530,820,Wednesday
atm3500044,1650,260,Wednesday
atm3500045,1305,230,Wednesday
atm3500046,50,415,Wednesday
atm3500047,375,715,Wednesday
atm3500048,20,1205,Wednesday
atm3500049,575,760,Wednesday
atm3500050,420,1595,Wednesday
atm3500051,720,1070,Wednesday
atm3500052,540,555,Wednesday
atm3500053,20,310,Wednesday
atm3500054,1370,1475,Wednesday
atm3500055,885,695,Wednesday
atm3500056,5260,5935,Wednesday
atm3500057,475,120,Wednesday
atm3500058,0,870,Wednesday
atm3500059,20,775,Wednesday
atm3500060,475,1215,Wednesday
atm3500061,870,795,Wednesday
atm3500066,375,470,Wednesday
atm3500067,865,1170,Wednesday
atm3500068,630,1050,Wednesday
atm3500069,185,225,Wednesday
atm3500070,735,10,Wednesday
atm3500071,705,310,Wednesday
atm3500072,1015,935,Wednesday
atm3500073,1275,1250,Wednesday
atm3500074,45,75,Wednesday
atm3500075,1655,410,Wednesday
atm3500076,4785,7460,Wednesday
atm3500077,425,0,Wednesday
atm3500078,240,0,Wednesday
atm3500079,1055,0,Wednesday
atm3500080,1185,1660,Wednesday
atm3500081,960,1130,Wednesday
atm3500082,930,75,Wednesday
atm3500083,5730,5825,Wednesday
atm3500084,150,805,Wednesday
atm3500085,515,1100,Wednesday
atm3500086,620,850,Wednesday
atm3500087,5290,7780,Wednesday
atm3500088,930,320,Wednesday
atm3500089,550,1130,Wednesday
atm3500090,200,0,Wednesday
atm3500091,45,10,Wednesday
atm3500092,450,455,Wednesday
atm3500093,405,100,Wednesday
atm3500094,615,675,Wednesday
atm3500095,710,640,Wednesday
atm3500096,880,870,Wednesday
atm3500097,185,200,Wednesday
atm3500098,1425,1020,Wednesday
atm3500099,1620,965,Wednesday
atm35000100,345,0,Wednesday
atm35000101,845,520,Wednesday
atm35000102,1495,55,Wednesday
atm35000103,955,970,Wednesday
atm35000104,730,5,Wednesday
atm35000105,595,210,Wednesday
atm35000106,730,300,Wednesday
atm35000107,220,620,Wednesday
atm35000108,1490,1155,Wednesday
atm35000109,1130,510,Wednesday
atm35000110,1230,395,Wednesday
atm35000111,10,390,Wednesday
atm35000112,610,485,Wednesday
atm35000113,0,1060,Wednesday
atm35000114,280,965,Wednesday
atm35000115,930,110,Wednesday
atm35000116,705,15,Wednesday
atm35000117,0,1410,Wednesday
atm35000118,880,375,Wednesday
atm35000119,990,230,Wednesday
atm35000120,780,865,Wednesday
atm35000121,100,150,Wednesday
atm35000122,150,1205,Wednesday
atm35000123,475,10,Wednesday
atm35000124,4960,4760,Wednesday
atm35000125,920,1830,Wednesday
atm35000126,155,855,Wednesday
atm35000127,930,1375,Wednesday
atm35000128,0,30,Wednesday
atm35000129,460,755,Wednesday
atm35000130,930,660,Wednesday
atm35000131,520,1115,Wednesday
atm35000132,1185,480,Wednesday
atm35000133,60,315,Wednesday
atm35000134,805,840,Wednesday
atm35000135,410,745,Wednesday
atm35000136,0,470,Wednesday
atm35000137,160,1615,Wednesday
atm35000138,1180,480,Wednesday
atm35000139,895,720,Wednesday
atm35000140,415,820,Wednesday
atm35000141,175,505,Wednesday
atm35000142,5,485,Wednesday
atm35000143,1790,1605,Wednesday
atm35000144,0,20,Wednesday
atm35000145,695,980,Wednesday
atm35000146,0,1065,Wednesday
atm35000147,1335,255,Wednesday
atm35000148,100,1365,Wednesday
atm35000149,815,755,Wednesday
atm35000150,705,50,Wednesday
atm35000151,450,385,Wednesday
atm35000152,385,425,Wednesday
atm35000153,1145,1045,Wednesday
atm35000154,1385,960,Wednesday
atm35000155,350,65,Wednesday
atm35000156,150,540,Wednesday
atm35000157,1120,625,Wednesday
atm35000158,1090,0,Wednesday
atm35000159,430,460,Wednesday
atm35000160,780,115,Wednesday
atm35000161,665,1520,Wednesday
atm35000162,1360,1940,Wednesday
atm35000163,350,965,Wednesday
atm35000164,705,5,Wednesday
atm35000165,1050,705,Wednesday
atm35000166,1215,895,Wednesday
atm35000167,4705,6020,Wednesday
atm35000168,5535,5830,Wednesday
atm35000169,820,800,Wednesday
atm35000170,360,1535,Wednesday
atm35000171,430,660,Wednesday
atm35000172,555,435,Wednesday
atm35000173,1125,935,Wednesday
atm35000174,500,1070,Wednesday
atm35000175,310,1290,Wednesday
atm35000176,170,690,Wednesday
atm35000177,0,510,Wednesday
atm35000178,105,340,Wednesday
atm35000179,1030,400,Wednesday
atm35000180,1300,1125,Wednesday
atm35000181,750,1275,Wednesday
atm35000182,475,975,Wednesday
atm35000183,1840,1305,Wednesday
atm35000184,1080,480,Wednesday
atm35000185,530,0,Wednesday
atm35000186,1280,1020,Wednesday
atm35000187,255,880,Wednesday
atm35000188,320,1005,Wednesday
atm35000189,1595,870,Wednesday
atm35000190,120,1060,Wednesday
atm35000191,405,845,Wednesday
atm35000192,1150,1200,Wednesday
atm35000193,690,35,Wednesday
atm35000194,790,920,Wednesday
atm35000195,340,940,Wednesday
atm35000196,285,1105,Wednesday
atm35000197,120,730,Wednesday
atm35000198,930,300,Wednesday
atm35000199,370,470,Wednesday
atm35000200,515,395,Wednesday
atm35000201,150,855,Wednesday
atm35000202,1445,55,Wednesday
atm35000203,745,1190,Wednesday
atm35000204,120,220,Wednesday
atm35000205,840,675,Wednesday
atm35000206,4130,4310,Wednesday
atm35000207,120,0,Wednesday
atm35000208,560,405,Wednesday
atm35000209,405,395,Wednesday
atm35000210,635,1330,Wednesday
atm35000211,915,150,Wednesday
atm35000212,1310,10,Wednesday
atm35000213,915,765,Wednesday
atm35000214,0,100,Wednesday
atm35000215,1305,780,Wednesday
atm35000216,320,385,Wednesday
atm35000217,360,250,Wednesday
atm35000218,885,460,Wednesday
atm35000219,835,1525,Wednesday
atm35000220,100,815,Wednesday
atm35000221,825,100,Wednesday
atm35000222,825,420,Wednesday
atm35000223,1065,1105,Wednesday
atm35000224,335,835,Wednesday
atm35000225,1080,525,Wednesday
atm35000226,60,1120,Wednesday
atm35000227,4945,5775,Wednesday
atm35000228,880,215,Wednesday
atm35000229,620,910,Wednesday
atm35000265,475,55,Wednesday
atm35000266,810,255,Wednesday
atm35000267,230,450,Wednesday
atm35000268,390,1595,Wednesday
atm35000269,655,765,Wednesday
atm35000270,1155,920,Wednesday
atm35000271,100,120,Wednesday
atm35000272,6730,6120,Wednesday
atm35000273,340,390,Wednesday
atm35000274,5535,6120,Wednesday
atm35000275,5130,5295,Wednesday
atm35000276,345,270,Wednesday
atm35000277,475,575,Wednesday
atm35000278,20,10,Wednesday
atm35000279,90,150,Wednesday
atm35000280,475,135,Wednesday
atm35000281,125,1510,Wednesday
atm35000282,475,340,Wednesday
atm35000283,1330,580,Wednesday
atm35000284,610,610,Wednesday
atm35000285,305,250,Wednesday
atm35000286,925,440,Wednesday
atm35000287,0,980,Wednesday
atm35000288,1015,440,Wednesday
atm35000289,940,160,Wednesday
atm35000290,1280,535,Wednesday
atm35000291,1255,565,Wednesday
atm35000292,330,45,Wednesday
atm35000293,310,1590,Wednesday
atm35000294,1075,805,Wednesday
atm35000295,1085,1360,Wednesday
atm35000296,510,1160,Wednesday
atm35000297,510,255,Wednesday
atm35000298,0,395,Wednesday
atm35000299,995,700,Wednesday
atm35000300,80,995,Wednesday
atm35000301,625,530,Wednesday
atm35000302,450,420,Wednesday
atm35000303,515,1100,Wednesday
atm35000304,630,580,Wednesday
atm35000305,370,635,Wednesday
atm35000306,710,565,Wednesday
atm35000307,1060,490,Wednesday
atm35000308,495,130,Wednesday
atm35000309,1305,580,Wednesday
atm35000310,1035,360,Wednesday
atm35000311,505,970,Wednesday
atm35000312,760,355,Wednesday
atm35000313,1190,530,Wednesday
atm35000314,4735,5255,Wednesday
atm35000315,615,955,Wednesday
atm35000316,50,610,Wednesday
atm35000317,6025,5635,Wednesday
atm35000318,5,1140,Wednesday
atm35000319,605,725,Wednesday
atm35000320,0,560,Wednesday
atm35000321,625,675,Wednesday
atm35000322,545,980,Wednesday
atm35000323,1235,0,Wednesday
atm35000324,1145,1015,Wednesday
atm35000325,610,1020,Wednesday
atm35000326,940,770,Wednesday
atm35000327,1445,20,Wednesday
atm35000328,200,1320,Wednesday
atm35000329,1490,10,Wednesday
atm35000330,380,490,Wednesday
atm35000331,540,40,Wednesday
atm35000332,805,1020,Wednesday
atm35000333,205,590,Wednesday
atm35000334,845,210,Wednesday
atm35000335,200,295,Wednesday
atm35000336,520,1245,Wednesday
atm35000337,165,780,Wednesday
atm35000338,1035,870,Wednesday
atm35000339,5790,4935,Wednesday
atm35000340,740,410,Wednesday
atm35000341,380,1135,Wednesday
atm35000342,810,830,Wednesday
atm35000343,40,360,Wednesday
atm35000344,355,190,Wednesday
atm35000345,145,185,Wednesday
atm35000346,155,120,Wednesday
atm35000347,365,540,Wednesday
atm35000348,960,575,Wednesday
atm35000349,765,0,Wednesday
atm35000350,965,0,Wednesday
atm35000351,1095,580,Wednesday
atm35000352,655,1510,Wednesday
atm35000353,275,190,Wednesday
atm35000354,525,725,Wednesday
atm35000355,390,380,Wednesday
atm35000356,4765,8325,Wednesday
atm35000357,525,620,Wednesday
atm35000358,1190,205,Wednesday
atm0,0,0,Wednesday
atm350001,530,430,Wednesday
atm350002,410,825,Wednesday
atm350003,715,1020,Wednesday
atm350004,305,55,Wednesday
atm350005,960,100,Wednesday
atm350006,0,1315,Wednesday
atm350007,1055,345,Wednesday
atm350008,690,0,Wednesday
atm350009,155,695,Wednesday
atm3500010,4895,5865,Wednesday
atm3500011,200,735,Wednesday
atm3500012,60,1005,Wednesday
atm3500013,255,70,Wednesday
atm3500014,110,120,Wednesday
atm3500015,1260,845,Wednesday
atm3500016,775,980,Wednesday
atm3500017,100,130,Wednesday
atm3500018,425,950,Wednesday
atm3500019,610,1175,Wednesday
atm3500020,335,0,Wednesday
atm3500021,505,45,Wednesday
atm3500022,420,805,Wednesday
atm3500023,420,105,Wednesday
atm3500024,155,100,Wednesday
atm3500025,10,860,Wednesday
atm3500026,175,445,Wednesday
atm3500027,505,620,Wednesday
atm3500028,1095,1475,Wednesday
atm3500029,490,600,Wednesday
atm3500030,1395,180,Wednesday
atm3500031,785,815,Wednesday
atm3500032,515,0,Wednesday
atm3500033,455,500,Wednesday
atm3500034,125,635,Wednesday
atm3500035,410,0,Wednesday
atm3500062,220,1650,Wednesday
atm3500063,1070,0,Wednesday
atm3500064,1195,820,Wednesday
atm3500065,625,625,Wednesday
atm35000230,1350,50,Wednesday
atm35000231,250,310,Wednesday
atm35000232,600,1145,Wednesday
atm35000233,755,175,Wednesday
atm35000234,630,1310,Wednesday
atm35000235,20,125,Wednesday
atm35000236,20,510,Wednesday
atm35000237,115,60,Wednesday
atm35000238,360,375,Wednesday
atm35000239,625,1055,Wednesday
atm35000240,210,55,Wednesday
atm35000241,755,10,Wednesday
atm35000242,445,435,Wednesday
atm35000243,1000,1430,Wednesday
atm35000244,0,520,Wednesday
atm35000245,380,1225,Wednesday
atm35000246,280,220,Wednesday
atm35000247,215,805,Wednesday
atm35000248,205,1300,Wednesday
atm35000249,935,0,Wednesday
atm35000250,845,485,Wednesday
atm35000251,280,175,Wednesday
atm35000252,350,450,Wednesday
atm35000253,355,500,Wednesday
atm35000254,965,585,Wednesday
atm35000255,910,580,Wednesday
atm35000256,675,420,Wednesday
atm35000257,380,845,Wednesday
atm35000258,1195,120,Wednesday
atm35000259,1060,1015,Wednesday
atm35000260,245,1285,Wednesday
atm35000261,385,560,Wednesday
atm35000262,960,110,Wednesday
atm35000263,1470,365,Wednesday
atm35000264,360,50,Wednesday
atm3500036,1135,750,Wednesday
atm3500037,830,1320,Wednesday
atm3500038,900,660,Wednesday
atm3500039,800,665,Wednesday
atm3500040,110,95,Wednesday
atm3500041,1145,935,Wednesday
atm3500042,900,250,Wednesday
atm3500043,0,200,Wednesday
atm3500044,600,965,Wednesday
atm3500045,835,820,Wednesday
atm3500046,785,400,Wednesday
atm3500047,545,1120,Wednesday
atm3500048,420,240,Wednesday
atm3500049,1025,0,Wednesday
atm3500050,1040,450,Wednesday
atm3500051,610,1260,Wednesday
atm3500052,340,405,Wednesday
atm3500053,150,1480,Wednesday
atm3500054,210,790,Wednesday
atm3500055,1515,825,Wednesday
atm3500056,5330,6005,Wednesday
atm3500057,950,855,Wednesday
atm3500058,905,1410,Wednesday
atm3500059,440,1400,Wednesday
atm3500060,115,490,Wednesday
atm3500061,750,705,Wednesday
atm3500066,530,205,Wednesday
atm3500067,930,25,Wednesday
atm3500068,1580,0,Wednesday
atm3500069,415,795,Wednesday
atm3500070,310,0,Wednesday
atm3500071,1000,5,Wednesday
atm3500072,1170,215,Wednesday
atm3500073,0,635,Wednesday
atm3500074,1050,290,Wednesday
atm3500075,480,670,Wednesday
atm3500076,5440,6100,Wednesday
atm3500077,935,185,Wednesday
atm3500078,1015,360,Wednesday
atm3500079,710,925,Wednesday
atm3500080,435,1025,Wednesday
atm3500081,20,0,Wednesday
atm3500082,530,1110,Wednesday
atm3500083,5705,6295,Wednesday
atm3500084,270,255,Wednesday
atm3500085,635,205,Wednesday
atm3500086,670,1680,Wednesday
atm3500087,5360,5360,Wednesday
atm3500088,1115,555,Wednesday
atm3500089,945,500,Wednesday
atm3500090,530,5,Wednesday
atm3500091,970,150,Wednesday
atm3500092,455,30,Wednesday
atm3500093,25,910,Wednesday
atm3500094,0,115,Wednesday
atm3500095,520,705,Wednesday
atm3500096,345,790,Wednesday
atm3500097,570,235,Wednesday
atm3500098,40,390,Wednesday
atm3500099,285,910,Wednesday
atm35000100,10,970,Wednesday
atm35000101,370,385,Wednesday
atm35000102,1045,5,Wednesday
atm35000103,130,1585,Wednesday
atm35000104,1085,535,Wednesday
atm35000105,805,200,Wednesday
atm35000106,50,110,Wednesday
atm35000107,510,1485,Wednesday
atm35000108,1135,105,Wednesday
atm35000109,970,990,Wednesday
atm35000110,920,905,Wednesday
atm35000111,1260,935,Wednesday
atm35000112,115,540,Wednesday
atm35000113,475,925,Wednesday
atm35000114,320,50,Wednesday
atm35000115,555,630,Wednesday
atm35000116,590,350,Wednesday
atm35000117,560,160,Wednesday
atm35000118,830,835,Wednesday
atm35000119,740,1065,Wednesday
atm35000120,1210,465,Wednesday
atm35000121,535,1050,Wednesday
atm35000122,820,430,Wednesday
atm35000123,795,585,Wednesday
atm35000124,7250,5485,Wednesday
atm35000125,650,0,Wednesday
atm35000126,540,310,Wednesday
atm35000127,1400,0,Wednesday
atm35000128,50,1310,Wednesday
atm35000129,390,860,Wednesday
atm35000130,880,1065,Wednesday
atm35000131,20,570,Wednesday
atm35000132,100,715,Wednesday
atm35000133,410,150,Wednesday
atm35000134,1300,1195,Wednesday
atm35000135,795,550,Wednesday
atm35000136,1300,55,Wednesday
atm35000137,1340,330,Wednesday
atm35000138,100,1145,Wednesday
atm35000139,775,810,Wednesday
atm35000140,475,140,Wednesday
atm35000141,310,665,Wednesday
atm35000142,250,50,Wednesday
atm35000143,35,485,Wednesday
atm35000144,1455,820,Wednesday
atm35000145,1060,1515,Wednesday
atm35000146,455,80,Wednesday
atm35000147,265,130,Wednesday
atm35000148,1125,330,Wednesday
atm35000149,1160,715,Wednesday
atm35000150,1520,745,Wednesday
atm35000151,30,250,Wednesday
atm35000152,425,680,Wednesday
atm35000153,1520,1125,Wednesday
atm35000154,500,1040,Wednesday
atm35000155,0,420,Wednesday
atm35000156,5,750,Wednesday
atm35000157,245,145,Wednesday
atm35000158,945,205,Wednesday
atm35000159,710,635,Wednesday
atm35000160,500,1035,Wednesday
atm35000161,1320,0,Wednesday
atm35000162,125,410,Wednesday
atm35000163,840,790,Wednesday
atm35000164,490,890,Wednesday
atm35000165,505,325,Wednesday
atm35000166,1450,325,Wednesday
atm35000167,5460,5375,Wednesday
atm35000168,6315,5050,Wednesday
atm35000169,475,1245,Wednesday
atm35000170,660,355,Wednesday
atm35000171,925,0,Wednesday
atm35000172,1010,240,Wednesday
atm35000173,5,375,Wednesday
atm35000174,670,455,Wednesday
atm35000175,1215,20,Wednesday
atm35000176,5,335,Wednesday
atm35000177,695,1695,Wednesday
atm35000178,1160,725,Wednesday
atm35000179,1140,560,Wednesday
atm35000180,250,80,Wednesday
atm35000181,1235,550,Wednesday
atm35000182,1125,1160,Wednesday
atm35000183,610,505,Wednesday
atm35000184,400,615,Wednesday
atm35000185,815,805,Wednesday
atm35000186,750,925,Wednesday
atm35000187,10,105,Wednesday
atm35000188,440,1750,Wednesday
atm35000189,745,600,Wednesday
atm35000190,1165,125,Wednesday
atm35000191,500,355,Wednesday
atm35000192,460,1215,Wednesday
atm35000193,615,515,Wednesday
atm35000194,450,10,Wednesday
atm35000195,610,780,Wednesday
atm35000196,995,1510,Wednesday
atm35000197,1180,850,Wednesday
atm35000198,775,230,Wednesday
atm35000199,365,0,Wednesday
atm35000200,1420,1285,Wednesday
atm35000201,130,385,Wednesday
atm35000202,670,850,Wednesday
atm35000203,680,1730,Wednesday
atm35000204,885,560,Wednesday
atm35000205,480,1075,Wednesday
atm35000206,5265,5665,Wednesday
atm35000207,570,450,Wednesday
atm35000208,875,1120,Wednesday
atm35000209,5,390,Wednesday
atm35000210,1010,915,Wednesday
atm35000211,10,100,Wednesday
atm35000212,180,1460,Wednesday
atm35000213,410,1005,Wednesday
atm35000214,920,270,Wednesday
atm35000215,0,0,Wednesday
atm35000216,1590,675,Wednesday
atm35000217,1550,1000,Wednesday
atm35000218,1145,570,Wednesday
atm35000219,1165,290,Wednesday
atm35000220,210,260,Wednesday
atm35000221,0,345,Wednesday
atm35000222,1810,705,Wednesday
atm35000223,55,1195,Wednesday
atm35000224,720,110,Wednesday
atm35000225,735,545,Wednesday
atm35000226,1090,615,Wednesday
atm35000227,5075,4970,Wednesday
atm35000228,250,790,Wednesday
atm35000229,465,425,Wednesday
atm35000265,785,1180,Wednesday
atm35000266,685,560,Wednesday
atm35000267,220,205,Wednesday
atm35000268,1130,1690,Wednesday
atm35000269,750,1155,Wednesday
atm35000270,715,975,Wednesday
atm35000271,235,80,Wednesday
atm35000272,5830,5625,Wednesday
atm35000273,1510,685,Wednesday
atm35000274,6915,5605,Wednesday
atm35000275,5935,4950,Wednesday
atm35000276,840,955,Wednesday
atm35000277,640,375,Wednesday
atm35000278,1130,725,Wednesday
atm35000279,1225,390,Wednesday
atm35000280,500,475,Wednesday
atm35000281,545,235,Wednesday
atm35000282,165,300,Wednesday
atm35000283,250,735,Wednesday
atm35000284,20,495,Wednesday
atm35000285,1035,305,Wednesday
atm35000286,1380,360,Wednesday
atm35000287,150,730,Wednesday
atm35000288,560,0,Wednesday
atm35000289,0,1195,Wednesday
atm35000290,885,725,Wednesday
atm35000291,980,425,Wednesday
atm35000292,415,350,Wednesday
atm35000293,760,400,Wednesday
atm35000294,590,830,Wednesday
atm35000295,240,20,Wednesday
atm35000296,705,1105,Wednesday
atm35000297,1785,1110,Wednesday
atm35000298,100,425,Wednesday
atm35000299,265,0,Wednesday
atm35000300,65,770,Wednesday
atm35000301,230,780,Wednesday
atm35000302,225,100,Wednesday
atm35000303,1150,970,Wednesday
atm35000304,690,970,Wednesday
atm35000305,710,880,Wednesday
atm35000306,1095,1175,Wednesday
atm35000307,0,315,Wednesday
atm35000308,435,910,Wednesday
atm35000309,0,950,Wednesday
atm35000310,820,435,Wednesday
atm35000311,690,205,Wednesday
atm35000312,980,360,Wednesday
atm35000313,680,780,Wednesday
atm35000314,4130,5630,Wednesday
atm35000315,470,245,Wednesday
atm35000316,430,495,Wednesday
atm35000317,4740,5800,Wednesday
atm35000318,1260,0,Wednesday
atm35000319,840,0,Wednesday
atm35000320,340,1090,Wednesday
atm35000321,250,890,Wednesday
atm35000322,270,260,Wednesday
atm35000323,0,620,Wednesday
atm35000324,110,430,Wednesday
atm35000325,1375,530,Wednesday
atm35000326,810,910,Wednesday
atm35000327,760,105,Wednesday
atm35000328,450,135,Wednesday
atm35000329,0,1305,Wednesday
atm35000330,0,0,Wednesday
atm35000331,890,125,Wednesday
atm35000332,340,1375,Wednesday
atm35000333,425,1095,Wednesday
atm35000334,300,1295,Wednesday
atm35000335,825,210,Wednesday
atm35000336,1015,325,Wednesday
atm35000337,260,135,Wednesday
atm35000338,170,0,Wednesday
atm35000339,3975,4505,Wednesday
atm35000340,1195,705,Wednesday
atm35000341,965,1100,Wednesday
atm35000342,170,1485,Wednesday
atm35000343,1635,265,Wednesday
atm35000344,380,835,Wednesday
atm35000345,1050,5,Wednesday
atm35000346,305,235,Wednesday
atm35000347,355,950,Wednesday
atm35000348,1060,290,Wednesday
atm35000349,410,1080,Wednesday
atm35000350,105,440,Wednesday
atm35000351,520,1400,Wednesday
atm35000352,1185,970,Wednesday
atm35000353,325,420,Wednesday
atm35000354,315,380,Wednesday
atm35000355,960,50,Wednesday
atm35000356,3635,7120,Wednesday
atm35000357,1340,200,Wednesday
atm35000358,1125,390,Wednesday
atm0,0,0,Wednesday
atm350001,3085,6225,Wednesday
atm350002,5335,3595,Wednesday
atm350003,3205,4495,Wednesday
atm350004,4390,5585,Wednesday
atm350005,2820,3120,Wednesday
atm350006,3070,5920,Wednesday
atm350007,3780,5475,Wednesday
atm350008,3500,4350,Wednesday
atm350009,6090,5135,Wednesday
atm3500010,3945,5450,Wednesday
atm3500011,3735,5075,Wednesday
atm3500012,5250,5925,Wednesday
atm3500013,3865,3830,Wednesday
atm3500014,6890,6375,Wednesday
atm3500015,6085,5320,Wednesday
atm3500016,2135,5915,Wednesday
atm3500017,3760,5425,Wednesday
atm3500018,3610,5145,Wednesday
atm3500019,4910,5020,Wednesday
atm3500020,5170,5380,Wednesday
atm3500021,4525,5060,Wednesday
atm3500022,3745,6480,Wednesday
atm3500023,7050,6185,Wednesday
atm3500024,6110,6170,Wednesday
atm3500025,5685,2795,Wednesday
atm3500026,4375,5360,Wednesday
atm3500027,2535,6510,Wednesday
atm3500028,3635,3450,Wednesday
atm3500029,6200,5105,Wednesday
atm3500030,3300,4240,Wednesday
atm3500031,3725,2950,Wednesday
atm3500032,3285,3895,Wednesday
atm3500033,4665,6605,Wednesday
atm3500034,3520,6505,Wednesday
atm3500035,2235,5435,Wednesday
atm3500062,4175,5625,Wednesday
atm3500063,1810,4835,Wednesday
atm3500064,5215,5630,Wednesday
atm3500065,4425,2895,Wednesday
atm35000230,5130,2590,Wednesday
atm35000231,3490,3570,Wednesday
atm35000232,2235,5490,Wednesday
atm35000233,2640,5560,Wednesday
atm35000234,5375,5260,Wednesday
atm35000235,6260,4630,Wednesday
atm35000236,5250,3195,Wednesday
atm35000237,4400,6015,Wednesday
atm35000238,2945,6290,Wednesday
atm35000239,4175,5570,Wednesday
atm35000240,5515,6520,Wednesday
atm35000241,5375,4555,Wednesday
atm35000242,2605,4240,Wednesday
atm35000243,2795,5955,Wednesday
atm35000244,5750,6620,Wednesday
atm35000245,5350,4275,Wednesday
atm35000246,5760,5100,Wednesday
atm35000247,3115,3140,Wednesday
atm35000248,2590,3605,Wednesday
atm35000249,2685,2750,Wednesday
atm35000250,4460,4885,Wednesday
atm35000251,5880,6875,Wednesday
atm35000252,4735,4560,Wednesday
atm35000253,2925,6360,Wednesday
atm35000254,6105,4445,Wednesday
atm35000255,3885,6435,Wednesday
atm35000256,2470,5855,Wednesday
atm35000257,4755,4495,Wednesday
atm35000258,4520,4735,Wednesday
atm35000259,6955,4745,Wednesday
atm35000260,6100,4520,Wednesday
atm35000261,4050,2890,Wednesday
atm35000262,3920,3835,Wednesday
atm35000263,3670,4320,Wednesday
atm35000264,6030,3645,Wednesday
atm3500036,3110,3575,Wednesday
atm3500037,4895,5415,Wednesday
atm3500038,2035,3365,Wednesday
atm3500039,2630,3505,Wednesday
atm3500040,4360,5310,Wednesday
atm3500041,3225,6060,Wednesday
atm3500042,4470,4575,Wednesday
atm3500043,6670,3215,Wednesday
atm3500044,7190,3875,Wednesday
atm3500045,5135,3425,Wednesday
atm3500046,3880,4940,Wednesday
atm3500047,6650,6215,Wednesday
atm3500048,3590,5270,Wednesday
atm3500049,1110,5640,Wednesday
atm3500050,2740,5135,Wednesday
atm3500051,3725,3210,Wednesday
atm3500052,4655,3280,Wednesday
atm3500053,2745,4070,Wednesday
atm3500054,4490,3735,Wednesday
atm3500055,3705,6305,Wednesday
atm3500056,5455,5545,Wednesday
atm3500057,3820,5845,Wednesday
atm3500058,2640,3305,Wednesday
atm3500059,4515,6220,Wednesday
atm3500060,3660,4930,Wednesday
atm3500061,3745,4875,Wednesday
atm3500066,4790,6310,Wednesday
atm3500067,2350,6725,Wednesday
atm3500068,5945,4770,Wednesday
atm3500069,3755,5380,Wednesday
atm3500070,4880,3345,Wednesday
atm3500071,1925,3690,Wednesday
atm3500072,3785,5920,Wednesday
atm3500073,4345,6820,Wednesday
atm3500074,5845,3110,Wednesday
atm3500075,6560,3630,Wednesday
atm3500076,6065,5505,Wednesday
atm3500077,4915,6020,Wednesday
atm3500078,4325,5395,Wednesday
atm3500079,4045,4975,Wednesday
atm3500080,2910,7490,Wednesday
atm3500081,5540,3110,Wednesday
atm3500082,6155,3370,Wednesday
atm3500083,4270,4840,Wednesday
atm3500084,4805,5200,Wednesday
atm3500085,2520,4925,Wednesday
atm3500086,4865,3910,Wednesday
atm3500087,5245,5530,Wednesday
atm3500088,5740,6535,Wednesday
atm3500089,4725,6335,Wednesday
atm3500090,1955,4580,Wednesday
atm3500091,6920,5360,Wednesday
atm3500092,4180,4910,Wednesday
atm3500093,1970,3515,Wednesday
atm3500094,2970,6545,Wednesday
atm3500095,5905,5930,Wednesday
atm3500096,7170,5245,Wednesday
atm3500097,3115,6850,Wednesday
atm3500098,2625,4565,Wednesday
atm3500099,6335,3970,Wednesday
atm35000100,3105,4980,Wednesday
atm35000101,3680,4250,Wednesday
atm35000102,5245,2825,Wednesday
atm35000103,2275,2980,Wednesday
atm35000104,5130,2245,Wednesday
atm35000105,2715,5880,Wednesday
atm35000106,5205,4875,Wednesday
atm35000107,5400,5070,Wednesday
atm35000108,2425,5510,Wednesday
atm35000109,5675,5385,Wednesday
atm35000110,4785,6250,Wednesday
atm35000111,2485,5930,Wednesday
atm35000112,5300,4145,Wednesday
atm35000113,6705,3595,Wednesday
atm35000114,2775,3740,Wednesday
atm35000115,2885,3135,Wednesday
atm35000116,3630,4865,Wednesday
atm35000117,2060,4435,Wednesday
atm35000118,2590,5255,Wednesday
atm35000119,5750,4380,Wednesday
atm35000120,3065,6430,Wednesday
atm35000121,4990,5525,Wednesday
atm35000122,5800,5685,Wednesday
atm35000123,3080,3355,Wednesday
atm35000124,5645,5980,Wednesday
atm35000125,4605,3950,Wednesday
atm35000126,3375,6035,Wednesday
atm35000127,3745,3315,Wednesday
atm35000128,6460,4095,Wednesday
atm35000129,6195,6245,Wednesday
atm35000130,4040,2930,Wednesday
atm35000131,2230,4980,Wednesday
atm35000132,3000,5910,Wednesday
atm35000133,5300,4640,Wednesday
atm35000134,3965,4800,Wednesday
atm35000135,3680,5295,Wednesday
atm35000136,2195,5805,Wednesday
atm35000137,6620,5405,Wednesday
atm35000138,4540,3270,Wednesday
atm35000139,5585,5375,Wednesday
atm35000140,3095,5590,Wednesday
atm35000141,6315,4770,Wednesday
atm35000142,4040,5865,Wednesday
atm35000143,5240,5400,Wednesday
atm35000144,4205,6215,Wednesday
atm35000145,2340,3950,Wednesday
atm35000146,3535,4320,Wednesday
atm35000147,2485,6090,Wednesday
atm35000148,5715,4575,Wednesday
atm35000149,5025,6250,Wednesday
atm35000150,4085,4140,Wednesday
atm35000151,5965,3645,Wednesday
atm35000152,4405,5790,Wednesday
atm35000153,3065,4720,Wednesday
atm35000154,4215,5045,Wednesday
atm35000155,3155,4760,Wednesday
atm35000156,6350,5520,Wednesday
atm35000157,2230,5560,Wednesday
atm35000158,3760,3630,Wednesday
atm35000159,3920,4980,Wednesday
atm35000160,3295,4320,Wednesday
atm35000161,6470,5210,Wednesday
atm35000162,6750,4650,Wednesday
atm35000163,4135,6465,Wednesday
atm35000164,2845,6145,Wednesday
atm35000165,1310,3360,Wednesday
atm35000166,4150,6905,Wednesday
atm35000167,5835,6885,Wednesday
atm35000168,5605,6060,Wednesday
atm35000169,3010,3135,Wednesday
atm35000170,4520,4210,Wednesday
atm35000171,2615,5300,Wednesday
atm35000172,5575,3525,Wednesday
atm35000173,2365,4195,Wednesday
atm35000174,3180,4710,Wednesday
atm35000175,2435,6135,Wednesday
atm35000176,3400,3385,Wednesday
atm35000177,6765,3655,Wednesday
atm35000178,6325,3950,Wednesday
atm35000179,4355,2895,Wednesday
atm35000180,5640,5425,Wednesday
atm35000181,3300,3675,Wednesday
atm35000182,3295,5075,Wednesday
atm35000183,5145,4075,Wednesday
atm35000184,3955,5790,Wednesday
atm35000185,3305,5200,Wednesday
atm35000186,4450,4585,Wednesday
atm35000187,5955,4155,Wednesday
atm35000188,4350,2860,Wednesday
atm35000189,5075,6455,Wednesday
atm35000190,4685,4885,Wednesday
atm35000191,4155,3305,Wednesday
atm35000192,5095,4615,Wednesday
atm35000193,6475,5235,Wednesday
atm35000194,4560,6170,Wednesday
atm35000195,5315,4795,Wednesday
atm35000196,6725,4050,Wednesday
atm35000197,2850,4805,Wednesday
atm35000198,3805,5975,Wednesday
atm35000199,5345,4895,Wednesday
atm35000200,4470,5305,Wednesday
atm35000201,4765,3390,Wednesday
atm35000202,2265,4040,Wednesday
atm35000203,2035,7425,Wednesday
atm35000204,5420,5460,Wednesday
atm35000205,4525,3770,Wednesday
atm35000206,3895,6100,Wednesday
atm35000207,3440,4595,Wednesday
atm35000208,5780,4465,Wednesday
atm35000209,5350,5110,Wednesday
atm35000210,4955,6375,Wednesday
atm35000211,6450,4715,Wednesday
atm35000212,3435,3270,Wednesday
atm35000213,5770,3680,Wednesday
atm35000214,3970,4465,Wednesday
atm35000215,4340,2680,Wednesday
atm35000216,2525,5390,Wednesday
atm35000217,4150,6835,Wednesday
atm35000218,4760,4295,Wednesday
atm35000219,4360,3295,Wednesday
atm35000220,5860,2910,Wednesday
atm35000221,3800,5370,Wednesday
atm35000222,3375,4230,Wednesday
atm35000223,4155,4720,Wednesday
atm35000224,5760,6200,Wednesday
atm35000225,5995,3990,Wednesday
atm35000226,2950,6735,Wednesday
atm35000227,6345,5140,Wednesday
atm35000228,6665,3735,Wednesday
atm35000229,5700,3075,Wednesday
atm35000265,4065,2210,Wednesday
atm35000266,2460,4105,Wednesday
atm35000267,1610,3830,Wednesday
atm35000268,5790,6660,Wednesday
atm35000269,3075,4695,Wednesday
atm35000270,3170,3630,Wednesday
atm35000271,4845,4810,Wednesday
atm35000272,5690,6475,Wednesday
atm35000273,2010,4005,Wednesday
atm35000274,6205,5615,Wednesday
atm35000275,3945,6695,Wednesday
atm35000276,6155,4990,Wednesday
atm35000277,2360,3145,Wednesday
atm35000278,3690,6245,Wednesday
atm35000279,1890,5395,Wednesday
atm35000280,2605,4875,Wednesday
atm35000281,5715,3855,Wednesday
atm35000282,4285,5695,Wednesday
atm35000283,4045,4790,Wednesday
atm35000284,4310,3300,Wednesday
atm35000285,2415,6850,Wednesday
atm35000286,2705,5300,Wednesday
atm35000287,5625,4070,Wednesday
atm35000288,2635,6285,Wednesday
atm35000289,6500,4745,Wednesday
atm35000290,1350,6030,Wednesday
atm35000291,4845,4105,Wednesday
atm35000292,6295,3255,Wednesday
atm35000293,3935,6100,Wednesday
atm35000294,6525,4100,Wednesday
atm35000295,3250,3990,Wednesday
atm35000296,2305,4465,Wednesday
atm35000297,2700,4190,Wednesday
atm35000298,3065,3660,Wednesday
atm35000299,2185,6070,Wednesday
atm35000300,3700,6005,Wednesday
atm35000301,2930,5930,Wednesday
atm35000302,2895,4670,Wednesday
atm35000303,2890,5515,Wednesday
atm35000304,4690,4590,Wednesday
atm35000305,2165,6070,Wednesday
atm35000306,5340,5265,Wednesday
atm35000307,3065,4355,Wednesday
atm35000308,3070,4180,Wednesday
atm35000309,2395,4260,Wednesday
atm35000310,5255,5310,Wednesday
atm35000311,4075,5675,Wednesday
atm35000312,4930,3520,Wednesday
atm35000313,3220,5530,Wednesday
atm35000314,5185,6380,Wednesday
atm35000315,5420,4345,Wednesday
atm35000316,7010,5710,Wednesday
atm35000317,5530,3710,Wednesday
atm35000318,6500,5915,Wednesday
atm35000319,4140,6630,Wednesday
atm35000320,6775,4670,Wednesday
atm35000321,4140,3245,Wednesday
atm35000322,1740,2125,Wednesday
atm35000323,4740,6175,Wednesday
atm35000324,5900,6730,Wednesday
atm35000325,1550,6535,Wednesday
atm35000326,2265,5560,Wednesday
atm35000327,4825,6810,Wednesday
atm35000328,2555,3475,Wednesday
atm35000329,3395,2905,Wednesday
atm35000330,5665,3635,Wednesday
atm35000331,6295,4470,Wednesday
atm35000332,4565,4275,Wednesday
atm35000333,1540,5315,Wednesday
atm35000334,1725,5960,Wednesday
atm35000335,3380,5100,Wednesday
atm35000336,5450,6110,Wednesday
atm35000337,3305,2955,Wednesday
atm35000338,2575,5645,Wednesday
atm35000339,5895,5745,Wednesday
atm35000340,4190,5275,Wednesday
atm35000341,4845,4560,Wednesday
atm35000342,5850,5880,Wednesday
atm35000343,5680,3625,Wednesday
atm35000344,4490,3710,Wednesday
atm35000345,4495,4285,Wednesday
atm35000346,3560,3475,Wednesday
atm35000347,6235,5020,Wednesday
atm35000348,4595,4195,Wednesday
atm35000349,2255,3600,Wednesday
atm35000350,6040,4390,Wednesday
atm35000351,3110,6585,Wednesday
atm35000352,6870,3500,Wednesday
atm35000353,3950,6720,Wednesday
atm35000354,2600,5925,Wednesday
atm35000355,5310,6140,Wednesday
atm35000356,4965,5280,Wednesday
atm35000357,4815,5090,Wednesday
atm35000358,6445,5300,Wednesday
atm0,0,0,Wednesday
atm350001,4520,6490,Wednesday
atm350002,3995,5585,Wednesday
atm350003,3580,4485,Wednesday
atm350004,5685,7030,Wednesday
atm350005,4625,4810,Wednesday
atm350006,2965,3095,Wednesday
atm350007,6370,3155,Wednesday
atm350008,5375,3710,Wednesday
atm350009,2095,6805,Wednesday
atm3500010,5340,7085,Wednesday
atm3500011,1900,3225,Wednesday
atm3500012,2690,3625,Wednesday
atm3500013,3250,3015,Wednesday
atm3500014,5620,3675,Wednesday
atm3500015,3610,4490,Wednesday
atm3500016,2740,4060,Wednesday
atm3500017,4000,5555,Wednesday
atm3500018,4435,4595,Wednesday
atm3500019,3510,6350,Wednesday
atm3500020,1315,5290,Wednesday
atm3500021,3480,5745,Wednesday
atm3500022,2525,4935,Wednesday
atm3500023,6340,5020,Wednesday
atm3500024,5720,4205,Wednesday
atm3500025,2470,4785,Wednesday
atm3500026,2850,4685,Wednesday
atm3500027,2335,2785,Wednesday
atm3500028,6315,4005,Wednesday
atm3500029,4660,4330,Wednesday
atm3500030,3275,3580,Wednesday
atm3500031,2435,5450,Wednesday
atm3500032,3475,5860,Wednesday
atm3500033,4735,3255,Wednesday
atm3500034,3660,5220,Wednesday
atm3500035,7080,2845,Wednesday
atm3500062,2825,6080,Wednesday
atm3500063,3575,5025,Wednesday
atm3500064,5155,3240,Wednesday
atm3500065,4755,5990,Wednesday
atm35000230,5010,3510,Wednesday
atm35000231,3245,5340,Wednesday
atm35000232,4515,5220,Wednesday
atm35000233,4625,4805,Wednesday
atm35000234,1935,6200,Wednesday
atm35000235,2000,3415,Wednesday
atm35000236,6170,6020,Wednesday
atm35000237,3660,3525,Wednesday
atm35000238,2860,4880,Wednesday
atm35000239,3445,6030,Wednesday
atm35000240,2630,6340,Wednesday
atm35000241,2695,5400,Wednesday
atm35000242,5245,4835,Wednesday
atm35000243,6770,5545,Wednesday
atm35000244,3430,5850,Wednesday
atm35000245,6010,4600,Wednesday
atm35000246,2415,5025,Wednesday
atm35000247,1550,4430,Wednesday
atm35000248,6000,5160,Wednesday
atm35000249,2850,3310,Wednesday
atm35000250,4045,6320,Wednesday
atm35000251,6180,4045,Wednesday
atm35000252,4755,3175,Wednesday
atm35000253,5215,5565,Wednesday
atm35000254,2815,2365,Wednesday
atm35000255,2730,5655,Wednesday
atm35000256,5400,6060,Wednesday
atm35000257,6255,5575,Wednesday
atm35000258,1705,5600,Wednesday
atm35000259,5875,3970,Wednesday
atm35000260,4405,6280,Wednesday
atm35000261,2880,6990,Wednesday
atm35000262,5235,4995,Wednesday
atm35000263,3500,5430,Wednesday
atm35000264,4720,3415,Wednesday
atm3500036,3385,4175,Wednesday
atm3500037,3090,5030,Wednesday
atm3500038,5355,3815,Wednesday
atm3500039,3720,6010,Wednesday
atm3500040,6275,3985,Wednesday
atm3500041,1400,4875,Wednesday
atm3500042,3740,4740,Wednesday
atm3500043,2685,3245,Wednesday
atm3500044,4215,4110,Wednesday
atm3500045,5705,3875,Wednesday
atm3500046,3640,5180,Wednesday
atm3500047,5355,3275,Wednesday
atm3500048,4490,5250,Wednesday
atm3500049,2120,4785,Wednesday
atm3500050,4285,5440,Wednesday
atm3500051,3355,4440,Wednesday
atm3500052,6225,4390,Wednesday
atm3500053,5660,5645,Wednesday
atm3500054,2710,4185,Wednesday
atm3500055,3975,5230,Wednesday
atm3500056,5115,5150,Wednesday
atm3500057,3205,5175,Wednesday
atm3500058,4025,5495,Wednesday
atm3500059,4305,4985,Wednesday
atm3500060,4005,5760,Wednesday
atm3500061,6210,3705,Wednesday
atm3500066,6010,7240,Wednesday
atm3500067,3595,4825,Wednesday
atm3500068,2010,5670,Wednesday
atm3500069,2450,6920,Wednesday
atm3500070,4925,4560,Wednesday
atm3500071,1935,5215,Wednesday
atm3500072,4370,3380,Wednesday
atm3500073,3925,4165,Wednesday
atm3500074,6150,5260,Wednesday
atm3500075,3175,4165,Wednesday
atm3500076,5230,6110,Wednesday
atm3500077,4435,3335,Wednesday
atm3500078,3165,5745,Wednesday
atm3500079,4235,7485,Wednesday
atm3500080,4725,5700,Wednesday
atm3500081,6395,4835,Wednesday
atm3500082,1945,5780,Wednesday
atm3500083,3430,4590,Wednesday
atm3500084,2210,3490,Wednesday
atm3500085,4260,5065,Wednesday
atm3500086,4735,5005,Wednesday
atm3500087,5205,5260,Wednesday
atm3500088,3350,3470,Wednesday
atm3500089,5160,5260,Wednesday
atm3500090,1580,6395,Wednesday
atm3500091,3545,3565,Wednesday
atm3500092,5260,4420,Wednesday
atm3500093,4685,2890,Wednesday
atm3500094,4410,4320,Wednesday
atm3500095,2210,5370,Wednesday
atm3500096,1690,4335,Wednesday
atm3500097,4980,6335,Wednesday
atm3500098,2745,6690,Wednesday
atm3500099,4100,5275,Wednesday
atm35000100,4280,6080,Wednesday
atm35000101,4825,5330,Wednesday
atm35000102,6595,5130,Wednesday
atm35000103,5275,4000,Wednesday
atm35000104,2850,6325,Wednesday
atm35000105,2690,4375,Wednesday
atm35000106,2590,5120,Wednesday
atm35000107,5190,4185,Wednesday
atm35000108,3100,4930,Wednesday
atm35000109,4860,2770,Wednesday
atm35000110,2430,7010,Wednesday
atm35000111,3090,4550,Wednesday
atm35000112,4550,4125,Wednesday
atm35000113,2390,5635,Wednesday
atm35000114,5525,5160,Wednesday
atm35000115,1985,5240,Wednesday
atm35000116,4175,4525,Wednesday
atm35000117,2215,3745,Wednesday
atm35000118,2395,3740,Wednesday
atm35000119,2840,5665,Wednesday
atm35000120,2975,4860,Wednesday
atm35000121,2290,6670,Wednesday
atm35000122,2880,5425,Wednesday
atm35000123,1445,3960,Wednesday
atm35000124,6415,4685,Wednesday
atm35000125,4420,3775,Wednesday
atm35000126,4765,4390,Wednesday
atm35000127,5205,6815,Wednesday
atm35000128,2315,6190,Wednesday
atm35000129,4725,5690,Wednesday
atm35000130,6810,4505,Wednesday
atm35000131,5430,3090,Wednesday
atm35000132,4715,5530,Wednesday
atm35000133,7050,6845,Wednesday
atm35000134,4530,5230,Wednesday
atm35000135,2555,4895,Wednesday
atm35000136,4335,5925,Wednesday
atm35000137,4760,3990,Wednesday
atm35000138,5095,5585,Wednesday
atm35000139,1990,3960,Wednesday
atm35000140,2075,5070,Wednesday
atm35000141,3730,5455,Wednesday
atm35000142,3460,5835,Wednesday
atm35000143,5700,5440,Wednesday
atm35000144,2290,5550,Wednesday
atm35000145,3170,3505,Wednesday
atm35000146,3100,6665,Wednesday
atm35000147,2650,4520,Wednesday
atm35000148,6430,6100,Wednesday
atm35000149,3120,3640,Wednesday
atm35000150,5135,3780,Wednesday
atm35000151,4435,3560,Wednesday
atm35000152,1885,5010,Wednesday
atm35000153,3340,4090,Wednesday
atm35000154,3980,3500,Wednesday
atm35000155,5190,5180,Wednesday
atm35000156,5165,4360,Wednesday
atm35000157,5345,4750,Wednesday
atm35000158,3980,4315,Wednesday
atm35000159,6490,3720,Wednesday
atm35000160,1985,4050,Wednesday
atm35000161,3320,5685,Wednesday
atm35000162,5195,3980,Wednesday
atm35000163,5780,4105,Wednesday
atm35000164,3925,6795,Wednesday
atm35000165,3725,4975,Wednesday
atm35000166,3430,3925,Wednesday
atm35000167,4465,5910,Wednesday
atm35000168,4170,5370,Wednesday
atm35000169,4580,3755,Wednesday
atm35000170,3605,5850,Wednesday
atm35000171,3385,3545,Wednesday
atm35000172,2630,4175,Wednesday
atm35000173,5030,4570,Wednesday
atm35000174,2110,3700,Wednesday
atm35000175,2090,6440,Wednesday
atm35000176,4605,3935,Wednesday
atm35000177,5150,4075,Wednesday
atm35000178,5720,5365,Wednesday
atm35000179,2140,4345,Wednesday
atm35000180,4160,5735,Wednesday
atm35000181,2455,3965,Wednesday
atm35000182,5705,6355,Wednesday
atm35000183,6715,5460,Wednesday
atm35000184,4145,5560,Wednesday
atm35000185,4300,3465,Wednesday
atm35000186,3930,4810,Wednesday
atm35000187,6370,5495,Wednesday
atm35000188,5975,4835,Wednesday
atm35000189,5445,3825,Wednesday
atm35000190,3980,4275,Wednesday
atm35000191,5985,3470,Wednesday
atm35000192,4635,4895,Wednesday
atm35000193,5130,4760,Wednesday
atm35000194,2495,5210,Wednesday
atm35000195,6065,4875,Wednesday
atm35000196,4835,5625,Wednesday
atm35000197,5975,7015,Wednesday
atm35000198,5740,5390,Wednesday
atm35000199,5010,4900,Wednesday
atm35000200,2940,6895,Wednesday
atm35000201,5730,4335,Wednesday
atm35000202,1685,3715,Wednesday
atm35000203,5795,5300,Wednesday
atm35000204,2135,5335,Wednesday
atm35000205,3805,5800,Wednesday
atm35000206,4425,5195,Wednesday
atm35000207,2715,5795,Wednesday
atm35000208,6205,4465,Wednesday
atm35000209,5390,6150,Wednesday
atm35000210,3345,3890,Wednesday
atm35000211,2620,4760,Wednesday
atm35000212,2205,3690,Wednesday
atm35000213,3020,5300,Wednesday
atm35000214,6425,6365,Wednesday
atm35000215,5535,2555,Wednesday
atm35000216,6000,6280,Wednesday
atm35000217,5805,5235,Wednesday
atm35000218,6235,4945,Wednesday
atm35000219,7065,6280,Wednesday
atm35000220,4670,4655,Wednesday
atm35000221,5940,3260,Wednesday
atm35000222,6120,5350,Wednesday
atm35000223,4510,3285,Wednesday
atm35000224,5950,5010,Wednesday
atm35000225,4065,5130,Wednesday
atm35000226,5040,3880,Wednesday
atm35000227,6405,5705,Wednesday
atm35000228,2560,5095,Wednesday
atm35000229,4040,5595,Wednesday
atm35000265,2050,6140,Wednesday
atm35000266,2350,3545,Wednesday
atm35000267,2310,4015,Wednesday
atm35000268,2925,5810,Wednesday
atm35000269,3335,5810,Wednesday
atm35000270,1620,3755,Wednesday
atm35000271,2625,5180,Wednesday
atm35000272,5160,4695,Wednesday
atm35000273,6575,4350,Wednesday
atm35000274,5015,6130,Wednesday
atm35000275,4425,6095,Wednesday
atm35000276,5590,4295,Wednesday
atm35000277,5430,4470,Wednesday
atm35000278,2895,6415,Wednesday
atm35000279,5855,5295,Wednesday
atm35000280,3500,5755,Wednesday
atm35000281,4730,5185,Wednesday
atm35000282,3800,4900,Wednesday
atm35000283,4615,6035,Wednesday
atm35000284,5530,5180,Wednesday
atm35000285,5480,6295,Wednesday
atm35000286,3015,5740,Wednesday
atm35000287,7165,6085,Wednesday
atm35000288,4165,6880,Wednesday
atm35000289,2825,5655,Wednesday
atm35000290,5215,5095,Wednesday
atm35000291,5440,4815,Wednesday
atm35000292,5370,3675,Wednesday
atm35000293,2555,4140,Wednesday
atm35000294,7585,4415,Wednesday
atm35000295,2425,5200,Wednesday
atm35000296,3310,5360,Wednesday
atm35000297,2195,4515,Wednesday
atm35000298,5795,4665,Wednesday
atm35000299,5600,3765,Wednesday
atm35000300,4380,4850,Wednesday
atm35000301,2295,4125,Wednesday
atm35000302,6630,4225,Wednesday
atm35000303,4145,2890,Wednesday
atm35000304,4325,3640,Wednesday
atm35000305,4590,4635,Wednesday
atm35000306,2485,6505,Wednesday
atm35000307,2075,4490,Wednesday
atm35000308,5140,3735,Wednesday
atm35000309,4660,6265,Wednesday
atm35000310,2800,5150,Wednesday
atm35000311,5295,5495,Wednesday
atm35000312,3890,3875,Wednesday
atm35000313,4560,4505,Wednesday
atm35000314,5295,6620,Wednesday
atm35000315,3630,3645,Wednesday
atm35000316,1885,6340,Wednesday
atm35000317,5255,4700,Wednesday
atm35000318,3300,3785,Wednesday
atm35000319,5930,6355,Wednesday
atm35000320,3510,3260,Wednesday
atm35000321,6020,5245,Wednesday
atm35000322,3220,6305,Wednesday
atm35000323,5085,5630,Wednesday
atm35000324,5130,3640,Wednesday
atm35000325,4845,3005,Wednesday
atm35000326,7720,4605,Wednesday
atm35000327,4215,5260,Wednesday
atm35000328,4340,5090,Wednesday
atm35000329,2330,2725,Wednesday
atm35000330,2690,5045,Wednesday
atm35000331,5975,5835,Wednesday
atm35000332,4995,6535,Wednesday
atm35000333,3940,5585,Wednesday
atm35000334,3295,3890,Wednesday
atm35000335,2865,4910,Wednesday
atm35000336,2690,4215,Wednesday
atm35000337,3690,4445,Wednesday
atm35000338,4460,6025,Wednesday
atm35000339,6385,5250,Wednesday
atm35000340,3325,4315,Wednesday
atm35000341,2045,5270,Wednesday
atm35000342,5095,3035,Wednesday
atm35000343,4815,3915,Wednesday
atm35000344,4895,4310,Wednesday
atm35000345,7485,4700,Wednesday
atm35000346,5200,5130,Wednesday
atm35000347,2960,5025,Wednesday
atm35000348,3850,4145,Wednesday
atm35000349,4320,3720,Wednesday
atm35000350,5465,6825,Wednesday
atm35000351,2875,4550,Wednesday
atm35000352,5700,5675,Wednesday
atm35000353,5460,4350,Wednesday
atm35000354,5015,4415,Wednesday
atm35000355,4590,6445,Wednesday
atm35000356,6125,4805,Wednesday
atm35000357,4860,5895,Wednesday
atm35000358,5175,5055,Wednesday
atm0,0,0,Wednesday
atm350001,3235,5025,Wednesday
atm350002,4450,3795,Wednesday
atm350003,5390,6010,Wednesday
atm350004,2050,5570,Wednesday
atm350005,4150,3780,Wednesday
atm350006,4110,6660,Wednesday
atm350007,5960,5610,Wednesday
atm350008,5550,2840,Wednesday
atm350009,4135,3310,Wednesday
atm3500010,5110,5120,Wednesday
atm3500011,2630,4675,Wednesday
atm3500012,6775,4885,Wednesday
atm3500013,6220,5105,Wednesday
atm3500014,3905,4720,Wednesday
atm3500015,5535,4540,Wednesday
atm3500016,5865,4730,Wednesday
atm3500017,6210,6415,Wednesday
atm3500018,2830,3725,Wednesday
atm3500019,4195,5795,Wednesday
atm3500020,3450,4540,Wednesday
atm3500021,1865,2505,Wednesday
atm3500022,2095,3295,Wednesday
atm3500023,1860,3570,Wednesday
atm3500024,4290,4825,Wednesday
atm3500025,4205,6075,Wednesday
atm3500026,2360,5465,Wednesday
atm3500027,5480,5965,Wednesday
atm3500028,6375,4095,Wednesday
atm3500029,2935,5860,Wednesday
atm3500030,2195,4390,Wednesday
atm3500031,6035,3520,Wednesday
atm3500032,3590,5350,Wednesday
atm3500033,4695,4640,Wednesday
atm3500034,5515,3250,Wednesday
atm3500035,3730,7145,Wednesday
atm3500062,2570,2260,Wednesday
atm3500063,5420,6315,Wednesday
atm3500064,3565,4190,Wednesday
atm3500065,6075,2810,Wednesday
atm35000230,3475,6815,Wednesday
atm35000231,2410,5650,Wednesday
atm35000232,2880,4560,Wednesday
atm35000233,3840,5130,Wednesday
atm35000234,5660,6440,Wednesday
atm35000235,3990,6675,Wednesday
atm35000236,6340,5885,Wednesday
atm35000237,5735,4020,Wednesday
atm35000238,5140,3520,Wednesday
atm35000239,2745,5595,Wednesday
atm35000240,6015,3610,Wednesday
atm35000241,4185,4570,Wednesday
atm35000242,2035,5745,Wednesday
atm35000243,5660,4850,Wednesday
atm35000244,4875,2850,Wednesday
atm35000245,4005,3280,Wednesday
atm35000246,4810,7280,Wednesday
atm35000247,4670,4000,Wednesday
atm35000248,2065,5365,Wednesday
atm35000249,3645,5330,Wednesday
atm35000250,5645,5015,Wednesday
atm35000251,2895,5440,Wednesday
atm35000252,2825,4520,Wednesday
atm35000253,1800,4290,Wednesday
atm35000254,2100,4030,Wednesday
atm35000255,2855,6465,Wednesday
atm35000256,4890,3220,Wednesday
atm35000257,2435,3845,Wednesday
atm35000258,6630,3355,Wednesday
atm35000259,5785,4340,Wednesday
atm35000260,4310,2965,Wednesday
atm35000261,2050,5440,Wednesday
atm35000262,2295,5380,Wednesday
atm35000263,2690,5870,Wednesday
atm35000264,3700,4815,Wednesday
atm3500036,3275,4505,Wednesday
atm3500037,4700,6450,Wednesday
atm3500038,7525,5150,Wednesday
atm3500039,3145,4610,Wednesday
atm3500040,2195,6015,Wednesday
atm3500041,2320,5130,Wednesday
atm3500042,2665,4150,Wednesday
atm3500043,6330,5175,Wednesday
atm3500044,2375,6090,Wednesday
atm3500045,5060,4475,Wednesday
atm3500046,2750,5780,Wednesday
atm3500047,4990,4855,Wednesday
atm3500048,5845,5620,Wednesday
atm3500049,2030,7710,Wednesday
atm3500050,2915,6305,Wednesday
atm3500051,6045,5165,Wednesday
atm3500052,4970,4685,Wednesday
atm3500053,4965,4710,Wednesday
atm3500054,4130,5130,Wednesday
atm3500055,6265,4500,Wednesday
atm3500056,6510,5285,Wednesday
atm3500057,4855,3760,Wednesday
atm3500058,5560,4570,Wednesday
atm3500059,6660,3480,Wednesday
atm3500060,6875,4035,Wednesday
atm3500061,2340,4675,Wednesday
atm3500066,3060,6735,Wednesday
atm3500067,3765,5580,Wednesday
atm3500068,2620,4815,Wednesday
atm3500069,5265,4565,Wednesday
atm3500070,1710,5290,Wednesday
atm3500071,3465,4940,Wednesday
atm3500072,3695,4765,Wednesday
atm3500073,2830,3795,Wednesday
atm3500074,5795,4670,Wednesday
atm3500075,3115,3855,Wednesday
atm3500076,6435,6325,Wednesday
atm3500077,4265,6890,Wednesday
atm3500078,4610,6310,Wednesday
atm3500079,3890,2940,Wednesday
atm3500080,4085,6275,Wednesday
atm3500081,5360,4255,Wednesday
atm3500082,5405,4545,Wednesday
atm3500083,6400,6630,Wednesday
atm3500084,2645,4515,Wednesday
atm3500085,2005,3315,Wednesday
atm3500086,6525,3500,Wednesday
atm3500087,4620,5690,Wednesday
atm3500088,3285,3425,Wednesday
atm3500089,2235,7125,Wednesday
atm3500090,3070,4160,Wednesday
atm3500091,3040,3865,Wednesday
atm3500092,3690,3710,Wednesday
atm3500093,4770,7070,Wednesday
atm3500094,2300,8125,Wednesday
atm3500095,5000,4040,Wednesday
atm3500096,1900,3970,Wednesday
atm3500097,2670,4760,Wednesday
atm3500098,4985,3240,Wednesday
atm3500099,6565,4985,Wednesday
atm35000100,5090,5095,Wednesday
atm35000101,2815,5115,Wednesday
atm35000102,4395,5030,Wednesday
atm35000103,5645,6375,Wednesday
atm35000104,2555,3605,Wednesday
atm35000105,3445,5655,Wednesday
atm35000106,4805,4105,Wednesday
atm35000107,2990,4775,Wednesday
atm35000108,4325,5120,Wednesday
atm35000109,4445,5020,Wednesday
atm35000110,6325,5145,Wednesday
atm35000111,2625,4040,Wednesday
atm35000112,4960,5425,Wednesday
atm35000113,2355,4995,Wednesday
atm35000114,4975,5730,Wednesday
atm35000115,5380,4090,Wednesday
atm35000116,5250,3975,Wednesday
atm35000117,4635,4605,Wednesday
atm35000118,2250,6320,Wednesday
atm35000119,4925,6545,Wednesday
atm35000120,4160,6050,Wednesday
atm35000121,3260,6350,Wednesday
atm35000122,3370,3170,Wednesday
atm35000123,1790,5280,Wednesday
atm35000124,5315,6115,Wednesday
atm35000125,2325,3905,Wednesday
atm35000126,5010,3680,Wednesday
atm35000127,1965,3295,Wednesday
atm35000128,5900,3950,Wednesday
atm35000129,5095,4965,Wednesday
atm35000130,5210,6590,Wednesday
atm35000131,3535,4780,Wednesday
atm35000132,2420,3120,Wednesday
atm35000133,2135,5055,Wednesday
atm35000134,3700,4810,Wednesday
atm35000135,3405,4080,Wednesday
atm35000136,2280,3535,Wednesday
atm35000137,2015,3460,Wednesday
atm35000138,1925,4650,Wednesday
atm35000139,4595,4560,Wednesday
atm35000140,5210,4675,Wednesday
atm35000141,5010,7500,Wednesday
atm35000142,3080,4700,Wednesday
atm35000143,4410,3725,Wednesday
atm35000144,4080,3870,Wednesday
atm35000145,2060,4160,Wednesday
atm35000146,2100,4740,Wednesday
atm35000147,6905,5585,Wednesday
atm35000148,3690,4500,Wednesday
atm35000149,2280,5270,Wednesday
atm35000150,1430,2865,Wednesday
atm35000151,5505,4205,Wednesday
atm35000152,6565,4060,Wednesday
atm35000153,2625,4220,Wednesday
atm35000154,2735,3340,Wednesday
atm35000155,2555,3570,Wednesday
atm35000156,6415,6480,Wednesday
atm35000157,2210,2330,Wednesday
atm35000158,2775,4865,Wednesday
atm35000159,4245,5875,Wednesday
atm35000160,3465,4465,Wednesday
atm35000161,1505,4530,Wednesday
atm35000162,6375,6280,Wednesday
atm35000163,2170,6790,Wednesday
atm35000164,2745,5730,Wednesday
atm35000165,3880,5140,Wednesday
atm35000166,6000,2950,Wednesday
atm35000167,6520,3470,Wednesday
atm35000168,3980,6180,Wednesday
atm35000169,6105,4065,Wednesday
atm35000170,2985,5740,Wednesday
atm35000171,5965,4270,Wednesday
atm35000172,4835,5465,Wednesday
atm35000173,4550,4070,Wednesday
atm35000174,1760,6025,Wednesday
atm35000175,2685,5075,Wednesday
atm35000176,4365,3760,Wednesday
atm35000177,2610,3795,Wednesday
atm35000178,4015,5675,Wednesday
atm35000179,1930,5130,Wednesday
atm35000180,3895,5335,Wednesday
atm35000181,3240,4890,Wednesday
atm35000182,5510,5305,Wednesday
atm35000183,5100,3370,Wednesday
atm35000184,2190,5290,Wednesday
atm35000185,2300,3120,Wednesday
atm35000186,3060,6400,Wednesday
atm35000187,4795,5550,Wednesday
atm35000188,2600,3550,Wednesday
atm35000189,6880,3755,Wednesday
atm35000190,4715,4995,Wednesday
atm35000191,2290,5090,Wednesday
atm35000192,4275,5840,Wednesday
atm35000193,2340,6040,Wednesday
atm35000194,4500,5160,Wednesday
atm35000195,2270,4815,Wednesday
atm35000196,4590,2930,Wednesday
atm35000197,6120,3600,Wednesday
atm35000198,2670,6800,Wednesday
atm35000199,2365,6230,Wednesday
atm35000200,3420,6140,Wednesday
atm35000201,3380,3155,Wednesday
atm35000202,3240,4250,Wednesday
atm35000203,4420,5210,Wednesday
atm35000204,5755,4645,Wednesday
atm35000205,3725,4975,Wednesday
atm35000206,6175,4765,Wednesday
atm35000207,6020,4715,Wednesday
atm35000208,5555,3585,Wednesday
atm35000209,6200,5635,Wednesday
atm35000210,6145,3005,Wednesday
atm35000211,2840,4000,Wednesday
atm35000212,5450,6335,Wednesday
atm35000213,5995,5065,Wednesday
atm35000214,6005,4525,Wednesday
atm35000215,2680,4370,Wednesday
atm35000216,3625,4170,Wednesday
atm35000217,2915,5120,Wednesday
atm35000218,3255,3875,Wednesday
atm35000219,2270,2580,Wednesday
atm35000220,6440,6010,Wednesday
atm35000221,6035,4445,Wednesday
atm35000222,3500,5480,Wednesday
atm35000223,5845,6570,Wednesday
atm35000224,4490,5725,Wednesday
atm35000225,5970,5395,Wednesday
atm35000226,3150,5550,Wednesday
atm35000227,4530,5280,Wednesday
atm35000228,4435,3870,Wednesday
atm35000229,3505,4630,Wednesday
atm35000265,5200,5120,Wednesday
atm35000266,5500,5970,Wednesday
atm35000267,2085,3085,Wednesday
atm35000268,1850,6175,Wednesday
atm35000269,4225,3565,Wednesday
atm35000270,2405,3940,Wednesday
atm35000271,5395,3715,Wednesday
atm35000272,3905,4485,Wednesday
atm35000273,4945,5455,Wednesday
atm35000274,5890,5830,Wednesday
atm35000275,5020,5545,Wednesday
atm35000276,1845,4685,Wednesday
atm35000277,4455,2840,Wednesday
atm35000278,2295,7590,Wednesday
atm35000279,3535,3880,Wednesday
atm35000280,5840,4400,Wednesday
atm35000281,4915,5710,Wednesday
atm35000282,5590,4545,Wednesday
atm35000283,2995,6085,Wednesday
atm35000284,4960,5430,Wednesday
atm35000285,3810,3305,Wednesday
atm35000286,4230,6250,Wednesday
atm35000287,3640,3750,Wednesday
atm35000288,3285,5695,Wednesday
atm35000289,2190,3860,Wednesday
atm35000290,2215,3470,Wednesday
atm35000291,5305,5260,Wednesday
atm35000292,6235,2855,Wednesday
atm35000293,2200,2815,Wednesday
atm35000294,2765,4520,Wednesday
atm35000295,7315,6180,Wednesday
atm35000296,4840,5195,Wednesday
atm35000297,2605,5520,Wednesday
atm35000298,1775,4890,Wednesday
atm35000299,5080,3880,Wednesday
atm35000300,1760,7105,Wednesday
atm35000301,3530,6515,Wednesday
atm35000302,2150,3735,Wednesday
atm35000303,3630,4720,Wednesday
atm35000304,2255,5065,Wednesday
atm35000305,5270,3870,Wednesday
atm35000306,2300,6105,Wednesday
atm35000307,2640,3205,Wednesday
atm35000308,5485,6785,Wednesday
atm35000309,1555,6550,Wednesday
atm35000310,4285,4815,Wednesday
atm35000311,5705,5430,Wednesday
atm35000312,6810,4240,Wednesday
atm35000313,2260,4130,Wednesday
atm35000314,4385,6020,Wednesday
atm35000315,4330,5115,Wednesday
atm35000316,5395,4910,Wednesday
atm35000317,5670,6730,Wednesday
atm35000318,3385,4925,Wednesday
atm35000319,4300,5830,Wednesday
atm35000320,4595,4245,Wednesday
atm35000321,3410,4135,Wednesday
atm35000322,5745,5115,Wednesday
atm35000323,5870,4300,Wednesday
atm35000324,3400,5305,Wednesday
atm35000325,3360,6060,Wednesday
atm35000326,4270,4945,Wednesday
atm35000327,2745,3390,Wednesday
atm35000328,4140,3395,Wednesday
atm35000329,3890,4320,Wednesday
atm35000330,5020,2875,Wednesday
atm35000331,4955,3405,Wednesday
atm35000332,2725,3380,Wednesday
atm35000333,3445,5105,Wednesday
atm35000334,3700,3650,Wednesday
atm35000335,5725,3885,Wednesday
atm35000336,6235,2415,Wednesday
atm35000337,2250,4635,Wednesday
atm35000338,7375,3300,Wednesday
atm35000339,5305,5265,Wednesday
atm35000340,4895,5570,Wednesday
atm35000341,2305,4120,Wednesday
atm35000342,6460,6045,Wednesday
atm35000343,1560,6565,Wednesday
atm35000344,4020,3160,Wednesday
atm35000345,4620,4855,Wednesday
atm35000346,4995,5405,Wednesday
atm35000347,3720,2955,Wednesday
atm35000348,4985,5815,Wednesday
atm35000349,2800,3995,Wednesday
atm35000350,6795,5700,Wednesday
atm35000351,4590,3570,Wednesday
atm35000352,6320,5475,Wednesday
atm35000353,3120,6615,Wednesday
atm35000354,3785,4165,Wednesday
atm35000355,4790,5985,Wednesday
atm35000356,4965,5930,Wednesday
atm35000357,3060,5540,Wednesday
atm35000358,1565,3980,Wednesday
atm0,0,0,Wednesday
atm350001,5150,3845,Wednesday
atm350002,4550,5170,Wednesday
atm350003,4630,5695,Wednesday
atm350004,3375,3455,Wednesday
atm350005,3580,6135,Wednesday
atm350006,3035,3250,Wednesday
atm350007,5890,3090,Wednesday
atm350008,4000,5690,Wednesday
atm350009,4215,4940,Wednesday
atm3500010,4150,4140,Wednesday
atm3500011,3225,3950,Wednesday
atm3500012,2845,4705,Wednesday
atm3500013,4430,4240,Wednesday
atm3500014,1840,5690,Wednesday
atm3500015,4695,4545,Wednesday
atm3500016,4915,4890,Wednesday
atm3500017,3880,5865,Wednesday
atm3500018,5915,3910,Wednesday
atm3500019,2725,4625,Wednesday
atm3500020,3280,3265,Wednesday
atm3500021,3710,5020,Wednesday
atm3500022,2305,3030,Wednesday
atm3500023,6150,7150,Wednesday
atm3500024,2225,6525,Wednesday
atm3500025,3075,5405,Wednesday
atm3500026,6215,5515,Wednesday
atm3500027,3860,5425,Wednesday
atm3500028,3775,4470,Wednesday
atm3500029,1910,6780,Wednesday
atm3500030,2870,4115,Wednesday
atm3500031,5515,4745,Wednesday
atm3500032,4095,5275,Wednesday
atm3500033,3845,4825,Wednesday
atm3500034,2975,6115,Wednesday
atm3500035,3395,4005,Wednesday
atm3500062,4045,3670,Wednesday
atm3500063,6060,5145,Wednesday
atm3500064,5080,5215,Wednesday
atm3500065,5170,5950,Wednesday
atm35000230,4210,5875,Wednesday
atm35000231,6630,5790,Wednesday
atm35000232,4695,6390,Wednesday
atm35000233,5140,4745,Wednesday
atm35000234,2540,3905,Wednesday
atm35000235,4630,5635,Wednesday
atm35000236,3335,5315,Wednesday
atm35000237,3780,3925,Wednesday
atm35000238,5200,5420,Wednesday
atm35000239,5245,6135,Wednesday
atm35000240,2765,5770,Wednesday
atm35000241,2800,4555,Wednesday
atm35000242,4125,6015,Wednesday
atm35000243,5470,5695,Wednesday
atm35000244,4080,6300,Wednesday
atm35000245,2565,3500,Wednesday
atm35000246,2355,4190,Wednesday
atm35000247,4655,5745,Wednesday
atm35000248,7525,5455,Wednesday
atm35000249,6285,6275,Wednesday
atm35000250,2960,2820,Wednesday
atm35000251,5510,4590,Wednesday
atm35000252,5385,3030,Wednesday
atm35000253,6165,3075,Wednesday
atm35000254,2245,5045,Wednesday
atm35000255,4875,3925,Wednesday
atm35000256,4925,3100,Wednesday
atm35000257,5975,4185,Wednesday
atm35000258,5105,6280,Wednesday
atm35000259,4310,3095,Wednesday
atm35000260,4275,6120,Wednesday
atm35000261,4820,5820,Wednesday
atm35000262,3655,3230,Wednesday
atm35000263,2595,3700,Wednesday
atm35000264,3450,5630,Wednesday
atm3500036,1430,2955,Wednesday
atm3500037,5040,6350,Wednesday
atm3500038,2860,5135,Wednesday
atm3500039,6000,5295,Wednesday
atm3500040,2120,5895,Wednesday
atm3500041,5095,4735,Wednesday
atm3500042,5735,5140,Wednesday
atm3500043,2820,4205,Wednesday
atm3500044,3070,5770,Wednesday
atm3500045,4350,3465,Wednesday
atm3500046,1985,4515,Wednesday
atm3500047,3240,5230,Wednesday
atm3500048,3535,4160,Wednesday
atm3500049,4015,6125,Wednesday
atm3500050,1540,5410,Wednesday
atm3500051,6130,5255,Wednesday
atm3500052,4670,2495,Wednesday
atm3500053,2665,6095,Wednesday
atm3500054,6295,5340,Wednesday
atm3500055,6055,5625,Wednesday
atm3500056,3905,5810,Wednesday
atm3500057,5880,4585,Wednesday
atm3500058,4835,4600,Wednesday
atm3500059,3480,4170,Wednesday
atm3500060,5770,3885,Wednesday
atm3500061,2015,4475,Wednesday
atm3500066,2420,5420,Wednesday
atm3500067,3460,2905,Wednesday
atm3500068,3745,5420,Wednesday
atm3500069,3885,7435,Wednesday
atm3500070,3370,5015,Wednesday
atm3500071,2430,5415,Wednesday
atm3500072,3900,4555,Wednesday
atm3500073,3195,3190,Wednesday
atm3500074,6405,3585,Wednesday
atm3500075,5300,6445,Wednesday
atm3500076,5490,4595,Wednesday
atm3500077,4070,4930,Wednesday
atm3500078,5860,6165,Wednesday
atm3500079,3735,5615,Wednesday
atm3500080,5770,3455,Wednesday
atm3500081,6210,4985,Wednesday
atm3500082,4155,5110,Wednesday
atm3500083,5725,5745,Wednesday
atm3500084,5060,5895,Wednesday
atm3500085,3310,6540,Wednesday
atm3500086,4820,6210,Wednesday
atm3500087,5555,5680,Wednesday
atm3500088,4560,3930,Wednesday
atm3500089,5705,2925,Wednesday
atm3500090,4980,4365,Wednesday
atm3500091,3665,2950,Wednesday
atm3500092,5260,3720,Wednesday
atm3500093,5505,5475,Wednesday
atm3500094,5725,5140,Wednesday
atm3500095,2015,5165,Wednesday
atm3500096,6605,3470,Wednesday
atm3500097,2535,5815,Wednesday
atm3500098,4145,3320,Wednesday
atm3500099,4315,3680,Wednesday
atm35000100,1660,6280,Wednesday
atm35000101,3830,5260,Wednesday
atm35000102,2880,5365,Wednesday
atm35000103,2965,5865,Wednesday
atm35000104,5165,3185,Wednesday
atm35000105,3445,3475,Wednesday
atm35000106,3425,4700,Wednesday
atm35000107,4675,4740,Wednesday
atm35000108,2990,5280,Wednesday
atm35000109,6075,4365,Wednesday
atm35000110,1630,6220,Wednesday
atm35000111,3945,5825,Wednesday
atm35000112,4200,7200,Wednesday
atm35000113,3555,6380,Wednesday
atm35000114,4160,5470,Wednesday
atm35000115,3965,3115,Wednesday
atm35000116,4325,5415,Wednesday
atm35000117,4440,6440,Wednesday
atm35000118,6075,4955,Wednesday
atm35000119,4070,5660,Wednesday
atm35000120,3190,5730,Wednesday
atm35000121,2750,4665,Wednesday
atm35000122,4015,5455,Wednesday
atm35000123,5295,4680,Wednesday
atm35000124,5400,5185,Wednesday
atm35000125,3850,4395,Wednesday
atm35000126,3320,4920,Wednesday
atm35000127,4355,6070,Wednesday
atm35000128,7610,3155,Wednesday
atm35000129,3705,6800,Wednesday
atm35000130,4990,4565,Wednesday
atm35000131,5645,5965,Wednesday
atm35000132,6215,4920,Wednesday
atm35000133,5205,5195,Wednesday
atm35000134,6165,5045,Wednesday
atm35000135,1755,6015,Wednesday
atm35000136,2155,5275,Wednesday
atm35000137,2525,4200,Wednesday
atm35000138,5245,3390,Wednesday
atm35000139,6085,3235,Wednesday
atm35000140,4140,4990,Wednesday
atm35000141,4255,3585,Wednesday
atm35000142,5685,5090,Wednesday
atm35000143,2640,5260,Wednesday
atm35000144,5475,3775,Wednesday
atm35000145,4010,6220,Wednesday
atm35000146,3730,5005,Wednesday
atm35000147,2700,2330,Wednesday
atm35000148,2820,6280,Wednesday
atm35000149,6695,5695,Wednesday
atm35000150,3655,5560,Wednesday
atm35000151,7635,3735,Wednesday
atm35000152,2910,3285,Wednesday
atm35000153,2270,2900,Wednesday
atm35000154,3630,3200,Wednesday
atm35000155,1905,4865,Wednesday
atm35000156,2245,3745,Wednesday
atm35000157,2900,4730,Wednesday
atm35000158,2310,6310,Wednesday
atm35000159,3895,5770,Wednesday
atm35000160,2840,5215,Wednesday
atm35000161,5645,4385,Wednesday
atm35000162,6120,4820,Wednesday
atm35000163,3790,6505,Wednesday
atm35000164,2630,5180,Wednesday
atm35000165,3275,6450,Wednesday
atm35000166,4020,5665,Wednesday
atm35000167,5665,4090,Wednesday
atm35000168,4405,5875,Wednesday
atm35000169,3480,4240,Wednesday
atm35000170,4320,4110,Wednesday
atm35000171,6430,4575,Wednesday
atm35000172,7050,4000,Wednesday
atm35000173,4770,3035,Wednesday
atm35000174,2705,4680,Wednesday
atm35000175,4800,4130,Wednesday
atm35000176,5925,4915,Wednesday
atm35000177,4155,3515,Wednesday
atm35000178,5065,5840,Wednesday
atm35000179,6105,4120,Wednesday
atm35000180,5485,5950,Wednesday
atm35000181,2495,6190,Wednesday
atm35000182,6000,5465,Wednesday
atm35000183,3345,5765,Wednesday
atm35000184,3915,3470,Wednesday
atm35000185,5520,3485,Wednesday
atm35000186,5530,4600,Wednesday
atm35000187,2085,4005,Wednesday
atm35000188,5625,3120,Wednesday
atm35000189,3340,4365,Wednesday
atm35000190,4155,4470,Wednesday
atm35000191,6555,5660,Wednesday
atm35000192,4325,5085,Wednesday
atm35000193,6425,6690,Wednesday
atm35000194,3315,2770,Wednesday
atm35000195,5490,3760,Wednesday
atm35000196,3710,6850,Wednesday
atm35000197,3530,5745,Wednesday
atm35000198,2430,5755,Wednesday
atm35000199,4380,4500,Wednesday
atm35000200,3015,6235,Wednesday
atm35000201,3260,4260,Wednesday
atm35000202,5855,3380,Wednesday
atm35000203,2055,3935,Wednesday
atm35000204,1860,5240,Wednesday
atm35000205,6375,4360,Wednesday
atm35000206,4945,5375,Wednesday
atm35000207,6315,4010,Wednesday
atm35000208,3545,4650,Wednesday
atm35000209,4855,5685,Wednesday
atm35000210,5585,6325,Wednesday
atm35000211,2935,5930,Wednesday
atm35000212,1470,3790,Wednesday
atm35000213,3890,3730,Wednesday
atm35000214,2895,5950,Wednesday
atm35000215,4415,4060,Wednesday
atm35000216,5185,5915,Wednesday
atm35000217,3425,6380,Wednesday
atm35000218,4725,5500,Wednesday
atm35000219,3435,5115,Wednesday
atm35000220,4895,3060,Wednesday
atm35000221,3025,4880,Wednesday
atm35000222,2915,3745,Wednesday
atm35000223,4880,4880,Wednesday
atm35000224,4030,3850,Wednesday
atm35000225,6035,4130,Wednesday
atm35000226,2870,3390,Wednesday
atm35000227,3805,5205,Wednesday
atm35000228,3125,4270,Wednesday
atm35000229,7825,4260,Wednesday
atm35000265,2455,4135,Wednesday
atm35000266,1570,4015,Wednesday
atm35000267,2325,3750,Wednesday
atm35000268,6225,4165,Wednesday
atm35000269,3325,3105,Wednesday
atm35000270,4530,2595,Wednesday
atm35000271,3230,3725,Wednesday
atm35000272,5535,5585,Wednesday
atm35000273,1600,4360,Wednesday
atm35000274,5060,4635,Wednesday
atm35000275,4995,4585,Wednesday
atm35000276,1850,4200,Wednesday
atm35000277,4285,5445,Wednesday
atm35000278,3800,5925,Wednesday
atm35000279,5145,3065,Wednesday
atm35000280,1810,5295,Wednesday
atm35000281,3250,4405,Wednesday
atm35000282,6585,4915,Wednesday
atm35000283,3175,5700,Wednesday
atm35000284,4115,5265,Wednesday
atm35000285,2665,3495,Wednesday
atm35000286,2135,3595,Wednesday
atm35000287,2745,5265,Wednesday
atm35000288,4575,4705,Wednesday
atm35000289,6240,3855,Wednesday
atm35000290,1890,5640,Wednesday
atm35000291,5100,3865,Wednesday
atm35000292,3685,4570,Wednesday
atm35000293,3980,4205,Wednesday
atm35000294,4730,5155,Wednesday
atm35000295,6175,5355,Wednesday
atm35000296,4915,4420,Wednesday
atm35000297,4340,4580,Wednesday
atm35000298,5150,7090,Wednesday
atm35000299,2635,4915,Wednesday
atm35000300,4615,4825,Wednesday
atm35000301,5205,3720,Wednesday
atm35000302,5240,6655,Wednesday
atm35000303,3410,4590,Wednesday
atm35000304,4160,4710,Wednesday
atm35000305,4070,5505,Wednesday
atm35000306,5790,5140,Wednesday
atm35000307,3040,5390,Wednesday
atm35000308,5505,3845,Wednesday
atm35000309,3560,5110,Wednesday
atm35000310,3045,7950,Wednesday
atm35000311,5925,5255,Wednesday
atm35000312,2100,4260,Wednesday
atm35000313,4895,3965,Wednesday
atm35000314,3595,4585,Wednesday
atm35000315,2600,5980,Wednesday
atm35000316,4180,3215,Wednesday
atm35000317,5915,5605,Wednesday
atm35000318,4030,4180,Wednesday
atm35000319,3475,5965,Wednesday
atm35000320,3595,5565,Wednesday
atm35000321,5565,3205,Wednesday
atm35000322,3740,5565,Wednesday
atm35000323,3560,5420,Wednesday
atm35000324,2245,4650,Wednesday
atm35000325,2070,4365,Wednesday
atm35000326,4775,6195,Wednesday
atm35000327,4510,4960,Wednesday
atm35000328,6050,4195,Wednesday
atm35000329,4705,5925,Wednesday
atm35000330,4660,3475,Wednesday
atm35000331,4495,3725,Wednesday
atm35000332,5570,4995,Wednesday
atm35000333,2775,5525,Wednesday
atm35000334,3020,5195,Wednesday
atm35000335,4245,3110,Wednesday
atm35000336,4275,2955,Wednesday
atm35000337,4465,5235,Wednesday
atm35000338,2250,5840,Wednesday
atm35000339,4895,5280,Wednesday
atm35000340,5050,3825,Wednesday
atm35000341,4805,4430,Wednesday
atm35000342,5845,3675,Wednesday
atm35000343,3080,3690,Wednesday
atm35000344,6090,3930,Wednesday
atm35000345,4965,5740,Wednesday
atm35000346,4105,6115,Wednesday
atm35000347,3500,4140,Wednesday
atm35000348,4880,5995,Wednesday
atm35000349,2815,2550,Wednesday
atm35000350,3460,5915,Wednesday
atm35000351,4285,4580,Wednesday
atm35000352,6160,2795,Wednesday
atm35000353,4700,4860,Wednesday
atm35000354,2540,7165,Wednesday
atm35000355,4370,5450,Wednesday
atm35000356,6320,5905,Wednesday
atm35000357,3220,3170,Wednesday
atm35000358,2620,5980,Wednesday
atm0,0,0,Wednesday
atm350001,4860,5730,Wednesday
atm350002,5435,5640,Wednesday
atm350003,1845,4440,Wednesday
atm350004,4470,7445,Wednesday
atm350005,4010,3340,Wednesday
atm350006,3435,5020,Wednesday
atm350007,4750,3715,Wednesday
atm350008,4220,6585,Wednesday
atm350009,5865,6565,Wednesday
atm3500010,6350,5555,Wednesday
atm3500011,5940,4990,Wednesday
atm3500012,3375,4155,Wednesday
atm3500013,2705,3730,Wednesday
atm3500014,4345,2365,Wednesday
atm3500015,3825,3265,Wednesday
atm3500016,3010,3920,Wednesday
atm3500017,3600,6170,Wednesday
atm3500018,4565,4550,Wednesday
atm3500019,4200,6660,Wednesday
atm3500020,6335,6860,Wednesday
atm3500021,6100,3495,Wednesday
atm3500022,6555,5590,Wednesday
atm3500023,4050,6295,Wednesday
atm3500024,2810,5605,Wednesday
atm3500025,3960,4975,Wednesday
atm3500026,4095,4440,Wednesday
atm3500027,2550,4040,Wednesday
atm3500028,2400,5475,Wednesday
atm3500029,5035,5095,Wednesday
atm3500030,4225,5080,Wednesday
atm3500031,6445,7345,Wednesday
atm3500032,7700,5500,Wednesday
atm3500033,3155,3980,Wednesday
atm3500034,6060,3320,Wednesday
atm3500035,7105,3315,Wednesday
atm3500062,3695,5025,Wednesday
atm3500063,5755,4465,Wednesday
atm3500064,5090,5695,Wednesday
atm3500065,4920,4735,Wednesday
atm35000230,6880,5820,Wednesday
atm35000231,1835,4670,Wednesday
atm35000232,5610,5125,Wednesday
atm35000233,3625,5205,Wednesday
atm35000234,6240,6285,Wednesday
atm35000235,2625,3105,Wednesday
atm35000236,4865,6310,Wednesday
atm35000237,3505,5225,Wednesday
atm35000238,2080,3710,Wednesday
atm35000239,3005,3815,Wednesday
atm35000240,3925,4765,Wednesday
atm35000241,3090,6305,Wednesday
atm35000242,4190,3290,Wednesday
atm35000243,4065,5355,Wednesday
atm35000244,2570,3130,Wednesday
atm35000245,5085,4905,Wednesday
atm35000246,2355,3180,Wednesday
atm35000247,1545,5610,Wednesday
atm35000248,3875,5090,Wednesday
atm35000249,6090,5575,Wednesday
atm35000250,3495,3195,Wednesday
atm35000251,4755,5685,Wednesday
atm35000252,2510,3860,Wednesday
atm35000253,5590,6740,Wednesday
atm35000254,2315,5325,Wednesday
atm35000255,3030,5100,Wednesday
atm35000256,2915,7155,Wednesday
atm35000257,7095,5680,Wednesday
atm35000258,4015,4745,Wednesday
atm35000259,1750,4100,Wednesday
atm35000260,2480,7210,Wednesday
atm35000261,3830,5040,Wednesday
atm35000262,3980,3565,Wednesday
atm35000263,5605,4150,Wednesday
atm35000264,4980,8190,Wednesday
atm3500036,5570,3755,Wednesday
atm3500037,4585,4485,Wednesday
atm3500038,4485,7430,Wednesday
atm3500039,2980,5070,Wednesday
atm3500040,4530,5115,Wednesday
atm3500041,5435,5365,Wednesday
atm3500042,2425,6550,Wednesday
atm3500043,3750,4590,Wednesday
atm3500044,1980,6090,Wednesday
atm3500045,4615,3085,Wednesday
atm3500046,7680,5275,Wednesday
atm3500047,4725,4165,Wednesday
atm3500048,3580,4840,Wednesday
atm3500049,5755,6090,Wednesday
atm3500050,6620,4880,Wednesday
atm3500051,4910,6735,Wednesday
atm3500052,5940,6210,Wednesday
atm3500053,4135,4135,Wednesday
atm3500054,2180,5495,Wednesday
atm3500055,4315,2430,Wednesday
atm3500056,6670,5600,Wednesday
atm3500057,3655,4735,Wednesday
atm3500058,3175,6315,Wednesday
atm3500059,3620,3265,Wednesday
atm3500060,3435,4745,Wednesday
atm3500061,2655,4175,Wednesday
atm3500066,5510,4535,Wednesday
atm3500067,6950,5950,Wednesday
atm3500068,5530,5965,Wednesday
atm3500069,2595,7400,Wednesday
atm3500070,3785,6390,Wednesday
atm3500071,5025,5360,Wednesday
atm3500072,5660,5035,Wednesday
atm3500073,3700,5805,Wednesday
atm3500074,3350,4395,Wednesday
atm3500075,2665,5210,Wednesday
atm3500076,5365,5085,Wednesday
atm3500077,5195,5440,Wednesday
atm3500078,4515,5660,Wednesday
atm3500079,3235,3775,Wednesday
atm3500080,3025,3120,Wednesday
atm3500081,6365,5715,Wednesday
atm3500082,1685,4405,Wednesday
atm3500083,4805,5580,Wednesday
atm3500084,2390,6305,Wednesday
atm3500085,3445,3235,Wednesday
atm3500086,1815,3460,Wednesday
atm3500087,6395,5580,Wednesday
atm3500088,3185,5405,Wednesday
atm3500089,6070,3985,Wednesday
atm3500090,2215,5020,Wednesday
atm3500091,5190,5700,Wednesday
atm3500092,7170,4480,Wednesday
atm3500093,2450,4225,Wednesday
atm3500094,5490,4085,Wednesday
atm3500095,3650,6325,Wednesday
atm3500096,3600,5275,Wednesday
atm3500097,2135,6410,Wednesday
atm3500098,4270,5285,Wednesday
atm3500099,6520,6205,Wednesday
atm35000100,3765,4475,Wednesday
atm35000101,3120,4980,Wednesday
atm35000102,2990,3335,Wednesday
atm35000103,3000,6110,Wednesday
atm35000104,2535,5395,Wednesday
atm35000105,3990,5885,Wednesday
atm35000106,2225,3735,Wednesday
atm35000107,2385,3455,Wednesday
atm35000108,6285,5960,Wednesday
atm35000109,2080,3430,Wednesday
atm35000110,4645,3465,Wednesday
atm35000111,4005,3420,Wednesday
atm35000112,2345,3355,Wednesday
atm35000113,3775,4665,Wednesday
atm35000114,4715,5370,Wednesday
atm35000115,2155,5395,Wednesday
atm35000116,5765,3030,Wednesday
atm35000117,3560,5065,Wednesday
atm35000118,6025,3430,Wednesday
atm35000119,3625,5345,Wednesday
atm35000120,4490,5130,Wednesday
atm35000121,5345,5480,Wednesday
atm35000122,3675,3650,Wednesday
atm35000123,3345,4455,Wednesday
atm35000124,4270,4210,Wednesday
atm35000125,4170,3530,Wednesday
atm35000126,3860,5300,Wednesday
atm35000127,2175,5910,Wednesday
atm35000128,2460,4075,Wednesday
atm35000129,2680,5025,Wednesday
atm35000130,5095,3535,Wednesday
atm35000131,3805,5645,Wednesday
atm35000132,5490,3320,Wednesday
atm35000133,5470,3500,Wednesday
atm35000134,4120,4815,Wednesday
atm35000135,1705,5075,Wednesday
atm35000136,5030,4420,Wednesday
atm35000137,3475,3670,Wednesday
atm35000138,4330,5665,Wednesday
atm35000139,4675,6900,Wednesday
atm35000140,6015,3750,Wednesday
atm35000141,6020,5935,Wednesday
atm35000142,4495,3430,Wednesday
atm35000143,2555,5320,Wednesday
atm35000144,2840,4695,Wednesday
atm35000145,5055,5805,Wednesday
atm35000146,4050,5120,Wednesday
atm35000147,3380,3765,Wednesday
atm35000148,2115,4755,Wednesday
atm35000149,3235,6870,Wednesday
atm35000150,4720,3635,Wednesday
atm35000151,4995,3650,Wednesday
atm35000152,4220,3100,Wednesday
atm35000153,2590,4270,Wednesday
atm35000154,3760,4585,Wednesday
atm35000155,3030,6850,Wednesday
atm35000156,6490,6860,Wednesday
atm35000157,5035,3265,Wednesday
atm35000158,6340,4585,Wednesday
atm35000159,2485,3800,Wednesday
atm35000160,4775,6385,Wednesday
atm35000161,5160,5075,Wednesday
atm35000162,2285,4655,Wednesday
atm35000163,2310,4645,Wednesday
atm35000164,2125,4410,Wednesday
atm35000165,4835,5760,Wednesday
atm35000166,2495,5560,Wednesday
atm35000167,5240,5395,Wednesday
atm35000168,7040,5010,Wednesday
atm35000169,5370,3370,Wednesday
atm35000170,4165,4420,Wednesday
atm35000171,3125,4830,Wednesday
atm35000172,5595,2480,Wednesday
atm35000173,3460,5360,Wednesday
atm35000174,2455,4830,Wednesday
atm35000175,2300,7030,Wednesday
atm35000176,4905,5635,Wednesday
atm35000177,5575,4995,Wednesday
atm35000178,5350,4440,Wednesday
atm35000179,5560,3850,Wednesday
atm35000180,5750,3650,Wednesday
atm35000181,3120,4880,Wednesday
atm35000182,2595,3550,Wednesday
atm35000183,6425,4485,Wednesday
atm35000184,2315,3620,Wednesday
atm35000185,6085,5345,Wednesday
atm35000186,6030,6210,Wednesday
atm35000187,3445,5395,Wednesday
atm35000188,3945,5125,Wednesday
atm35000189,5010,5590,Wednesday
atm35000190,6515,7105,Wednesday
atm35000191,4180,4575,Wednesday
atm35000192,3895,5375,Wednesday
atm35000193,5915,5025,Wednesday
atm35000194,3190,6300,Wednesday
atm35000195,5365,6290,Wednesday
atm35000196,6135,6050,Wednesday
atm35000197,2940,4135,Wednesday
atm35000198,3670,4360,Wednesday
atm35000199,2075,5395,Wednesday
atm35000200,2880,5550,Wednesday
atm35000201,6190,5100,Wednesday
atm35000202,3970,7495,Wednesday
atm35000203,4775,6575,Wednesday
atm35000204,4415,4580,Wednesday
atm35000205,2120,4085,Wednesday
atm35000206,4280,5790,Wednesday
atm35000207,4620,3000,Wednesday
atm35000208,2975,4635,Wednesday
atm35000209,1965,3660,Wednesday
atm35000210,2860,3810,Wednesday
atm35000211,2930,3635,Wednesday
atm35000212,5145,6225,Wednesday
atm35000213,2055,3800,Wednesday
atm35000214,3765,6030,Wednesday
atm35000215,6125,5570,Wednesday
atm35000216,4520,3870,Wednesday
atm35000217,2930,4145,Wednesday
atm35000218,3170,3660,Wednesday
atm35000219,6590,6005,Wednesday
atm35000220,4920,5435,Wednesday
atm35000221,6065,4200,Wednesday
atm35000222,5545,5170,Wednesday
atm35000223,4045,5355,Wednesday
atm35000224,5060,6595,Wednesday
atm35000225,2790,5920,Wednesday
atm35000226,4940,5785,Wednesday
atm35000227,5500,4660,Wednesday
atm35000228,5505,5500,Wednesday
atm35000229,2485,5255,Wednesday
atm35000265,3045,4685,Wednesday
atm35000266,3725,4460,Wednesday
atm35000267,5620,5290,Wednesday
atm35000268,1850,3560,Wednesday
atm35000269,4235,5540,Wednesday
atm35000270,5490,5415,Wednesday
atm35000271,5675,4825,Wednesday
atm35000272,6710,5760,Wednesday
atm35000273,6115,5225,Wednesday
atm35000274,7235,5555,Wednesday
atm35000275,5485,5970,Wednesday
atm35000276,4600,3775,Wednesday
atm35000277,1860,4480,Wednesday
atm35000278,3925,4600,Wednesday
atm35000279,5755,3930,Wednesday
atm35000280,2550,5550,Wednesday
atm35000281,6685,3140,Wednesday
atm35000282,2010,3710,Wednesday
atm35000283,4810,2740,Wednesday
atm35000284,6800,3005,Wednesday
atm35000285,5260,4290,Wednesday
atm35000286,3955,6995,Wednesday
atm35000287,3570,5250,Wednesday
atm35000288,6215,4880,Wednesday
atm35000289,3220,7405,Wednesday
atm35000290,5365,4365,Wednesday
atm35000291,2700,5170,Wednesday
atm35000292,7500,5795,Wednesday
atm35000293,4755,3155,Wednesday
atm35000294,6040,5735,Wednesday
atm35000295,4915,6020,Wednesday
atm35000296,2275,3915,Wednesday
atm35000297,5145,2735,Wednesday
atm35000298,7450,5790,Wednesday
atm35000299,4790,3565,Wednesday
atm35000300,5010,3670,Wednesday
atm35000301,4135,5300,Wednesday
atm35000302,3915,5045,Wednesday
atm35000303,5045,6720,Wednesday
atm35000304,4200,4585,Wednesday
atm35000305,3115,4160,Wednesday
atm35000306,5835,4550,Wednesday
atm35000307,6615,5200,Wednesday
atm35000308,2925,4985,Wednesday
atm35000309,5780,3710,Wednesday
atm35000310,3270,8210,Wednesday
atm35000311,4225,3310,Wednesday
atm35000312,3290,3725,Wednesday
atm35000313,4135,5095,Wednesday
atm35000314,5305,4975,Wednesday
atm35000315,5705,4350,Wednesday
atm35000316,6505,5695,Wednesday
atm35000317,5325,5165,Wednesday
atm35000318,3590,3705,Wednesday
atm35000319,5690,3225,Wednesday
atm35000320,6580,7055,Wednesday
atm35000321,2615,3035,Wednesday
atm35000322,4225,4255,Wednesday
atm35000323,2975,6110,Wednesday
atm35000324,4000,6200,Wednesday
atm35000325,5960,4950,Wednesday
atm35000326,5415,4345,Wednesday
atm35000327,6325,5520,Wednesday
atm35000328,3850,4795,Wednesday
atm35000329,3610,4855,Wednesday
atm35000330,2815,4550,Wednesday
atm35000331,3885,6690,Wednesday
atm35000332,5345,4555,Wednesday
atm35000333,2925,5730,Wednesday
atm35000334,2910,3430,Wednesday
atm35000335,6625,5030,Wednesday
atm35000336,3200,4850,Wednesday
atm35000337,6180,4160,Wednesday
atm35000338,2570,6330,Wednesday
atm35000339,6520,6500,Wednesday
atm35000340,4685,4625,Wednesday
atm35000341,4905,5435,Wednesday
atm35000342,5480,4030,Wednesday
atm35000343,6255,3965,Wednesday
atm35000344,4300,4755,Wednesday
atm35000345,2650,5150,Wednesday
atm35000346,5450,4840,Wednesday
atm35000347,5545,5070,Wednesday
atm35000348,2705,4075,Wednesday
atm35000349,2745,5950,Wednesday
atm35000350,3000,5350,Wednesday
atm35000351,5450,3860,Wednesday
atm35000352,2835,6480,Wednesday
atm35000353,6580,5305,Wednesday
atm35000354,2950,3885,Wednesday
atm35000355,5450,4665,Wednesday
atm35000356,4345,6885,Wednesday
atm35000357,3140,3575,Wednesday
atm35000358,5465,3695,Wednesday
atm0,0,0,Wednesday
atm350001,5615,3770,Wednesday
atm350002,4405,6865,Wednesday
atm350003,5195,6155,Wednesday
atm350004,4950,6430,Wednesday
atm350005,5260,5925,Wednesday
atm350006,5025,5780,Wednesday
atm350007,5260,6235,Wednesday
atm350008,3340,5585,Wednesday
atm350009,5960,7020,Wednesday
atm3500010,6565,4715,Wednesday
atm3500011,4605,5130,Wednesday
atm3500012,5555,3900,Wednesday
atm3500013,2645,5070,Wednesday
atm3500014,4885,3705,Wednesday
atm3500015,4120,5825,Wednesday
atm3500016,5740,4300,Wednesday
atm3500017,2240,6345,Wednesday
atm3500018,5395,3645,Wednesday
atm3500019,1785,7145,Wednesday
atm3500020,5670,5915,Wednesday
atm3500021,3610,4665,Wednesday
atm3500022,2405,4360,Wednesday
atm3500023,2325,3825,Wednesday
atm3500024,2290,4550,Wednesday
atm3500025,3925,3865,Wednesday
atm3500026,5790,3330,Wednesday
atm3500027,5245,6975,Wednesday
atm3500028,6165,5130,Wednesday
atm3500029,4260,2940,Wednesday
atm3500030,3935,5070,Wednesday
atm3500031,2665,3455,Wednesday
atm3500032,3430,6500,Wednesday
atm3500033,6490,6140,Wednesday
atm3500034,3010,5130,Wednesday
atm3500035,2945,5840,Wednesday
atm3500062,3930,3330,Wednesday
atm3500063,6055,4040,Wednesday
atm3500064,3635,6990,Wednesday
atm3500065,4160,3460,Wednesday
atm35000230,4715,4370,Wednesday
atm35000231,5090,4380,Wednesday
atm35000232,2630,3015,Wednesday
atm35000233,3020,4365,Wednesday
atm35000234,5005,4265,Wednesday
atm35000235,2360,2905,Wednesday
atm35000236,5115,5625,Wednesday
atm35000237,6225,3765,Wednesday
atm35000238,2700,4280,Wednesday
atm35000239,2055,6860,Wednesday
atm35000240,4360,2875,Wednesday
atm35000241,1590,5910,Wednesday
atm35000242,2625,4170,Wednesday
atm35000243,3950,3735,Wednesday
atm35000244,2535,4805,Wednesday
atm35000245,2290,3580,Wednesday
atm35000246,4790,6475,Wednesday
atm35000247,5180,5540,Wednesday
atm35000248,2735,3830,Wednesday
atm35000249,3605,5370,Wednesday
atm35000250,6220,3745,Wednesday
atm35000251,3840,3330,Wednesday
atm35000252,6335,5290,Wednesday
atm35000253,6165,3715,Wednesday
atm35000254,4540,4335,Wednesday
atm35000255,5350,5325,Wednesday
atm35000256,2510,6900,Wednesday
atm35000257,4675,6855,Wednesday
atm35000258,4965,3145,Wednesday
atm35000259,5890,5210,Wednesday
atm35000260,2525,2560,Wednesday
atm35000261,3310,4635,Wednesday
atm35000262,4790,5120,Wednesday
atm35000263,2765,6060,Wednesday
atm35000264,5870,4795,Wednesday
atm3500036,5855,4515,Wednesday
atm3500037,5120,4425,Wednesday
atm3500038,3250,5870,Wednesday
atm3500039,3700,6475,Wednesday
atm3500040,4915,6085,Wednesday
atm3500041,5890,6635,Wednesday
atm3500042,3260,4470,Wednesday
atm3500043,2375,4055,Wednesday
atm3500044,3925,5900,Wednesday
atm3500045,6255,3525,Wednesday
atm3500046,2990,4820,Wednesday
atm3500047,2415,4090,Wednesday
atm3500048,6330,4900,Wednesday
atm3500049,4065,5170,Wednesday
atm3500050,2280,4965,Wednesday
atm3500051,5395,4270,Wednesday
atm3500052,3225,5835,Wednesday
atm3500053,2470,4680,Wednesday
atm3500054,4175,5935,Wednesday
atm3500055,1515,4360,Wednesday
atm3500056,4235,6530,Wednesday
atm3500057,6910,5990,Wednesday
atm3500058,2440,5855,Wednesday
atm3500059,3420,4220,Wednesday
atm3500060,4720,5810,Wednesday
atm3500061,4235,4815,Wednesday
atm3500066,4470,3295,Wednesday
atm3500067,5150,5045,Wednesday
atm3500068,5145,3445,Wednesday
atm3500069,5585,4610,Wednesday
atm3500070,2505,4700,Wednesday
atm3500071,5595,4205,Wednesday
atm3500072,3075,5680,Wednesday
atm3500073,4810,5220,Wednesday
atm3500074,3945,6395,Wednesday
atm3500075,1310,5950,Wednesday
atm3500076,5000,6045,Wednesday
atm3500077,2415,4870,Wednesday
atm3500078,2590,5200,Wednesday
atm3500079,2235,6435,Wednesday
atm3500080,3795,4730,Wednesday
atm3500081,6260,6220,Wednesday
atm3500082,1805,4325,Wednesday
atm3500083,6650,6305,Wednesday
atm3500084,5095,5840,Wednesday
atm3500085,3990,4375,Wednesday
atm3500086,4350,4655,Wednesday
atm3500087,4670,5620,Wednesday
atm3500088,4840,4850,Wednesday
atm3500089,4695,3825,Wednesday
atm3500090,5790,3960,Wednesday
atm3500091,3440,3810,Wednesday
atm3500092,5470,3445,Wednesday
atm3500093,2270,4575,Wednesday
atm3500094,4595,5225,Wednesday
atm3500095,5235,6150,Wednesday
atm3500096,5405,3080,Wednesday
atm3500097,5520,4630,Wednesday
atm3500098,4950,5310,Wednesday
atm3500099,4085,3755,Wednesday
atm35000100,4155,4305,Wednesday
atm35000101,5025,6495,Wednesday
atm35000102,4205,4575,Wednesday
atm35000103,3460,6085,Wednesday
atm35000104,6485,6670,Wednesday
atm35000105,1600,4345,Wednesday
atm35000106,2535,6300,Wednesday
atm35000107,5035,3525,Wednesday
atm35000108,4725,7190,Wednesday
atm35000109,5435,5905,Wednesday
atm35000110,2390,3800,Wednesday
atm35000111,2370,3895,Wednesday
atm35000112,5030,6555,Wednesday
atm35000113,6800,7640,Wednesday
atm35000114,6285,2980,Wednesday
atm35000115,3530,6580,Wednesday
atm35000116,4845,5860,Wednesday
atm35000117,3205,6960,Wednesday
atm35000118,4880,5165,Wednesday
atm35000119,4750,5680,Wednesday
atm35000120,3105,3195,Wednesday
atm35000121,1750,6285,Wednesday
atm35000122,5175,4415,Wednesday
atm35000123,4680,3980,Wednesday
atm35000124,4970,6355,Wednesday
atm35000125,2145,3075,Wednesday
atm35000126,6500,6080,Wednesday
atm35000127,1785,5910,Wednesday
atm35000128,2580,4665,Wednesday
atm35000129,6035,4720,Wednesday
atm35000130,2310,4100,Wednesday
atm35000131,2535,6005,Wednesday
atm35000132,4175,4370,Wednesday
atm35000133,5860,4875,Wednesday
atm35000134,3060,3440,Wednesday
atm35000135,2450,3055,Wednesday
atm35000136,5585,3225,Wednesday
atm35000137,2455,3320,Wednesday
atm35000138,3285,4070,Wednesday
atm35000139,1965,3470,Wednesday
atm35000140,4145,3865,Wednesday
atm35000141,3900,4965,Wednesday
atm35000142,3525,5080,Wednesday
atm35000143,3585,7000,Wednesday
atm35000144,2675,6905,Wednesday
atm35000145,4045,4680,Wednesday
atm35000146,2540,3830,Wednesday
atm35000147,4365,5815,Wednesday
atm35000148,3815,4390,Wednesday
atm35000149,3980,4555,Wednesday
atm35000150,4520,3395,Wednesday
atm35000151,6465,3910,Wednesday
atm35000152,6105,3610,Wednesday
atm35000153,4155,5925,Wednesday
atm35000154,3690,3325,Wednesday
atm35000155,7075,6290,Wednesday
atm35000156,2160,6750,Wednesday
atm35000157,6400,3465,Wednesday
atm35000158,3095,4830,Wednesday
atm35000159,3855,5175,Wednesday
atm35000160,3090,4770,Wednesday
atm35000161,5185,6350,Wednesday
atm35000162,2525,4895,Wednesday
atm35000163,2745,3865,Wednesday
atm35000164,4655,4800,Wednesday
atm35000165,5820,4340,Wednesday
atm35000166,5245,5375,Wednesday
atm35000167,4980,4995,Wednesday
atm35000168,5245,5225,Wednesday
atm35000169,4480,5795,Wednesday
atm35000170,2965,4965,Wednesday
atm35000171,3150,5445,Wednesday
atm35000172,4585,3955,Wednesday
atm35000173,3290,6205,Wednesday
atm35000174,5350,5710,Wednesday
atm35000175,4395,3735,Wednesday
atm35000176,4645,3985,Wednesday
atm35000177,5330,5985,Wednesday
atm35000178,4805,5225,Wednesday
atm35000179,4540,4660,Wednesday
atm35000180,5735,6465,Wednesday
atm35000181,5180,2960,Wednesday
atm35000182,2540,5780,Wednesday
atm35000183,5090,6095,Wednesday
atm35000184,4185,5085,Wednesday
atm35000185,2035,5070,Wednesday
atm35000186,4530,6090,Wednesday
atm35000187,2545,3555,Wednesday
atm35000188,3650,6840,Wednesday
atm35000189,6020,5410,Wednesday
atm35000190,4490,4380,Wednesday
atm35000191,2975,4910,Wednesday
atm35000192,4800,3090,Wednesday
atm35000193,6855,5750,Wednesday
atm35000194,6080,6420,Wednesday
atm35000195,6255,6105,Wednesday
atm35000196,3365,4830,Wednesday
atm35000197,6360,2500,Wednesday
atm35000198,3320,3855,Wednesday
atm35000199,5845,2905,Wednesday
atm35000200,2035,2950,Wednesday
atm35000201,6365,5905,Wednesday
atm35000202,4665,4025,Wednesday
atm35000203,4925,5830,Wednesday
atm35000204,1635,5900,Wednesday
atm35000205,4750,6800,Wednesday
atm35000206,5625,5805,Wednesday
atm35000207,5310,4470,Wednesday
atm35000208,5565,6295,Wednesday
atm35000209,4120,4330,Wednesday
atm35000210,7245,4910,Wednesday
atm35000211,3345,4450,Wednesday
atm35000212,3305,5230,Wednesday
atm35000213,3105,3735,Wednesday
atm35000214,4595,4095,Wednesday
atm35000215,4400,3950,Wednesday
atm35000216,2605,3535,Wednesday
atm35000217,6435,5130,Wednesday
atm35000218,4010,3825,Wednesday
atm35000219,4030,5805,Wednesday
atm35000220,4715,4295,Wednesday
atm35000221,2305,6125,Wednesday
atm35000222,2865,4580,Wednesday
atm35000223,6205,4660,Wednesday
atm35000224,5540,4255,Wednesday
atm35000225,2135,5340,Wednesday
atm35000226,3975,4390,Wednesday
atm35000227,6090,6580,Wednesday
atm35000228,2460,5815,Wednesday
atm35000229,5825,4960,Wednesday
atm35000265,4245,5605,Wednesday
atm35000266,1820,3805,Wednesday
atm35000267,3820,4105,Wednesday
atm35000268,5670,4345,Wednesday
atm35000269,4285,6155,Wednesday
atm35000270,4610,3840,Wednesday
atm35000271,2750,5350,Wednesday
atm35000272,4605,5730,Wednesday
atm35000273,2500,2680,Wednesday
atm35000274,6985,5785,Wednesday
atm35000275,6675,6290,Wednesday
atm35000276,6365,6310,Wednesday
atm35000277,5755,2655,Wednesday
atm35000278,4950,3795,Wednesday
atm35000279,4925,6170,Wednesday
atm35000280,3275,2540,Wednesday
atm35000281,2705,5650,Wednesday
atm35000282,2165,5010,Wednesday
atm35000283,6495,7155,Wednesday
atm35000284,4440,5065,Wednesday
atm35000285,2275,3415,Wednesday
atm35000286,2735,3940,Wednesday
atm35000287,2695,5840,Wednesday
atm35000288,5795,4440,Wednesday
atm35000289,5170,4920,Wednesday
atm35000290,5120,5495,Wednesday
atm35000291,1390,5175,Wednesday
atm35000292,1320,6095,Wednesday
atm35000293,4740,4495,Wednesday
atm35000294,2240,6715,Wednesday
atm35000295,4930,6595,Wednesday
atm35000296,3100,6585,Wednesday
atm35000297,4240,6535,Wednesday
atm35000298,2700,3865,Wednesday
atm35000299,4245,4725,Wednesday
atm35000300,2975,6000,Wednesday
atm35000301,5055,5825,Wednesday
atm35000302,5240,4870,Wednesday
atm35000303,5695,4295,Wednesday
atm35000304,4260,5975,Wednesday
atm35000305,3355,5785,Wednesday
atm35000306,6735,4135,Wednesday
atm35000307,2605,5470,Wednesday
atm35000308,7435,4760,Wednesday
atm35000309,3160,3475,Wednesday
atm35000310,2250,4660,Wednesday
atm35000311,5500,7125,Wednesday
atm35000312,1910,6115,Wednesday
atm35000313,2215,2445,Wednesday
atm35000314,5955,5725,Wednesday
atm35000315,2010,3915,Wednesday
atm35000316,2920,6010,Wednesday
atm35000317,4165,5290,Wednesday
atm35000318,6255,4010,Wednesday
atm35000319,3840,3270,Wednesday
atm35000320,3210,3060,Wednesday
atm35000321,4890,5090,Wednesday
atm35000322,2380,6110,Wednesday
atm35000323,4625,4730,Wednesday
atm35000324,4425,2865,Wednesday
atm35000325,5340,3500,Wednesday
atm35000326,3570,4125,Wednesday
atm35000327,4430,4075,Wednesday
atm35000328,6040,4185,Wednesday
atm35000329,3140,3865,Wednesday
atm35000330,5530,5700,Wednesday
atm35000331,6275,5230,Wednesday
atm35000332,2810,6320,Wednesday
atm35000333,4280,5145,Wednesday
atm35000334,1880,4505,Wednesday
atm35000335,7320,5545,Wednesday
atm35000336,3665,3885,Wednesday
atm35000337,3345,5125,Wednesday
atm35000338,2095,3740,Wednesday
atm35000339,4795,5405,Wednesday
atm35000340,6035,4515,Wednesday
atm35000341,3510,3445,Wednesday
atm35000342,3850,4275,Wednesday
atm35000343,4595,6710,Wednesday
atm35000344,3070,3560,Wednesday
atm35000345,3410,4875,Wednesday
atm35000346,2515,5435,Wednesday
atm35000347,5600,5570,Wednesday
atm35000348,1460,3650,Wednesday
atm35000349,3205,3615,Wednesday
atm35000350,6580,2840,Wednesday
atm35000351,5025,5185,Wednesday
atm35000352,5600,5350,Wednesday
atm35000353,4605,4810,Wednesday
atm35000354,2030,3745,Wednesday
atm35000355,5575,6495,Wednesday
atm35000356,6615,5580,Wednesday
atm35000357,2695,5115,Wednesday
atm35000358,5920,6630,Wednesday
atm0,0,0,Wednesday
atm350001,6470,5955,Wednesday
atm350002,7340,5200,Wednesday
atm350003,3825,3315,Wednesday
atm350004,1250,3500,Wednesday
atm350005,5425,5770,Wednesday
atm350006,6075,5790,Wednesday
atm350007,3560,5250,Wednesday
atm350008,6410,4685,Wednesday
atm350009,2480,2920,Wednesday
atm3500010,3870,4800,Wednesday
atm3500011,3760,5460,Wednesday
atm3500012,5685,4055,Wednesday
atm3500013,3535,5510,Wednesday
atm3500014,2200,7310,Wednesday
atm3500015,6815,6365,Wednesday
atm3500016,4080,5750,Wednesday
atm3500017,3810,4940,Wednesday
atm3500018,3220,7100,Wednesday
atm3500019,3280,3325,Wednesday
atm3500020,4820,6175,Wednesday
atm3500021,6315,3115,Wednesday
atm3500022,4360,5185,Wednesday
atm3500023,4365,4145,Wednesday
atm3500024,4955,4725,Wednesday
atm3500025,5125,4465,Wednesday
atm3500026,4000,4090,Wednesday
atm3500027,3940,5015,Wednesday
atm3500028,4230,5610,Wednesday
atm3500029,4460,7505,Wednesday
atm3500030,4810,2780,Wednesday
atm3500031,6395,4480,Wednesday
atm3500032,4785,4220,Wednesday
atm3500033,3935,4795,Wednesday
atm3500034,5840,2615,Wednesday
atm3500035,1530,5180,Wednesday
atm3500062,2420,5925,Wednesday
atm3500063,4895,4675,Wednesday
atm3500064,5390,3565,Wednesday
atm3500065,1670,3905,Wednesday
atm35000230,4045,3960,Wednesday
atm35000231,4940,5180,Wednesday
atm35000232,1370,5725,Wednesday
atm35000233,5395,6200,Wednesday
atm35000234,4665,2630,Wednesday
atm35000235,4825,4885,Wednesday
atm35000236,4275,6005,Wednesday
atm35000237,3810,4375,Wednesday
atm35000238,2975,4080,Wednesday
atm35000239,3045,2900,Wednesday
atm35000240,2920,2725,Wednesday
atm35000241,2585,4130,Wednesday
atm35000242,3880,3135,Wednesday
atm35000243,3135,6420,Wednesday
atm35000244,4285,4335,Wednesday
atm35000245,2645,3220,Wednesday
atm35000246,4585,4990,Wednesday
atm35000247,7105,4985,Wednesday
atm35000248,3405,6160,Wednesday
atm35000249,5545,6025,Wednesday
atm35000250,8260,5030,Wednesday
atm35000251,3955,3500,Wednesday
atm35000252,5240,5625,Wednesday
atm35000253,7455,4100,Wednesday
atm35000254,3325,3235,Wednesday
atm35000255,3645,5505,Wednesday
atm35000256,4565,3290,Wednesday
atm35000257,2365,5965,Wednesday
atm35000258,2775,5425,Wednesday
atm35000259,6825,3080,Wednesday
atm35000260,2615,7630,Wednesday
atm35000261,5650,4640,Wednesday
atm35000262,2145,4180,Wednesday
atm35000263,4385,4325,Wednesday
atm35000264,2775,6280,Wednesday
atm3500036,5045,6060,Wednesday
atm3500037,2350,4420,Wednesday
atm3500038,6450,3105,Wednesday
atm3500039,5955,4110,Wednesday
atm3500040,5705,4620,Wednesday
atm3500041,2145,6225,Wednesday
atm3500042,2195,3550,Wednesday
atm3500043,5315,4985,Wednesday
atm3500044,5470,7180,Wednesday
atm3500045,4265,6455,Wednesday
atm3500046,3075,6855,Wednesday
atm3500047,4510,5245,Wednesday
atm3500048,1925,5985,Wednesday
atm3500049,5700,2965,Wednesday
atm3500050,2765,3545,Wednesday
atm3500051,4280,3385,Wednesday
atm3500052,1895,6395,Wednesday
atm3500053,4040,4545,Wednesday
atm3500054,5000,4415,Wednesday
atm3500055,4090,5095,Wednesday
atm3500056,4540,6350,Wednesday
atm3500057,1490,3215,Wednesday
atm3500058,5200,2360,Wednesday
atm3500059,6330,4800,Wednesday
atm3500060,4630,4955,Wednesday
atm3500061,4330,3855,Wednesday
atm3500066,5625,6185,Wednesday
atm3500067,6900,5105,Wednesday
atm3500068,4230,5165,Wednesday
atm3500069,2785,6165,Wednesday
atm3500070,2935,5580,Wednesday
atm3500071,3920,6065,Wednesday
atm3500072,3965,3260,Wednesday
atm3500073,3005,3985,Wednesday
atm3500074,3855,4755,Wednesday
atm3500075,3075,4450,Wednesday
atm3500076,4720,5325,Wednesday
atm3500077,6575,3250,Wednesday
atm3500078,4520,3075,Wednesday
atm3500079,2150,6150,Wednesday
atm3500080,4190,4175,Wednesday
atm3500081,5990,3845,Wednesday
atm3500082,4970,4760,Wednesday
atm3500083,5945,6560,Wednesday
atm3500084,4285,4370,Wednesday
atm3500085,2930,6830,Wednesday
atm3500086,3300,5725,Wednesday
atm3500087,4575,5505,Wednesday
atm3500088,3795,3840,Wednesday
atm3500089,3285,4980,Wednesday
atm3500090,3125,5355,Wednesday
atm3500091,5075,3505,Wednesday
atm3500092,3055,4385,Wednesday
atm3500093,2300,7120,Wednesday
atm3500094,2875,3420,Wednesday
atm3500095,3960,7995,Wednesday
atm3500096,5280,6655,Wednesday
atm3500097,4075,5585,Wednesday
atm3500098,7190,3535,Wednesday
atm3500099,3030,5935,Wednesday
atm35000100,3225,5415,Wednesday
atm35000101,4135,3365,Wednesday
atm35000102,2050,6140,Wednesday
atm35000103,2350,3520,Wednesday
atm35000104,3535,5585,Wednesday
atm35000105,4920,3515,Wednesday
atm35000106,3975,3340,Wednesday
atm35000107,5610,5130,Wednesday
atm35000108,4420,4705,Wednesday
atm35000109,2325,3220,Wednesday
atm35000110,3985,5780,Wednesday
atm35000111,6090,5650,Wednesday
atm35000112,2970,4090,Wednesday
atm35000113,3755,6185,Wednesday
atm35000114,5460,5205,Wednesday
atm35000115,5030,5215,Wednesday
atm35000116,2915,3465,Wednesday
atm35000117,5050,6745,Wednesday
atm35000118,4555,4140,Wednesday
atm35000119,1830,6440,Wednesday
atm35000120,5125,3935,Wednesday
atm35000121,3940,4580,Wednesday
atm35000122,4665,6435,Wednesday
atm35000123,3955,6150,Wednesday
atm35000124,5790,6495,Wednesday
atm35000125,6125,4930,Wednesday
atm35000126,4745,4625,Wednesday
atm35000127,4035,5490,Wednesday
atm35000128,5965,6060,Wednesday
atm35000129,4950,5140,Wednesday
atm35000130,4840,5160,Wednesday
atm35000131,3540,6805,Wednesday
atm35000132,5635,2890,Wednesday
atm35000133,1695,3275,Wednesday
atm35000134,4245,5290,Wednesday
atm35000135,6205,6195,Wednesday
atm35000136,3990,6275,Wednesday
atm35000137,3950,3290,Wednesday
atm35000138,5630,6650,Wednesday
atm35000139,2345,4585,Wednesday
atm35000140,5160,3260,Wednesday
atm35000141,1695,3705,Wednesday
atm35000142,3275,3790,Wednesday
atm35000143,4230,2875,Wednesday
atm35000144,5980,5620,Wednesday
atm35000145,3635,4815,Wednesday
atm35000146,1890,4735,Wednesday
atm35000147,6005,3375,Wednesday
atm35000148,2535,5575,Wednesday
atm35000149,5040,4960,Wednesday
atm35000150,4435,3025,Wednesday
atm35000151,2430,3840,Wednesday
atm35000152,4965,3645,Wednesday
atm35000153,3360,4485,Wednesday
atm35000154,6010,6375,Wednesday
atm35000155,5235,4855,Wednesday
atm35000156,5230,5185,Wednesday
atm35000157,3170,3550,Wednesday
atm35000158,3200,3900,Wednesday
atm35000159,6460,4890,Wednesday
atm35000160,5850,5755,Wednesday
atm35000161,3665,6015,Wednesday
atm35000162,3440,5540,Wednesday
atm35000163,3465,5245,Wednesday
atm35000164,3670,3975,Wednesday
atm35000165,4375,5925,Wednesday
atm35000166,3245,3410,Wednesday
atm35000167,5170,6495,Wednesday
atm35000168,3510,4985,Wednesday
atm35000169,4080,6555,Wednesday
atm35000170,3545,3610,Wednesday
atm35000171,2490,3845,Wednesday
atm35000172,2360,3375,Wednesday
atm35000173,4480,4785,Wednesday
atm35000174,1725,6915,Wednesday
atm35000175,2270,4705,Wednesday
atm35000176,4565,6400,Wednesday
atm35000177,4765,3755,Wednesday
atm35000178,6205,5220,Wednesday
atm35000179,7045,3845,Wednesday
atm35000180,6180,5105,Wednesday
atm35000181,4975,5515,Wednesday
atm35000182,3790,4260,Wednesday
atm35000183,7210,4965,Wednesday
atm35000184,5490,4430,Wednesday
atm35000185,5300,4635,Wednesday
atm35000186,6110,3260,Wednesday
atm35000187,3930,6810,Wednesday
atm35000188,5380,5915,Wednesday
atm35000189,6235,6185,Wednesday
atm35000190,3615,7095,Wednesday
atm35000191,2605,4155,Wednesday
atm35000192,6245,3655,Wednesday
atm35000193,5850,5425,Wednesday
atm35000194,5100,3780,Wednesday
atm35000195,4695,4970,Wednesday
atm35000196,5810,4780,Wednesday
atm35000197,6595,3415,Wednesday
atm35000198,2935,5830,Wednesday
atm35000199,4160,5305,Wednesday
atm35000200,4710,5240,Wednesday
atm35000201,3795,5125,Wednesday
atm35000202,3080,5725,Wednesday
atm35000203,5745,6145,Wednesday
atm35000204,5230,4860,Wednesday
atm35000205,5485,5305,Wednesday
atm35000206,4650,4550,Wednesday
atm35000207,5770,5475,Wednesday
atm35000208,4005,5100,Wednesday
atm35000209,2820,4065,Wednesday
atm35000210,3095,3665,Wednesday
atm35000211,5775,7605,Wednesday
atm35000212,3965,6065,Wednesday
atm35000213,4975,5380,Wednesday
atm35000214,5680,5415,Wednesday
atm35000215,2530,6280,Wednesday
atm35000216,1820,4425,Wednesday
atm35000217,5105,4160,Wednesday
atm35000218,6600,3225,Wednesday
atm35000219,3330,5245,Wednesday
atm35000220,5535,3195,Wednesday
atm35000221,2450,5050,Wednesday
atm35000222,4985,4010,Wednesday
atm35000223,3725,4740,Wednesday
atm35000224,3000,4575,Wednesday
atm35000225,3770,4320,Wednesday
atm35000226,4570,3960,Wednesday
atm35000227,4230,4490,Wednesday
atm35000228,2310,5070,Wednesday
atm35000229,6190,6845,Wednesday
atm35000265,5710,4000,Wednesday
atm35000266,2300,6400,Wednesday
atm35000267,5215,6035,Wednesday
atm35000268,6320,3575,Wednesday
atm35000269,4940,4090,Wednesday
atm35000270,4600,5290,Wednesday
atm35000271,5390,3975,Wednesday
atm35000272,3950,6670,Wednesday
atm35000273,4815,3565,Wednesday
atm35000274,5535,5290,Wednesday
atm35000275,4850,5610,Wednesday
atm35000276,6145,2565,Wednesday
atm35000277,5980,4680,Wednesday
atm35000278,2525,6240,Wednesday
atm35000279,2410,4150,Wednesday
atm35000280,5385,4335,Wednesday
atm35000281,2800,3715,Wednesday
atm35000282,1535,6020,Wednesday
atm35000283,2655,5455,Wednesday
atm35000284,6270,4680,Wednesday
atm35000285,3965,4745,Wednesday
atm35000286,5765,4265,Wednesday
atm35000287,3670,4370,Wednesday
atm35000288,5820,3745,Wednesday
atm35000289,2910,5025,Wednesday
atm35000290,4650,4785,Wednesday
atm35000291,2315,5775,Wednesday
atm35000292,4300,3150,Wednesday
atm35000293,4660,6450,Wednesday
atm35000294,3400,3445,Wednesday
atm35000295,1400,5550,Wednesday
atm35000296,5565,5105,Wednesday
atm35000297,5665,5255,Wednesday
atm35000298,3075,3840,Wednesday
atm35000299,5545,5185,Wednesday
atm35000300,5290,4345,Wednesday
atm35000301,5240,6785,Wednesday
atm35000302,3855,5270,Wednesday
atm35000303,5060,4410,Wednesday
atm35000304,4890,6180,Wednesday
atm35000305,5320,4510,Wednesday
atm35000306,2780,5825,Wednesday
atm35000307,7105,6170,Wednesday
atm35000308,2905,6270,Wednesday
atm35000309,4575,7000,Wednesday
atm35000310,2715,5770,Wednesday
atm35000311,6820,6205,Wednesday
atm35000312,5335,4700,Wednesday
atm35000313,3135,4305,Wednesday
atm35000314,4715,6525,Wednesday
atm35000315,3805,6710,Wednesday
atm35000316,4550,6015,Wednesday
atm35000317,4945,5515,Wednesday
atm35000318,5125,5215,Wednesday
atm35000319,4315,5595,Wednesday
atm35000320,1810,3465,Wednesday
atm35000321,3535,3500,Wednesday
atm35000322,4700,4990,Wednesday
atm35000323,3795,3495,Wednesday
atm35000324,2455,3270,Wednesday
atm35000325,2565,5695,Wednesday
atm35000326,1730,5495,Wednesday
atm35000327,4240,4335,Wednesday
atm35000328,2945,5195,Wednesday
atm35000329,4280,5415,Wednesday
atm35000330,5435,3815,Wednesday
atm35000331,6350,4255,Wednesday
atm35000332,3195,6435,Wednesday
atm35000333,1900,5360,Wednesday
atm35000334,2105,5695,Wednesday
atm35000335,2205,3470,Wednesday
atm35000336,4635,5935,Wednesday
atm35000337,2645,6075,Wednesday
atm35000338,6010,6085,Wednesday
atm35000339,3960,5645,Wednesday
atm35000340,2430,5815,Wednesday
atm35000341,4215,3790,Wednesday
atm35000342,3610,5355,Wednesday
atm35000343,1965,3770,Wednesday
atm35000344,7435,5840,Wednesday
atm35000345,2965,3855,Wednesday
atm35000346,2570,2745,Wednesday
atm35000347,4340,3670,Wednesday
atm35000348,5990,3210,Wednesday
atm35000349,2495,3380,Wednesday
atm35000350,2605,4015,Wednesday
atm35000351,5025,5005,Wednesday
atm35000352,6170,3835,Wednesday
atm35000353,1575,5915,Wednesday
atm35000354,7200,3455,Wednesday
atm35000355,3520,3390,Wednesday
atm35000356,4455,4640,Wednesday
atm35000357,6450,5065,Wednesday
atm35000358,2795,3015,Wednesday
atm0,0,0,Wednesday
atm350001,4070,3660,Wednesday
atm350002,2565,4920,Wednesday
atm350003,2450,2865,Wednesday
atm350004,5405,4830,Wednesday
atm350005,5915,7755,Wednesday
atm350006,4785,4585,Wednesday
atm350007,4790,2815,Wednesday
atm350008,2030,4520,Wednesday
atm350009,5670,5435,Wednesday
atm3500010,3910,5170,Wednesday
atm3500011,7130,3095,Wednesday
atm3500012,3060,3475,Wednesday
atm3500013,6010,6600,Wednesday
atm3500014,2640,3730,Wednesday
atm3500015,4030,4235,Wednesday
atm3500016,3460,3425,Wednesday
atm3500017,2200,4055,Wednesday
atm3500018,5760,4170,Wednesday
atm3500019,4180,4915,Wednesday
atm3500020,6970,3690,Wednesday
atm3500021,2175,5850,Wednesday
atm3500022,5160,3635,Wednesday
atm3500023,3500,5580,Wednesday
atm3500024,3410,3230,Wednesday
atm3500025,3830,5210,Wednesday
atm3500026,2785,5040,Wednesday
atm3500027,4195,4110,Wednesday
atm3500028,4225,5135,Wednesday
atm3500029,4290,5140,Wednesday
atm3500030,2570,6030,Wednesday
atm3500031,3125,4300,Wednesday
atm3500032,5255,6725,Wednesday
atm3500033,2300,4275,Wednesday
atm3500034,4675,4530,Wednesday
atm3500035,3160,4100,Wednesday
atm3500062,6345,5710,Wednesday
atm3500063,2190,6050,Wednesday
atm3500064,6265,5640,Wednesday
atm3500065,4135,3760,Wednesday
atm35000230,5275,5850,Wednesday
atm35000231,2385,3585,Wednesday
atm35000232,2575,4635,Wednesday
atm35000233,5455,6550,Wednesday
atm35000234,4545,4970,Wednesday
atm35000235,3575,3640,Wednesday
atm35000236,7560,3610,Wednesday
atm35000237,3220,4820,Wednesday
atm35000238,5690,3605,Wednesday
atm35000239,5365,3075,Wednesday
atm35000240,2970,5835,Wednesday
atm35000241,2015,6545,Wednesday
atm35000242,4180,6735,Wednesday
atm35000243,2285,5945,Wednesday
atm35000244,4230,5000,Wednesday
atm35000245,3040,5645,Wednesday
atm35000246,3550,3680,Wednesday
atm35000247,4075,4860,Wednesday
atm35000248,1780,5545,Wednesday
atm35000249,5305,5275,Wednesday
atm35000250,5180,3625,Wednesday
atm35000251,3175,4305,Wednesday
atm35000252,6480,5385,Wednesday
atm35000253,6245,5880,Wednesday
atm35000254,3675,5375,Wednesday
atm35000255,2720,4670,Wednesday
atm35000256,4110,4065,Wednesday
atm35000257,2160,2810,Wednesday
atm35000258,2525,4670,Wednesday
atm35000259,5330,5540,Wednesday
atm35000260,5925,5555,Wednesday
atm35000261,5195,3985,Wednesday
atm35000262,3160,4545,Wednesday
atm35000263,5700,3540,Wednesday
atm35000264,1990,5050,Wednesday
atm3500036,5980,4650,Wednesday
atm3500037,4175,5035,Wednesday
atm3500038,2080,5400,Wednesday
atm3500039,2015,5035,Wednesday
atm3500040,4060,5390,Wednesday
atm3500041,2385,4680,Wednesday
atm3500042,3225,2710,Wednesday
atm3500043,3410,6120,Wednesday
atm3500044,5450,4445,Wednesday
atm3500045,5305,4680,Wednesday
atm3500046,4395,5065,Wednesday
atm3500047,2255,4330,Wednesday
atm3500048,3740,4570,Wednesday
atm3500049,2340,5005,Wednesday
atm3500050,2470,5880,Wednesday
atm3500051,7225,5930,Wednesday
atm3500052,2410,4630,Wednesday
atm3500053,3760,5025,Wednesday
atm3500054,2840,3655,Wednesday
atm3500055,4740,4435,Wednesday
atm3500056,4540,5690,Wednesday
atm3500057,4785,3735,Wednesday
atm3500058,5435,3585,Wednesday
atm3500059,6240,6430,Wednesday
atm3500060,3270,6195,Wednesday
atm3500061,6585,5075,Wednesday
atm3500066,5080,4210,Wednesday
atm3500067,5575,5290,Wednesday
atm3500068,2315,5430,Wednesday
atm3500069,3265,4390,Wednesday
atm3500070,2375,4545,Wednesday
atm3500071,6295,2740,Wednesday
atm3500072,2750,2820,Wednesday
atm3500073,4695,5315,Wednesday
atm3500074,4845,3575,Wednesday
atm3500075,3795,5445,Wednesday
atm3500076,2925,5150,Wednesday
atm3500077,4750,6435,Wednesday
atm3500078,6865,4415,Wednesday
atm3500079,4740,4745,Wednesday
atm3500080,3160,3795,Wednesday
atm3500081,4060,5490,Wednesday
atm3500082,3400,3940,Wednesday
atm3500083,6570,6175,Wednesday
atm3500084,5785,3090,Wednesday
atm3500085,2970,3350,Wednesday
atm3500086,6285,4705,Wednesday
atm3500087,4995,4690,Wednesday
atm3500088,3630,4475,Wednesday
atm3500089,3965,5710,Wednesday
atm3500090,3770,4410,Wednesday
atm3500091,2885,4565,Wednesday
atm3500092,1865,6175,Wednesday
atm3500093,2105,3990,Wednesday
atm3500094,2255,3730,Wednesday
atm3500095,5565,2540,Wednesday
atm3500096,3550,5475,Wednesday
atm3500097,1920,4915,Wednesday
atm3500098,5970,6300,Wednesday
atm3500099,5810,6155,Wednesday
atm35000100,6720,3840,Wednesday
atm35000101,3885,5860,Wednesday
atm35000102,4630,3275,Wednesday
atm35000103,4915,3560,Wednesday
atm35000104,4705,6835,Wednesday
atm35000105,3265,3030,Wednesday
atm35000106,5495,3435,Wednesday
atm35000107,3150,6290,Wednesday
atm35000108,2020,5030,Wednesday
atm35000109,3305,4425,Wednesday
atm35000110,2690,7080,Wednesday
atm35000111,5855,7545,Wednesday
atm35000112,5795,3750,Wednesday
atm35000113,5770,4375,Wednesday
atm35000114,4645,4755,Wednesday
atm35000115,5665,3725,Wednesday
atm35000116,3110,3345,Wednesday
atm35000117,2725,5050,Wednesday
atm35000118,5130,3890,Wednesday
atm35000119,5650,3245,Wednesday
atm35000120,4150,6090,Wednesday
atm35000121,4610,3395,Wednesday
atm35000122,4900,3835,Wednesday
atm35000123,4915,3825,Wednesday
atm35000124,5595,5190,Wednesday
atm35000125,6330,4765,Wednesday
atm35000126,2795,2665,Wednesday
atm35000127,6380,4015,Wednesday
atm35000128,3070,3265,Wednesday
atm35000129,5480,3580,Wednesday
atm35000130,4980,6265,Wednesday
atm35000131,5185,4685,Wednesday
atm35000132,1855,6350,Wednesday
atm35000133,3340,4095,Wednesday
atm35000134,4480,4800,Wednesday
atm35000135,2145,4525,Wednesday
atm35000136,5125,3290,Wednesday
atm35000137,6045,5420,Wednesday
atm35000138,2225,3990,Wednesday
atm35000139,4270,6560,Wednesday
atm35000140,2770,3330,Wednesday
atm35000141,4650,5435,Wednesday
atm35000142,6990,5510,Wednesday
atm35000143,3975,5145,Wednesday
atm35000144,3815,3990,Wednesday
atm35000145,5635,3755,Wednesday
atm35000146,6150,4865,Wednesday
atm35000147,6590,5290,Wednesday
atm35000148,3540,5470,Wednesday
atm35000149,1965,4145,Wednesday
atm35000150,2665,6385,Wednesday
atm35000151,5195,6765,Wednesday
atm35000152,1780,5410,Wednesday
atm35000153,6910,5130,Wednesday
atm35000154,3480,4855,Wednesday
atm35000155,3945,4630,Wednesday
atm35000156,3940,3265,Wednesday
atm35000157,6920,4600,Wednesday
atm35000158,2755,3280,Wednesday
atm35000159,6155,3285,Wednesday
atm35000160,3825,3965,Wednesday
atm35000161,4475,5330,Wednesday
atm35000162,3935,3305,Wednesday
atm35000163,3540,4515,Wednesday
atm35000164,4340,6705,Wednesday
atm35000165,5585,6230,Wednesday
atm35000166,3955,7015,Wednesday
atm35000167,6050,5785,Wednesday
atm35000168,3700,6715,Wednesday
atm35000169,5830,6160,Wednesday
atm35000170,4245,7080,Wednesday
atm35000171,4840,4065,Wednesday
atm35000172,5090,5565,Wednesday
atm35000173,3840,6050,Wednesday
atm35000174,5440,5420,Wednesday
atm35000175,3875,4670,Wednesday
atm35000176,3575,5135,Wednesday
atm35000177,3785,5160,Wednesday
atm35000178,2580,3750,Wednesday
atm35000179,3525,6805,Wednesday
atm35000180,1870,6785,Wednesday
atm35000181,5790,4150,Wednesday
atm35000182,4110,4060,Wednesday
atm35000183,4815,3440,Wednesday
atm35000184,3430,6325,Wednesday
atm35000185,1765,3520,Wednesday
atm35000186,6130,5115,Wednesday
atm35000187,3425,3160,Wednesday
atm35000188,7720,2925,Wednesday
atm35000189,1400,6185,Wednesday
atm35000190,6075,5190,Wednesday
atm35000191,3865,5180,Wednesday
atm35000192,5610,4480,Wednesday
atm35000193,2815,5320,Wednesday
atm35000194,6900,6120,Wednesday
atm35000195,2240,4365,Wednesday
atm35000196,2830,5290,Wednesday
atm35000197,5945,4455,Wednesday
atm35000198,2310,4870,Wednesday
atm35000199,2440,5955,Wednesday
atm35000200,4670,2915,Wednesday
atm35000201,3455,5835,Wednesday
atm35000202,6345,3180,Wednesday
atm35000203,4650,6285,Wednesday
atm35000204,5985,4500,Wednesday
atm35000205,5515,4975,Wednesday
atm35000206,6770,4710,Wednesday
atm35000207,3680,6160,Wednesday
atm35000208,3605,4010,Wednesday
atm35000209,2365,5415,Wednesday
atm35000210,7570,5085,Wednesday
atm35000211,5940,5610,Wednesday
atm35000212,5885,4855,Wednesday
atm35000213,2640,6110,Wednesday
atm35000214,2535,5090,Wednesday
atm35000215,1980,6345,Wednesday
atm35000216,5070,3745,Wednesday
atm35000217,6010,5445,Wednesday
atm35000218,5585,5070,Wednesday
atm35000219,5785,3395,Wednesday
atm35000220,6045,5385,Wednesday
atm35000221,3360,4510,Wednesday
atm35000222,2770,3840,Wednesday
atm35000223,6850,3070,Wednesday
atm35000224,2815,4355,Wednesday
atm35000225,4065,5695,Wednesday
atm35000226,4255,5710,Wednesday
atm35000227,6785,6340,Wednesday
atm35000228,6205,5135,Wednesday
atm35000229,5220,4165,Wednesday
atm35000265,7140,2790,Wednesday
atm35000266,1310,5060,Wednesday
atm35000267,2380,5765,Wednesday
atm35000268,4300,4595,Wednesday
atm35000269,4100,3835,Wednesday
atm35000270,1610,5135,Wednesday
atm35000271,2160,2860,Wednesday
atm35000272,5395,3970,Wednesday
atm35000273,4315,3260,Wednesday
atm35000274,5180,5135,Wednesday
atm35000275,4440,6175,Wednesday
atm35000276,4085,5305,Wednesday
atm35000277,4330,5610,Wednesday
atm35000278,3940,5915,Wednesday
atm35000279,5890,4820,Wednesday
atm35000280,2915,3680,Wednesday
atm35000281,4250,3715,Wednesday
atm35000282,4570,5595,Wednesday
atm35000283,2635,3735,Wednesday
atm35000284,3430,3370,Wednesday
atm35000285,3660,3685,Wednesday
atm35000286,2235,4585,Wednesday
atm35000287,3500,6210,Wednesday
atm35000288,4250,4440,Wednesday
atm35000289,3110,4550,Wednesday
atm35000290,5150,4375,Wednesday
atm35000291,3075,5530,Wednesday
atm35000292,5790,5070,Wednesday
atm35000293,2690,5025,Wednesday
atm35000294,5250,4640,Wednesday
atm35000295,5660,5035,Wednesday
atm35000296,4115,4000,Wednesday
atm35000297,3455,6225,Wednesday
atm35000298,4295,4250,Wednesday
atm35000299,2645,5400,Wednesday
atm35000300,4665,4495,Wednesday
atm35000301,5300,5960,Wednesday
atm35000302,3015,6125,Wednesday
atm35000303,4600,3365,Wednesday
atm35000304,2125,5395,Wednesday
atm35000305,5430,5685,Wednesday
atm35000306,4735,5290,Wednesday
atm35000307,4970,4735,Wednesday
atm35000308,3350,5165,Wednesday
atm35000309,3770,3205,Wednesday
atm35000310,4635,2540,Wednesday
atm35000311,4545,5325,Wednesday
atm35000312,5885,5450,Wednesday
atm35000313,4595,2715,Wednesday
atm35000314,4365,6850,Wednesday
atm35000315,4840,4780,Wednesday
atm35000316,2015,3590,Wednesday
atm35000317,3505,5030,Wednesday
atm35000318,2485,3940,Wednesday
atm35000319,4110,6090,Wednesday
atm35000320,5445,5895,Wednesday
atm35000321,6210,5010,Wednesday
atm35000322,4665,6575,Wednesday
atm35000323,2830,4185,Wednesday
atm35000324,3425,5625,Wednesday
atm35000325,2430,6160,Wednesday
atm35000326,4805,2995,Wednesday
atm35000327,4815,4375,Wednesday
atm35000328,3275,4170,Wednesday
atm35000329,5565,4435,Wednesday
atm35000330,5480,6645,Wednesday
atm35000331,4280,6485,Wednesday
atm35000332,3130,4460,Wednesday
atm35000333,4165,6550,Wednesday
atm35000334,6170,5355,Wednesday
atm35000335,2755,4795,Wednesday
atm35000336,7010,4485,Wednesday
atm35000337,2890,4225,Wednesday
atm35000338,3720,6285,Wednesday
atm35000339,5755,5290,Wednesday
atm35000340,4235,6370,Wednesday
atm35000341,4795,7370,Wednesday
atm35000342,7635,4580,Wednesday
atm35000343,1620,3720,Wednesday
atm35000344,5360,7020,Wednesday
atm35000345,5040,5860,Wednesday
atm35000346,2380,2960,Wednesday
atm35000347,2590,4855,Wednesday
atm35000348,4240,3930,Wednesday
atm35000349,5595,4450,Wednesday
atm35000350,1665,4235,Wednesday
atm35000351,5035,3200,Wednesday
atm35000352,3225,5750,Wednesday
atm35000353,4140,5670,Wednesday
atm35000354,4905,5715,Wednesday
atm35000355,5705,6460,Wednesday
atm35000356,5965,6515,Wednesday
atm35000357,7010,7145,Wednesday
atm35000358,4540,6310,Wednesday
atm0,0,0,Thursday
atm350001,230,795,Thursday
atm350002,225,810,Thursday
atm350003,0,35,Thursday
atm350004,475,1330,Thursday
atm350005,310,485,Thursday
atm350006,225,775,Thursday
atm350007,110,1345,Thursday
atm350008,1005,735,Thursday
atm350009,50,535,Thursday
atm3500010,5245,5050,Thursday
atm3500011,985,1030,Thursday
atm3500012,155,75,Thursday
atm3500013,30,1360,Thursday
atm3500014,600,1030,Thursday
atm3500015,225,0,Thursday
atm3500016,630,1120,Thursday
atm3500017,580,1185,Thursday
atm3500018,985,680,Thursday
atm3500019,755,0,Thursday
atm3500020,495,350,Thursday
atm3500021,905,330,Thursday
atm3500022,585,1020,Thursday
atm3500023,470,685,Thursday
atm3500024,260,1060,Thursday
atm3500025,555,975,Thursday
atm3500026,655,1415,Thursday
atm3500027,595,295,Thursday
atm3500028,420,615,Thursday
atm3500029,1265,975,Thursday
atm3500030,100,500,Thursday
atm3500031,535,710,Thursday
atm3500032,940,560,Thursday
atm3500033,1110,300,Thursday
atm3500034,1065,420,Thursday
atm3500035,0,250,Thursday
atm3500062,1455,1285,Thursday
atm3500063,725,1225,Thursday
atm3500064,885,30,Thursday
atm3500065,100,680,Thursday
atm35000230,530,475,Thursday
atm35000231,60,490,Thursday
atm35000232,860,0,Thursday
atm35000233,120,930,Thursday
atm35000234,820,935,Thursday
atm35000235,25,245,Thursday
atm35000236,1160,105,Thursday
atm35000237,1225,1005,Thursday
atm35000238,750,925,Thursday
atm35000239,15,440,Thursday
atm35000240,15,635,Thursday
atm35000241,375,1285,Thursday
atm35000242,1440,1120,Thursday
atm35000243,960,630,Thursday
atm35000244,0,1390,Thursday
atm35000245,1600,25,Thursday
atm35000246,0,720,Thursday
atm35000247,1200,30,Thursday
atm35000248,370,115,Thursday
atm35000249,935,155,Thursday
atm35000250,185,565,Thursday
atm35000251,1445,10,Thursday
atm35000252,180,1020,Thursday
atm35000253,655,575,Thursday
atm35000254,645,655,Thursday
atm35000255,1250,925,Thursday
atm35000256,870,255,Thursday
atm35000257,50,245,Thursday
atm35000258,895,885,Thursday
atm35000259,300,480,Thursday
atm35000260,1005,315,Thursday
atm35000261,150,965,Thursday
atm35000262,675,905,Thursday
atm35000263,950,960,Thursday
atm35000264,0,250,Thursday
atm3500036,535,70,Thursday
atm3500037,455,1065,Thursday
atm3500038,1320,690,Thursday
atm3500039,200,1410,Thursday
atm3500040,870,360,Thursday
atm3500041,40,260,Thursday
atm3500042,670,465,Thursday
atm3500043,0,120,Thursday
atm3500044,200,505,Thursday
atm3500045,425,925,Thursday
atm3500046,1725,1290,Thursday
atm3500047,1145,1375,Thursday
atm3500048,1005,325,Thursday
atm3500049,815,1385,Thursday
atm3500050,330,700,Thursday
atm3500051,500,40,Thursday
atm3500052,690,700,Thursday
atm3500053,1070,960,Thursday
atm3500054,1425,975,Thursday
atm3500055,1675,40,Thursday
atm3500056,5600,6730,Thursday
atm3500057,530,935,Thursday
atm3500058,695,940,Thursday
atm3500059,815,5,Thursday
atm3500060,1050,720,Thursday
atm3500061,0,460,Thursday
atm3500066,1105,495,Thursday
atm3500067,115,240,Thursday
atm3500068,1330,200,Thursday
atm3500069,635,320,Thursday
atm3500070,85,375,Thursday
atm3500071,840,835,Thursday
atm3500072,1515,1185,Thursday
atm3500073,200,220,Thursday
atm3500074,305,225,Thursday
atm3500075,315,1070,Thursday
atm3500076,5305,6800,Thursday
atm3500077,920,245,Thursday
atm3500078,70,495,Thursday
atm3500079,605,1280,Thursday
atm3500080,965,755,Thursday
atm3500081,1620,610,Thursday
atm3500082,1600,670,Thursday
atm3500083,4720,5065,Thursday
atm3500084,230,120,Thursday
atm3500085,965,225,Thursday
atm3500086,395,1140,Thursday
atm3500087,5630,6585,Thursday
atm3500088,765,365,Thursday
atm3500089,1095,970,Thursday
atm3500090,415,400,Thursday
atm3500091,685,755,Thursday
atm3500092,500,705,Thursday
atm3500093,250,705,Thursday
atm3500094,710,0,Thursday
atm3500095,1375,720,Thursday
atm3500096,20,965,Thursday
atm3500097,955,410,Thursday
atm3500098,275,985,Thursday
atm3500099,5,960,Thursday
atm35000100,1140,1465,Thursday
atm35000101,180,1160,Thursday
atm35000102,0,200,Thursday
atm35000103,1130,260,Thursday
atm35000104,880,605,Thursday
atm35000105,795,685,Thursday
atm35000106,850,830,Thursday
atm35000107,450,935,Thursday
atm35000108,20,300,Thursday
atm35000109,545,540,Thursday
atm35000110,435,865,Thursday
atm35000111,0,1050,Thursday
atm35000112,375,855,Thursday
atm35000113,855,315,Thursday
atm35000114,850,840,Thursday
atm35000115,1270,360,Thursday
atm35000116,1225,1485,Thursday
atm35000117,1180,115,Thursday
atm35000118,120,390,Thursday
atm35000119,515,280,Thursday
atm35000120,395,70,Thursday
atm35000121,800,5,Thursday
atm35000122,575,335,Thursday
atm35000123,135,700,Thursday
atm35000124,5750,6315,Thursday
atm35000125,705,305,Thursday
atm35000126,1335,35,Thursday
atm35000127,460,825,Thursday
atm35000128,450,200,Thursday
atm35000129,0,1020,Thursday
atm35000130,700,655,Thursday
atm35000131,1320,480,Thursday
atm35000132,560,565,Thursday
atm35000133,915,510,Thursday
atm35000134,10,0,Thursday
atm35000135,1010,1140,Thursday
atm35000136,450,415,Thursday
atm35000137,20,1130,Thursday
atm35000138,705,555,Thursday
atm35000139,100,570,Thursday
atm35000140,1245,470,Thursday
atm35000141,1395,215,Thursday
atm35000142,110,0,Thursday
atm35000143,1215,990,Thursday
atm35000144,1235,980,Thursday
atm35000145,480,1240,Thursday
atm35000146,475,545,Thursday
atm35000147,550,455,Thursday
atm35000148,880,915,Thursday
atm35000149,450,350,Thursday
atm35000150,990,585,Thursday
atm35000151,310,1290,Thursday
atm35000152,5,765,Thursday
atm35000153,10,170,Thursday
atm35000154,1105,20,Thursday
atm35000155,230,240,Thursday
atm35000156,425,220,Thursday
atm35000157,935,750,Thursday
atm35000158,190,1140,Thursday
atm35000159,1215,845,Thursday
atm35000160,1140,820,Thursday
atm35000161,955,910,Thursday
atm35000162,610,365,Thursday
atm35000163,10,105,Thursday
atm35000164,355,1310,Thursday
atm35000165,35,1170,Thursday
atm35000166,1405,0,Thursday
atm35000167,5345,6050,Thursday
atm35000168,5255,5580,Thursday
atm35000169,270,755,Thursday
atm35000170,1130,1665,Thursday
atm35000171,395,915,Thursday
atm35000172,420,655,Thursday
atm35000173,70,220,Thursday
atm35000174,20,60,Thursday
atm35000175,940,1140,Thursday
atm35000176,825,1205,Thursday
atm35000177,725,985,Thursday
atm35000178,1300,330,Thursday
atm35000179,500,930,Thursday
atm35000180,900,240,Thursday
atm35000181,1210,1280,Thursday
atm35000182,390,0,Thursday
atm35000183,1165,620,Thursday
atm35000184,260,270,Thursday
atm35000185,695,0,Thursday
atm35000186,1710,985,Thursday
atm35000187,315,600,Thursday
atm35000188,270,340,Thursday
atm35000189,230,20,Thursday
atm35000190,545,170,Thursday
atm35000191,105,280,Thursday
atm35000192,755,1235,Thursday
atm35000193,1915,375,Thursday
atm35000194,580,1205,Thursday
atm35000195,100,50,Thursday
atm35000196,250,1035,Thursday
atm35000197,0,980,Thursday
atm35000198,685,465,Thursday
atm35000199,770,650,Thursday
atm35000200,630,635,Thursday
atm35000201,1385,515,Thursday
atm35000202,5,690,Thursday
atm35000203,870,875,Thursday
atm35000204,660,1025,Thursday
atm35000205,290,5,Thursday
atm35000206,5960,5795,Thursday
atm35000207,0,630,Thursday
atm35000208,770,1175,Thursday
atm35000209,905,1225,Thursday
atm35000210,1005,45,Thursday
atm35000211,1250,0,Thursday
atm35000212,1300,390,Thursday
atm35000213,340,355,Thursday
atm35000214,1095,1580,Thursday
atm35000215,15,520,Thursday
atm35000216,1085,955,Thursday
atm35000217,805,130,Thursday
atm35000218,0,490,Thursday
atm35000219,860,1365,Thursday
atm35000220,620,270,Thursday
atm35000221,1025,100,Thursday
atm35000222,975,1065,Thursday
atm35000223,685,745,Thursday
atm35000224,1125,70,Thursday
atm35000225,700,440,Thursday
atm35000226,1550,1090,Thursday
atm35000227,5940,4935,Thursday
atm35000228,150,940,Thursday
atm35000229,830,80,Thursday
atm35000265,740,545,Thursday
atm35000266,410,870,Thursday
atm35000267,1130,30,Thursday
atm35000268,1105,1375,Thursday
atm35000269,1205,570,Thursday
atm35000270,255,525,Thursday
atm35000271,305,545,Thursday
atm35000272,3465,6085,Thursday
atm35000273,1070,920,Thursday
atm35000274,4755,5775,Thursday
atm35000275,5130,5530,Thursday
atm35000276,730,605,Thursday
atm35000277,760,0,Thursday
atm35000278,455,1075,Thursday
atm35000279,1440,1400,Thursday
atm35000280,1445,195,Thursday
atm35000281,425,850,Thursday
atm35000282,895,300,Thursday
atm35000283,795,320,Thursday
atm35000284,50,485,Thursday
atm35000285,5,360,Thursday
atm35000286,230,395,Thursday
atm35000287,520,1325,Thursday
atm35000288,60,1140,Thursday
atm35000289,215,825,Thursday
atm35000290,270,670,Thursday
atm35000291,0,500,Thursday
atm35000292,300,350,Thursday
atm35000293,1205,650,Thursday
atm35000294,340,590,Thursday
atm35000295,810,15,Thursday
atm35000296,1245,1070,Thursday
atm35000297,985,505,Thursday
atm35000298,630,0,Thursday
atm35000299,1140,705,Thursday
atm35000300,1035,190,Thursday
atm35000301,490,445,Thursday
atm35000302,230,465,Thursday
atm35000303,720,200,Thursday
atm35000304,100,10,Thursday
atm35000305,105,245,Thursday
atm35000306,960,0,Thursday
atm35000307,1150,315,Thursday
atm35000308,1070,1955,Thursday
atm35000309,0,785,Thursday
atm35000310,1265,290,Thursday
atm35000311,610,180,Thursday
atm35000312,510,860,Thursday
atm35000313,980,120,Thursday
atm35000314,5445,6440,Thursday
atm35000315,465,940,Thursday
atm35000316,20,1010,Thursday
atm35000317,4540,6600,Thursday
atm35000318,650,0,Thursday
atm35000319,750,220,Thursday
atm35000320,1035,1000,Thursday
atm35000321,350,110,Thursday
atm35000322,585,355,Thursday
atm35000323,340,125,Thursday
atm35000324,500,25,Thursday
atm35000325,960,1090,Thursday
atm35000326,410,1315,Thursday
atm35000327,855,775,Thursday
atm35000328,520,725,Thursday
atm35000329,1130,0,Thursday
atm35000330,850,190,Thursday
atm35000331,410,50,Thursday
atm35000332,920,345,Thursday
atm35000333,875,940,Thursday
atm35000334,320,650,Thursday
atm35000335,860,705,Thursday
atm35000336,480,440,Thursday
atm35000337,10,170,Thursday
atm35000338,210,220,Thursday
atm35000339,4720,5460,Thursday
atm35000340,705,25,Thursday
atm35000341,890,780,Thursday
atm35000342,10,310,Thursday
atm35000343,135,35,Thursday
atm35000344,5,1005,Thursday
atm35000345,185,780,Thursday
atm35000346,200,330,Thursday
atm35000347,405,1275,Thursday
atm35000348,935,875,Thursday
atm35000349,615,715,Thursday
atm35000350,715,645,Thursday
atm35000351,0,860,Thursday
atm35000352,415,1685,Thursday
atm35000353,535,995,Thursday
atm35000354,400,525,Thursday
atm35000355,955,920,Thursday
atm35000356,3315,6450,Thursday
atm35000357,260,210,Thursday
atm35000358,775,930,Thursday
atm0,0,0,Thursday
atm350001,560,350,Thursday
atm350002,965,945,Thursday
atm350003,460,925,Thursday
atm350004,505,300,Thursday
atm350005,1085,720,Thursday
atm350006,395,895,Thursday
atm350007,320,370,Thursday
atm350008,250,595,Thursday
atm350009,0,560,Thursday
atm3500010,4640,4565,Thursday
atm3500011,0,360,Thursday
atm3500012,765,1210,Thursday
atm3500013,0,165,Thursday
atm3500014,1185,175,Thursday
atm3500015,160,800,Thursday
atm3500016,600,140,Thursday
atm3500017,1930,1065,Thursday
atm3500018,80,375,Thursday
atm3500019,275,730,Thursday
atm3500020,440,1275,Thursday
atm3500021,1375,120,Thursday
atm3500022,820,935,Thursday
atm3500023,1765,435,Thursday
atm3500024,130,815,Thursday
atm3500025,70,1310,Thursday
atm3500026,555,1145,Thursday
atm3500027,410,200,Thursday
atm3500028,690,105,Thursday
atm3500029,150,1295,Thursday
atm3500030,1440,485,Thursday
atm3500031,1235,230,Thursday
atm3500032,855,1250,Thursday
atm3500033,645,505,Thursday
atm3500034,1110,505,Thursday
atm3500035,565,115,Thursday
atm3500062,1030,615,Thursday
atm3500063,380,865,Thursday
atm3500064,1705,1240,Thursday
atm3500065,1410,960,Thursday
atm35000230,610,710,Thursday
atm35000231,930,1095,Thursday
atm35000232,70,0,Thursday
atm35000233,825,20,Thursday
atm35000234,10,1265,Thursday
atm35000235,1200,420,Thursday
atm35000236,0,705,Thursday
atm35000237,0,0,Thursday
atm35000238,955,955,Thursday
atm35000239,370,1295,Thursday
atm35000240,755,20,Thursday
atm35000241,1180,795,Thursday
atm35000242,780,200,Thursday
atm35000243,785,835,Thursday
atm35000244,800,1580,Thursday
atm35000245,100,1210,Thursday
atm35000246,770,475,Thursday
atm35000247,1415,205,Thursday
atm35000248,840,1040,Thursday
atm35000249,450,875,Thursday
atm35000250,920,135,Thursday
atm35000251,0,270,Thursday
atm35000252,490,625,Thursday
atm35000253,510,225,Thursday
atm35000254,5,1160,Thursday
atm35000255,0,1190,Thursday
atm35000256,610,760,Thursday
atm35000257,640,1695,Thursday
atm35000258,1055,70,Thursday
atm35000259,5,5,Thursday
atm35000260,80,575,Thursday
atm35000261,665,350,Thursday
atm35000262,325,1355,Thursday
atm35000263,300,585,Thursday
atm35000264,0,1350,Thursday
atm3500036,1475,310,Thursday
atm3500037,1180,275,Thursday
atm3500038,0,70,Thursday
atm3500039,750,270,Thursday
atm3500040,440,1115,Thursday
atm3500041,1060,675,Thursday
atm3500042,820,340,Thursday
atm3500043,1325,1410,Thursday
atm3500044,110,435,Thursday
atm3500045,25,910,Thursday
atm3500046,150,1150,Thursday
atm3500047,1150,515,Thursday
atm3500048,330,0,Thursday
atm3500049,775,0,Thursday
atm3500050,1540,1000,Thursday
atm3500051,785,410,Thursday
atm3500052,0,665,Thursday
atm3500053,670,1110,Thursday
atm3500054,1035,560,Thursday
atm3500055,605,5,Thursday
atm3500056,6860,5395,Thursday
atm3500057,0,900,Thursday
atm3500058,925,655,Thursday
atm3500059,335,545,Thursday
atm3500060,960,555,Thursday
atm3500061,560,75,Thursday
atm3500066,415,435,Thursday
atm3500067,1030,330,Thursday
atm3500068,0,425,Thursday
atm3500069,1295,1415,Thursday
atm3500070,180,355,Thursday
atm3500071,785,1300,Thursday
atm3500072,1235,315,Thursday
atm3500073,1325,535,Thursday
atm3500074,75,0,Thursday
atm3500075,300,0,Thursday
atm3500076,5030,5770,Thursday
atm3500077,370,0,Thursday
atm3500078,375,365,Thursday
atm3500079,60,1280,Thursday
atm3500080,990,510,Thursday
atm3500081,365,200,Thursday
atm3500082,885,15,Thursday
atm3500083,5165,4520,Thursday
atm3500084,125,1185,Thursday
atm3500085,120,20,Thursday
atm3500086,490,540,Thursday
atm3500087,5555,6190,Thursday
atm3500088,235,1075,Thursday
atm3500089,1165,990,Thursday
atm3500090,315,150,Thursday
atm3500091,375,855,Thursday
atm3500092,480,1325,Thursday
atm3500093,830,1755,Thursday
atm3500094,215,1315,Thursday
atm3500095,755,1725,Thursday
atm3500096,965,0,Thursday
atm3500097,475,535,Thursday
atm3500098,0,1140,Thursday
atm3500099,120,30,Thursday
atm35000100,835,645,Thursday
atm35000101,150,620,Thursday
atm35000102,870,565,Thursday
atm35000103,500,615,Thursday
atm35000104,790,565,Thursday
atm35000105,0,105,Thursday
atm35000106,940,285,Thursday
atm35000107,215,1060,Thursday
atm35000108,20,110,Thursday
atm35000109,1180,675,Thursday
atm35000110,485,1155,Thursday
atm35000111,865,275,Thursday
atm35000112,530,430,Thursday
atm35000113,400,0,Thursday
atm35000114,785,495,Thursday
atm35000115,985,1260,Thursday
atm35000116,625,675,Thursday
atm35000117,20,505,Thursday
atm35000118,930,235,Thursday
atm35000119,340,155,Thursday
atm35000120,935,775,Thursday
atm35000121,430,205,Thursday
atm35000122,640,1045,Thursday
atm35000123,765,600,Thursday
atm35000124,5285,6200,Thursday
atm35000125,1145,445,Thursday
atm35000126,990,755,Thursday
atm35000127,685,890,Thursday
atm35000128,230,520,Thursday
atm35000129,855,160,Thursday
atm35000130,250,815,Thursday
atm35000131,220,50,Thursday
atm35000132,1140,0,Thursday
atm35000133,700,50,Thursday
atm35000134,615,265,Thursday
atm35000135,220,200,Thursday
atm35000136,1230,335,Thursday
atm35000137,1425,300,Thursday
atm35000138,505,310,Thursday
atm35000139,810,1020,Thursday
atm35000140,305,745,Thursday
atm35000141,290,615,Thursday
atm35000142,425,245,Thursday
atm35000143,370,2155,Thursday
atm35000144,365,190,Thursday
atm35000145,605,20,Thursday
atm35000146,505,0,Thursday
atm35000147,150,535,Thursday
atm35000148,300,805,Thursday
atm35000149,1805,705,Thursday
atm35000150,920,140,Thursday
atm35000151,510,1325,Thursday
atm35000152,175,225,Thursday
atm35000153,815,1245,Thursday
atm35000154,1170,1385,Thursday
atm35000155,715,205,Thursday
atm35000156,810,1055,Thursday
atm35000157,270,330,Thursday
atm35000158,660,1055,Thursday
atm35000159,260,575,Thursday
atm35000160,320,1130,Thursday
atm35000161,425,755,Thursday
atm35000162,210,660,Thursday
atm35000163,665,945,Thursday
atm35000164,1760,575,Thursday
atm35000165,485,10,Thursday
atm35000166,10,1050,Thursday
atm35000167,4050,5825,Thursday
atm35000168,5195,4630,Thursday
atm35000169,970,530,Thursday
atm35000170,1150,495,Thursday
atm35000171,505,810,Thursday
atm35000172,1135,5,Thursday
atm35000173,500,1030,Thursday
atm35000174,1390,780,Thursday
atm35000175,200,775,Thursday
atm35000176,930,665,Thursday
atm35000177,1480,975,Thursday
atm35000178,70,600,Thursday
atm35000179,1150,310,Thursday
atm35000180,725,810,Thursday
atm35000181,0,110,Thursday
atm35000182,905,1000,Thursday
atm35000183,445,475,Thursday
atm35000184,360,665,Thursday
atm35000185,665,860,Thursday
atm35000186,835,810,Thursday
atm35000187,480,655,Thursday
atm35000188,25,690,Thursday
atm35000189,0,1275,Thursday
atm35000190,680,480,Thursday
atm35000191,800,350,Thursday
atm35000192,930,20,Thursday
atm35000193,1450,225,Thursday
atm35000194,510,250,Thursday
atm35000195,200,155,Thursday
atm35000196,1270,1415,Thursday
atm35000197,680,590,Thursday
atm35000198,930,1355,Thursday
atm35000199,50,1020,Thursday
atm35000200,115,1090,Thursday
atm35000201,325,450,Thursday
atm35000202,40,885,Thursday
atm35000203,1130,15,Thursday
atm35000204,520,925,Thursday
atm35000205,600,235,Thursday
atm35000206,4085,5845,Thursday
atm35000207,810,335,Thursday
atm35000208,0,865,Thursday
atm35000209,255,200,Thursday
atm35000210,1130,440,Thursday
atm35000211,600,635,Thursday
atm35000212,355,0,Thursday
atm35000213,1350,665,Thursday
atm35000214,1595,1125,Thursday
atm35000215,0,760,Thursday
atm35000216,805,20,Thursday
atm35000217,20,425,Thursday
atm35000218,50,1490,Thursday
atm35000219,0,1255,Thursday
atm35000220,10,605,Thursday
atm35000221,1040,750,Thursday
atm35000222,895,1075,Thursday
atm35000223,675,630,Thursday
atm35000224,1415,350,Thursday
atm35000225,450,455,Thursday
atm35000226,150,0,Thursday
atm35000227,6960,6575,Thursday
atm35000228,760,420,Thursday
atm35000229,1185,755,Thursday
atm35000265,730,365,Thursday
atm35000266,405,1660,Thursday
atm35000267,1365,860,Thursday
atm35000268,110,490,Thursday
atm35000269,520,400,Thursday
atm35000270,955,545,Thursday
atm35000271,70,800,Thursday
atm35000272,3775,5075,Thursday
atm35000273,925,325,Thursday
atm35000274,4365,4905,Thursday
atm35000275,5480,5140,Thursday
atm35000276,55,20,Thursday
atm35000277,790,1080,Thursday
atm35000278,385,525,Thursday
atm35000279,5,805,Thursday
atm35000280,1085,330,Thursday
atm35000281,1645,765,Thursday
atm35000282,1075,950,Thursday
atm35000283,190,10,Thursday
atm35000284,1025,790,Thursday
atm35000285,185,165,Thursday
atm35000286,485,935,Thursday
atm35000287,1500,1030,Thursday
atm35000288,410,690,Thursday
atm35000289,775,410,Thursday
atm35000290,235,1055,Thursday
atm35000291,230,395,Thursday
atm35000292,990,645,Thursday
atm35000293,1180,285,Thursday
atm35000294,965,145,Thursday
atm35000295,635,1185,Thursday
atm35000296,125,220,Thursday
atm35000297,1050,845,Thursday
atm35000298,1475,40,Thursday
atm35000299,425,390,Thursday
atm35000300,845,250,Thursday
atm35000301,1165,600,Thursday
atm35000302,1350,1345,Thursday
atm35000303,550,745,Thursday
atm35000304,480,710,Thursday
atm35000305,650,295,Thursday
atm35000306,1000,1115,Thursday
atm35000307,1070,335,Thursday
atm35000308,1405,1020,Thursday
atm35000309,630,655,Thursday
atm35000310,270,205,Thursday
atm35000311,1195,0,Thursday
atm35000312,0,200,Thursday
atm35000313,970,590,Thursday
atm35000314,4230,5925,Thursday
atm35000315,330,305,Thursday
atm35000316,2210,750,Thursday
atm35000317,3785,5285,Thursday
atm35000318,250,260,Thursday
atm35000319,210,125,Thursday
atm35000320,695,0,Thursday
atm35000321,705,0,Thursday
atm35000322,995,865,Thursday
atm35000323,155,795,Thursday
atm35000324,990,425,Thursday
atm35000325,715,1475,Thursday
atm35000326,505,25,Thursday
atm35000327,30,1360,Thursday
atm35000328,940,1120,Thursday
atm35000329,905,0,Thursday
atm35000330,900,1120,Thursday
atm35000331,430,1480,Thursday
atm35000332,955,625,Thursday
atm35000333,320,0,Thursday
atm35000334,1440,590,Thursday
atm35000335,325,530,Thursday
atm35000336,895,560,Thursday
atm35000337,220,455,Thursday
atm35000338,285,305,Thursday
atm35000339,4540,5535,Thursday
atm35000340,390,1365,Thursday
atm35000341,895,0,Thursday
atm35000342,835,5,Thursday
atm35000343,995,735,Thursday
atm35000344,610,225,Thursday
atm35000345,485,0,Thursday
atm35000346,5,1270,Thursday
atm35000347,20,385,Thursday
atm35000348,110,960,Thursday
atm35000349,860,0,Thursday
atm35000350,495,435,Thursday
atm35000351,1170,1510,Thursday
atm35000352,920,160,Thursday
atm35000353,385,635,Thursday
atm35000354,25,555,Thursday
atm35000355,1170,5,Thursday
atm35000356,6525,6335,Thursday
atm35000357,520,1495,Thursday
atm35000358,355,1080,Thursday
atm0,0,0,Thursday
atm350001,570,245,Thursday
atm350002,680,200,Thursday
atm350003,465,1010,Thursday
atm350004,720,440,Thursday
atm350005,1135,1175,Thursday
atm350006,495,355,Thursday
atm350007,885,0,Thursday
atm350008,1075,170,Thursday
atm350009,680,105,Thursday
atm3500010,8190,5950,Thursday
atm3500011,955,20,Thursday
atm3500012,1010,1485,Thursday
atm3500013,665,530,Thursday
atm3500014,220,0,Thursday
atm3500015,235,105,Thursday
atm3500016,535,880,Thursday
atm3500017,915,515,Thursday
atm3500018,1325,265,Thursday
atm3500019,305,180,Thursday
atm3500020,1060,75,Thursday
atm3500021,890,250,Thursday
atm3500022,300,300,Thursday
atm3500023,260,530,Thursday
atm3500024,260,275,Thursday
atm3500025,1125,290,Thursday
atm3500026,360,1875,Thursday
atm3500027,940,20,Thursday
atm3500028,345,60,Thursday
atm3500029,855,460,Thursday
atm3500030,5,775,Thursday
atm3500031,0,730,Thursday
atm3500032,1245,715,Thursday
atm3500033,720,35,Thursday
atm3500034,1210,265,Thursday
atm3500035,200,440,Thursday
atm3500062,60,10,Thursday
atm3500063,495,1240,Thursday
atm3500064,150,935,Thursday
atm3500065,565,375,Thursday
atm35000230,985,260,Thursday
atm35000231,455,1345,Thursday
atm35000232,60,580,Thursday
atm35000233,1365,1230,Thursday
atm35000234,440,80,Thursday
atm35000235,110,815,Thursday
atm35000236,1125,275,Thursday
atm35000237,275,1270,Thursday
atm35000238,1230,645,Thursday
atm35000239,775,30,Thursday
atm35000240,200,610,Thursday
atm35000241,1005,1085,Thursday
atm35000242,115,115,Thursday
atm35000243,70,965,Thursday
atm35000244,175,700,Thursday
atm35000245,5,570,Thursday
atm35000246,870,0,Thursday
atm35000247,30,50,Thursday
atm35000248,1110,1100,Thursday
atm35000249,1920,855,Thursday
atm35000250,305,595,Thursday
atm35000251,65,380,Thursday
atm35000252,295,425,Thursday
atm35000253,520,1505,Thursday
atm35000254,515,5,Thursday
atm35000255,170,950,Thursday
atm35000256,1580,200,Thursday
atm35000257,435,245,Thursday
atm35000258,30,130,Thursday
atm35000259,845,1210,Thursday
atm35000260,250,35,Thursday
atm35000261,155,175,Thursday
atm35000262,10,210,Thursday
atm35000263,845,695,Thursday
atm35000264,960,860,Thursday
atm3500036,855,1785,Thursday
atm3500037,210,1545,Thursday
atm3500038,255,740,Thursday
atm3500039,1375,1155,Thursday
atm3500040,780,180,Thursday
atm3500041,340,1085,Thursday
atm3500042,815,1620,Thursday
atm3500043,580,570,Thursday
atm3500044,820,1015,Thursday
atm3500045,680,285,Thursday
atm3500046,330,15,Thursday
atm3500047,810,980,Thursday
atm3500048,430,0,Thursday
atm3500049,100,660,Thursday
atm3500050,1210,585,Thursday
atm3500051,350,490,Thursday
atm3500052,435,745,Thursday
atm3500053,695,200,Thursday
atm3500054,630,710,Thursday
atm3500055,675,425,Thursday
atm3500056,5405,4955,Thursday
atm3500057,0,0,Thursday
atm3500058,1140,1370,Thursday
atm3500059,0,255,Thursday
atm3500060,370,500,Thursday
atm3500061,1040,925,Thursday
atm3500066,1130,745,Thursday
atm3500067,305,1260,Thursday
atm3500068,675,250,Thursday
atm3500069,75,195,Thursday
atm3500070,1205,1300,Thursday
atm3500071,525,930,Thursday
atm3500072,650,525,Thursday
atm3500073,760,200,Thursday
atm3500074,270,365,Thursday
atm3500075,100,5,Thursday
atm3500076,3305,5875,Thursday
atm3500077,1270,1380,Thursday
atm3500078,15,1295,Thursday
atm3500079,985,985,Thursday
atm3500080,135,855,Thursday
atm3500081,1050,25,Thursday
atm3500082,1965,400,Thursday
atm3500083,5415,6730,Thursday
atm3500084,15,1575,Thursday
atm3500085,555,645,Thursday
atm3500086,965,750,Thursday
atm3500087,5690,4820,Thursday
atm3500088,1395,795,Thursday
atm3500089,25,580,Thursday
atm3500090,320,100,Thursday
atm3500091,1355,920,Thursday
atm3500092,1405,425,Thursday
atm3500093,1005,0,Thursday
atm3500094,1190,330,Thursday
atm3500095,390,1110,Thursday
atm3500096,105,620,Thursday
atm3500097,355,475,Thursday
atm3500098,1325,360,Thursday
atm3500099,120,1535,Thursday
atm35000100,395,960,Thursday
atm35000101,550,670,Thursday
atm35000102,1130,1020,Thursday
atm35000103,505,1030,Thursday
atm35000104,170,305,Thursday
atm35000105,20,335,Thursday
atm35000106,1310,305,Thursday
atm35000107,560,280,Thursday
atm35000108,890,145,Thursday
atm35000109,420,1050,Thursday
atm35000110,620,1540,Thursday
atm35000111,1005,1010,Thursday
atm35000112,495,815,Thursday
atm35000113,1060,490,Thursday
atm35000114,1415,5,Thursday
atm35000115,1350,820,Thursday
atm35000116,260,1310,Thursday
atm35000117,425,225,Thursday
atm35000118,735,1130,Thursday
atm35000119,830,250,Thursday
atm35000120,105,765,Thursday
atm35000121,640,465,Thursday
atm35000122,1010,940,Thursday
atm35000123,1110,520,Thursday
atm35000124,3120,6430,Thursday
atm35000125,680,595,Thursday
atm35000126,565,605,Thursday
atm35000127,410,945,Thursday
atm35000128,825,1235,Thursday
atm35000129,5,595,Thursday
atm35000130,1255,760,Thursday
atm35000131,1000,775,Thursday
atm35000132,1255,870,Thursday
atm35000133,700,1075,Thursday
atm35000134,655,510,Thursday
atm35000135,955,5,Thursday
atm35000136,5,225,Thursday
atm35000137,295,1050,Thursday
atm35000138,155,670,Thursday
atm35000139,1140,815,Thursday
atm35000140,1175,890,Thursday
atm35000141,530,815,Thursday
atm35000142,695,720,Thursday
atm35000143,820,765,Thursday
atm35000144,345,255,Thursday
atm35000145,150,1090,Thursday
atm35000146,1365,110,Thursday
atm35000147,325,110,Thursday
atm35000148,295,980,Thursday
atm35000149,1405,515,Thursday
atm35000150,40,20,Thursday
atm35000151,265,285,Thursday
atm35000152,820,445,Thursday
atm35000153,1390,5,Thursday
atm35000154,1185,470,Thursday
atm35000155,250,220,Thursday
atm35000156,340,505,Thursday
atm35000157,665,780,Thursday
atm35000158,375,1095,Thursday
atm35000159,765,75,Thursday
atm35000160,975,330,Thursday
atm35000161,585,1455,Thursday
atm35000162,875,815,Thursday
atm35000163,510,645,Thursday
atm35000164,635,860,Thursday
atm35000165,650,10,Thursday
atm35000166,140,335,Thursday
atm35000167,4825,5245,Thursday
atm35000168,5135,6310,Thursday
atm35000169,1175,575,Thursday
atm35000170,650,350,Thursday
atm35000171,940,140,Thursday
atm35000172,870,435,Thursday
atm35000173,440,885,Thursday
atm35000174,1155,600,Thursday
atm35000175,1630,895,Thursday
atm35000176,155,0,Thursday
atm35000177,1250,1080,Thursday
atm35000178,480,90,Thursday
atm35000179,160,400,Thursday
atm35000180,1910,135,Thursday
atm35000181,705,515,Thursday
atm35000182,1100,940,Thursday
atm35000183,205,245,Thursday
atm35000184,635,720,Thursday
atm35000185,790,1050,Thursday
atm35000186,405,1015,Thursday
atm35000187,360,645,Thursday
atm35000188,1305,1050,Thursday
atm35000189,370,420,Thursday
atm35000190,210,730,Thursday
atm35000191,280,525,Thursday
atm35000192,555,210,Thursday
atm35000193,1075,470,Thursday
atm35000194,320,895,Thursday
atm35000195,1105,645,Thursday
atm35000196,1170,1045,Thursday
atm35000197,475,125,Thursday
atm35000198,900,265,Thursday
atm35000199,735,250,Thursday
atm35000200,490,295,Thursday
atm35000201,760,1315,Thursday
atm35000202,740,205,Thursday
atm35000203,750,1435,Thursday
atm35000204,330,200,Thursday
atm35000205,595,840,Thursday
atm35000206,6670,6085,Thursday
atm35000207,1090,100,Thursday
atm35000208,1230,55,Thursday
atm35000209,975,1235,Thursday
atm35000210,790,400,Thursday
atm35000211,415,1015,Thursday
atm35000212,440,160,Thursday
atm35000213,50,450,Thursday
atm35000214,1350,950,Thursday
atm35000215,1355,615,Thursday
atm35000216,35,435,Thursday
atm35000217,1035,605,Thursday
atm35000218,300,1260,Thursday
atm35000219,1330,1305,Thursday
atm35000220,960,250,Thursday
atm35000221,325,255,Thursday
atm35000222,715,325,Thursday
atm35000223,250,715,Thursday
atm35000224,540,880,Thursday
atm35000225,1125,600,Thursday
atm35000226,600,60,Thursday
atm35000227,4320,6165,Thursday
atm35000228,5,690,Thursday
atm35000229,0,725,Thursday
atm35000265,125,585,Thursday
atm35000266,1125,1265,Thursday
atm35000267,755,635,Thursday
atm35000268,875,320,Thursday
atm35000269,640,575,Thursday
atm35000270,1165,225,Thursday
atm35000271,790,240,Thursday
atm35000272,5825,6800,Thursday
atm35000273,500,55,Thursday
atm35000274,6520,5175,Thursday
atm35000275,6450,5555,Thursday
atm35000276,440,405,Thursday
atm35000277,1395,510,Thursday
atm35000278,200,345,Thursday
atm35000279,535,695,Thursday
atm35000280,250,20,Thursday
atm35000281,800,1080,Thursday
atm35000282,465,1320,Thursday
atm35000283,1055,1400,Thursday
atm35000284,230,10,Thursday
atm35000285,500,95,Thursday
atm35000286,860,950,Thursday
atm35000287,0,155,Thursday
atm35000288,310,0,Thursday
atm35000289,365,520,Thursday
atm35000290,400,385,Thursday
atm35000291,30,100,Thursday
atm35000292,440,0,Thursday
atm35000293,35,975,Thursday
atm35000294,1210,270,Thursday
atm35000295,405,835,Thursday
atm35000296,1075,310,Thursday
atm35000297,0,380,Thursday
atm35000298,155,880,Thursday
atm35000299,110,285,Thursday
atm35000300,1620,0,Thursday
atm35000301,220,535,Thursday
atm35000302,355,575,Thursday
atm35000303,1310,775,Thursday
atm35000304,0,1175,Thursday
atm35000305,710,935,Thursday
atm35000306,370,505,Thursday
atm35000307,665,530,Thursday
atm35000308,1015,20,Thursday
atm35000309,1390,375,Thursday
atm35000310,665,490,Thursday
atm35000311,1150,870,Thursday
atm35000312,930,1645,Thursday
atm35000313,50,805,Thursday
atm35000314,6500,5715,Thursday
atm35000315,805,525,Thursday
atm35000316,5,0,Thursday
atm35000317,5515,6605,Thursday
atm35000318,920,515,Thursday
atm35000319,640,630,Thursday
atm35000320,450,580,Thursday
atm35000321,120,880,Thursday
atm35000322,1235,195,Thursday
atm35000323,990,460,Thursday
atm35000324,785,785,Thursday
atm35000325,880,355,Thursday
atm35000326,0,1740,Thursday
atm35000327,150,675,Thursday
atm35000328,405,960,Thursday
atm35000329,30,810,Thursday
atm35000330,1075,1030,Thursday
atm35000331,340,525,Thursday
atm35000332,1005,1060,Thursday
atm35000333,635,875,Thursday
atm35000334,300,350,Thursday
atm35000335,1440,710,Thursday
atm35000336,925,0,Thursday
atm35000337,730,1125,Thursday
atm35000338,860,1380,Thursday
atm35000339,3985,5820,Thursday
atm35000340,925,55,Thursday
atm35000341,860,1290,Thursday
atm35000342,515,10,Thursday
atm35000343,0,800,Thursday
atm35000344,160,355,Thursday
atm35000345,0,1265,Thursday
atm35000346,865,365,Thursday
atm35000347,405,995,Thursday
atm35000348,215,750,Thursday
atm35000349,220,1445,Thursday
atm35000350,240,490,Thursday
atm35000351,65,355,Thursday
atm35000352,115,1040,Thursday
atm35000353,890,430,Thursday
atm35000354,1065,650,Thursday
atm35000355,1290,815,Thursday
atm35000356,4280,6125,Thursday
atm35000357,985,190,Thursday
atm35000358,1155,235,Thursday
atm0,0,0,Thursday
atm350001,90,0,Thursday
atm350002,970,1150,Thursday
atm350003,50,200,Thursday
atm350004,1540,185,Thursday
atm350005,255,945,Thursday
atm350006,200,730,Thursday
atm350007,220,580,Thursday
atm350008,360,830,Thursday
atm350009,1730,720,Thursday
atm3500010,5965,5010,Thursday
atm3500011,175,1040,Thursday
atm3500012,1030,0,Thursday
atm3500013,75,1185,Thursday
atm3500014,235,525,Thursday
atm3500015,20,15,Thursday
atm3500016,0,0,Thursday
atm3500017,735,845,Thursday
atm3500018,830,205,Thursday
atm3500019,10,0,Thursday
atm3500020,1065,975,Thursday
atm3500021,290,80,Thursday
atm3500022,0,30,Thursday
atm3500023,25,400,Thursday
atm3500024,250,720,Thursday
atm3500025,470,855,Thursday
atm3500026,1260,435,Thursday
atm3500027,960,875,Thursday
atm3500028,1475,55,Thursday
atm3500029,1135,250,Thursday
atm3500030,1150,170,Thursday
atm3500031,1635,5,Thursday
atm3500032,725,1205,Thursday
atm3500033,0,815,Thursday
atm3500034,555,910,Thursday
atm3500035,830,655,Thursday
atm3500062,1555,0,Thursday
atm3500063,1195,905,Thursday
atm3500064,610,580,Thursday
atm3500065,0,1230,Thursday
atm35000230,765,345,Thursday
atm35000231,990,1390,Thursday
atm35000232,375,1080,Thursday
atm35000233,1015,1020,Thursday
atm35000234,755,660,Thursday
atm35000235,710,1175,Thursday
atm35000236,970,105,Thursday
atm35000237,100,0,Thursday
atm35000238,750,5,Thursday
atm35000239,505,90,Thursday
atm35000240,1085,125,Thursday
atm35000241,775,950,Thursday
atm35000242,530,870,Thursday
atm35000243,220,945,Thursday
atm35000244,830,495,Thursday
atm35000245,1400,465,Thursday
atm35000246,600,915,Thursday
atm35000247,1160,1160,Thursday
atm35000248,1340,950,Thursday
atm35000249,1330,500,Thursday
atm35000250,525,975,Thursday
atm35000251,965,345,Thursday
atm35000252,5,500,Thursday
atm35000253,780,210,Thursday
atm35000254,845,1110,Thursday
atm35000255,1095,580,Thursday
atm35000256,0,150,Thursday
atm35000257,240,20,Thursday
atm35000258,720,1210,Thursday
atm35000259,695,100,Thursday
atm35000260,40,410,Thursday
atm35000261,1055,65,Thursday
atm35000262,1310,660,Thursday
atm35000263,1020,810,Thursday
atm35000264,210,1570,Thursday
atm3500036,135,1475,Thursday
atm3500037,845,740,Thursday
atm3500038,760,90,Thursday
atm3500039,655,150,Thursday
atm3500040,1010,1530,Thursday
atm3500041,50,980,Thursday
atm3500042,1595,1245,Thursday
atm3500043,655,1110,Thursday
atm3500044,645,1265,Thursday
atm3500045,620,1705,Thursday
atm3500046,470,1335,Thursday
atm3500047,1320,1165,Thursday
atm3500048,230,380,Thursday
atm3500049,505,10,Thursday
atm3500050,1615,400,Thursday
atm3500051,585,955,Thursday
atm3500052,25,825,Thursday
atm3500053,375,875,Thursday
atm3500054,355,810,Thursday
atm3500055,790,175,Thursday
atm3500056,2845,5485,Thursday
atm3500057,775,505,Thursday
atm3500058,605,0,Thursday
atm3500059,685,0,Thursday
atm3500060,460,1370,Thursday
atm3500061,460,1000,Thursday
atm3500066,220,1180,Thursday
atm3500067,485,575,Thursday
atm3500068,805,555,Thursday
atm3500069,280,540,Thursday
atm3500070,1295,1305,Thursday
atm3500071,10,1705,Thursday
atm3500072,635,820,Thursday
atm3500073,1215,1000,Thursday
atm3500074,995,310,Thursday
atm3500075,610,1215,Thursday
atm3500076,5955,4970,Thursday
atm3500077,665,1385,Thursday
atm3500078,355,1235,Thursday
atm3500079,1600,410,Thursday
atm3500080,95,10,Thursday
atm3500081,245,660,Thursday
atm3500082,1135,1025,Thursday
atm3500083,6020,7265,Thursday
atm3500084,330,110,Thursday
atm3500085,980,1030,Thursday
atm3500086,305,805,Thursday
atm3500087,5915,5690,Thursday
atm3500088,355,560,Thursday
atm3500089,1245,360,Thursday
atm3500090,755,775,Thursday
atm3500091,15,635,Thursday
atm3500092,470,200,Thursday
atm3500093,20,580,Thursday
atm3500094,1430,310,Thursday
atm3500095,325,1055,Thursday
atm3500096,525,820,Thursday
atm3500097,1350,440,Thursday
atm3500098,5,645,Thursday
atm3500099,440,500,Thursday
atm35000100,950,470,Thursday
atm35000101,1510,790,Thursday
atm35000102,0,1595,Thursday
atm35000103,300,540,Thursday
atm35000104,700,210,Thursday
atm35000105,80,415,Thursday
atm35000106,1290,1800,Thursday
atm35000107,1065,995,Thursday
atm35000108,1315,975,Thursday
atm35000109,1665,560,Thursday
atm35000110,300,255,Thursday
atm35000111,865,245,Thursday
atm35000112,35,650,Thursday
atm35000113,315,85,Thursday
atm35000114,20,350,Thursday
atm35000115,825,750,Thursday
atm35000116,765,1050,Thursday
atm35000117,445,720,Thursday
atm35000118,40,205,Thursday
atm35000119,55,495,Thursday
atm35000120,550,955,Thursday
atm35000121,385,385,Thursday
atm35000122,590,1725,Thursday
atm35000123,235,1245,Thursday
atm35000124,5875,5380,Thursday
atm35000125,760,300,Thursday
atm35000126,730,1055,Thursday
atm35000127,925,360,Thursday
atm35000128,1540,60,Thursday
atm35000129,260,670,Thursday
atm35000130,200,355,Thursday
atm35000131,150,150,Thursday
atm35000132,1055,930,Thursday
atm35000133,555,545,Thursday
atm35000134,940,1190,Thursday
atm35000135,715,275,Thursday
atm35000136,540,1135,Thursday
atm35000137,20,1390,Thursday
atm35000138,30,1115,Thursday
atm35000139,210,990,Thursday
atm35000140,625,790,Thursday
atm35000141,920,1105,Thursday
atm35000142,1030,200,Thursday
atm35000143,350,555,Thursday
atm35000144,600,805,Thursday
atm35000145,675,840,Thursday
atm35000146,0,0,Thursday
atm35000147,595,880,Thursday
atm35000148,1215,850,Thursday
atm35000149,1025,465,Thursday
atm35000150,650,220,Thursday
atm35000151,395,1545,Thursday
atm35000152,1315,230,Thursday
atm35000153,820,210,Thursday
atm35000154,430,50,Thursday
atm35000155,60,150,Thursday
atm35000156,430,450,Thursday
atm35000157,865,610,Thursday
atm35000158,775,260,Thursday
atm35000159,210,765,Thursday
atm35000160,670,655,Thursday
atm35000161,1000,155,Thursday
atm35000162,850,1255,Thursday
atm35000163,955,840,Thursday
atm35000164,540,1070,Thursday
atm35000165,955,710,Thursday
atm35000166,0,925,Thursday
atm35000167,4525,5515,Thursday
atm35000168,4985,5800,Thursday
atm35000169,640,960,Thursday
atm35000170,65,70,Thursday
atm35000171,565,0,Thursday
atm35000172,705,5,Thursday
atm35000173,165,10,Thursday
atm35000174,240,455,Thursday
atm35000175,760,560,Thursday
atm35000176,60,1560,Thursday
atm35000177,25,1590,Thursday
atm35000178,455,465,Thursday
atm35000179,0,255,Thursday
atm35000180,240,560,Thursday
atm35000181,270,200,Thursday
atm35000182,1045,0,Thursday
atm35000183,1125,260,Thursday
atm35000184,955,1190,Thursday
atm35000185,510,80,Thursday
atm35000186,155,955,Thursday
atm35000187,1210,600,Thursday
atm35000188,350,265,Thursday
atm35000189,670,420,Thursday
atm35000190,1255,840,Thursday
atm35000191,610,100,Thursday
atm35000192,1575,430,Thursday
atm35000193,555,250,Thursday
atm35000194,1880,745,Thursday
atm35000195,190,820,Thursday
atm35000196,200,120,Thursday
atm35000197,885,880,Thursday
atm35000198,505,665,Thursday
atm35000199,1620,125,Thursday
atm35000200,50,920,Thursday
atm35000201,520,435,Thursday
atm35000202,1155,50,Thursday
atm35000203,560,940,Thursday
atm35000204,660,1375,Thursday
atm35000205,980,350,Thursday
atm35000206,5765,4440,Thursday
atm35000207,500,430,Thursday
atm35000208,1510,695,Thursday
atm35000209,30,390,Thursday
atm35000210,1170,255,Thursday
atm35000211,295,430,Thursday
atm35000212,1100,70,Thursday
atm35000213,415,1315,Thursday
atm35000214,0,590,Thursday
atm35000215,910,495,Thursday
atm35000216,0,1610,Thursday
atm35000217,95,415,Thursday
atm35000218,215,880,Thursday
atm35000219,1605,505,Thursday
atm35000220,955,525,Thursday
atm35000221,785,1350,Thursday
atm35000222,1330,0,Thursday
atm35000223,1795,1365,Thursday
atm35000224,1025,1250,Thursday
atm35000225,250,100,Thursday
atm35000226,50,270,Thursday
atm35000227,5570,5230,Thursday
atm35000228,1235,105,Thursday
atm35000229,850,480,Thursday
atm35000265,770,805,Thursday
atm35000266,1050,1065,Thursday
atm35000267,795,270,Thursday
atm35000268,0,580,Thursday
atm35000269,905,460,Thursday
atm35000270,385,340,Thursday
atm35000271,1100,470,Thursday
atm35000272,4480,6200,Thursday
atm35000273,205,1135,Thursday
atm35000274,4360,5180,Thursday
atm35000275,5750,5985,Thursday
atm35000276,975,715,Thursday
atm35000277,1320,1435,Thursday
atm35000278,955,1275,Thursday
atm35000279,1060,80,Thursday
atm35000280,450,555,Thursday
atm35000281,520,640,Thursday
atm35000282,600,45,Thursday
atm35000283,1255,480,Thursday
atm35000284,655,270,Thursday
atm35000285,610,580,Thursday
atm35000286,1045,1165,Thursday
atm35000287,445,780,Thursday
atm35000288,1430,705,Thursday
atm35000289,575,210,Thursday
atm35000290,1325,260,Thursday
atm35000291,240,905,Thursday
atm35000292,1270,640,Thursday
atm35000293,1005,480,Thursday
atm35000294,1350,60,Thursday
atm35000295,875,10,Thursday
atm35000296,60,615,Thursday
atm35000297,1335,585,Thursday
atm35000298,200,1675,Thursday
atm35000299,600,575,Thursday
atm35000300,515,90,Thursday
atm35000301,870,50,Thursday
atm35000302,20,1315,Thursday
atm35000303,450,565,Thursday
atm35000304,740,895,Thursday
atm35000305,50,1805,Thursday
atm35000306,495,120,Thursday
atm35000307,70,890,Thursday
atm35000308,395,1260,Thursday
atm35000309,70,225,Thursday
atm35000310,40,0,Thursday
atm35000311,655,1020,Thursday
atm35000312,150,540,Thursday
atm35000313,505,435,Thursday
atm35000314,5050,4295,Thursday
atm35000315,335,900,Thursday
atm35000316,690,810,Thursday
atm35000317,3920,5530,Thursday
atm35000318,615,910,Thursday
atm35000319,320,0,Thursday
atm35000320,865,360,Thursday
atm35000321,50,805,Thursday
atm35000322,265,775,Thursday
atm35000323,5,1075,Thursday
atm35000324,850,50,Thursday
atm35000325,50,270,Thursday
atm35000326,555,510,Thursday
atm35000327,955,1280,Thursday
atm35000328,440,850,Thursday
atm35000329,1515,1260,Thursday
atm35000330,185,355,Thursday
atm35000331,360,665,Thursday
atm35000332,180,80,Thursday
atm35000333,955,565,Thursday
atm35000334,665,600,Thursday
atm35000335,1355,75,Thursday
atm35000336,565,1230,Thursday
atm35000337,710,1010,Thursday
atm35000338,520,880,Thursday
atm35000339,5870,5720,Thursday
atm35000340,55,355,Thursday
atm35000341,1365,1045,Thursday
atm35000342,545,1255,Thursday
atm35000343,665,630,Thursday
atm35000344,670,375,Thursday
atm35000345,1185,740,Thursday
atm35000346,120,805,Thursday
atm35000347,50,160,Thursday
atm35000348,1160,905,Thursday
atm35000349,1385,750,Thursday
atm35000350,975,570,Thursday
atm35000351,1115,805,Thursday
atm35000352,0,395,Thursday
atm35000353,230,0,Thursday
atm35000354,755,0,Thursday
atm35000355,105,330,Thursday
atm35000356,5770,6045,Thursday
atm35000357,0,465,Thursday
atm35000358,1140,675,Thursday
atm0,0,0,Thursday
atm350001,2410,3065,Thursday
atm350002,5680,3680,Thursday
atm350003,2725,2790,Thursday
atm350004,2815,3820,Thursday
atm350005,5725,3275,Thursday
atm350006,5650,2650,Thursday
atm350007,2680,6015,Thursday
atm350008,2460,5660,Thursday
atm350009,4640,3755,Thursday
atm3500010,5570,6130,Thursday
atm3500011,6625,3630,Thursday
atm3500012,2525,6955,Thursday
atm3500013,6295,4755,Thursday
atm3500014,5985,5470,Thursday
atm3500015,4575,3925,Thursday
atm3500016,5045,5040,Thursday
atm3500017,2385,6105,Thursday
atm3500018,2460,4710,Thursday
atm3500019,3030,6705,Thursday
atm3500020,2720,3690,Thursday
atm3500021,5595,3445,Thursday
atm3500022,3055,4270,Thursday
atm3500023,2115,6055,Thursday
atm3500024,5655,6550,Thursday
atm3500025,5460,3505,Thursday
atm3500026,4130,5630,Thursday
atm3500027,3780,5760,Thursday
atm3500028,1970,3965,Thursday
atm3500029,4135,6135,Thursday
atm3500030,4205,6455,Thursday
atm3500031,3000,5210,Thursday
atm3500032,2625,4915,Thursday
atm3500033,3800,6470,Thursday
atm3500034,3760,4740,Thursday
atm3500035,5510,4855,Thursday
atm3500062,5495,4200,Thursday
atm3500063,1760,3640,Thursday
atm3500064,3215,4990,Thursday
atm3500065,1700,5265,Thursday
atm35000230,1795,5730,Thursday
atm35000231,5550,5975,Thursday
atm35000232,5080,3645,Thursday
atm35000233,3160,5255,Thursday
atm35000234,2610,5385,Thursday
atm35000235,5460,4775,Thursday
atm35000236,5440,6450,Thursday
atm35000237,2180,4065,Thursday
atm35000238,5040,6940,Thursday
atm35000239,2605,5565,Thursday
atm35000240,3235,3695,Thursday
atm35000241,5570,7850,Thursday
atm35000242,4945,4270,Thursday
atm35000243,2305,6400,Thursday
atm35000244,1690,4975,Thursday
atm35000245,2370,4355,Thursday
atm35000246,2605,5230,Thursday
atm35000247,3550,5360,Thursday
atm35000248,3665,5855,Thursday
atm35000249,2275,5365,Thursday
atm35000250,1980,4965,Thursday
atm35000251,6490,4340,Thursday
atm35000252,5895,3695,Thursday
atm35000253,7010,5710,Thursday
atm35000254,6355,4555,Thursday
atm35000255,4445,5280,Thursday
atm35000256,2100,4375,Thursday
atm35000257,5465,5890,Thursday
atm35000258,3365,3755,Thursday
atm35000259,5075,6050,Thursday
atm35000260,1770,6045,Thursday
atm35000261,4775,4495,Thursday
atm35000262,2210,5765,Thursday
atm35000263,3475,6600,Thursday
atm35000264,4355,6110,Thursday
atm3500036,7130,4480,Thursday
atm3500037,4120,6105,Thursday
atm3500038,2115,7250,Thursday
atm3500039,2300,5485,Thursday
atm3500040,4895,4570,Thursday
atm3500041,5180,4520,Thursday
atm3500042,5885,6335,Thursday
atm3500043,1930,5725,Thursday
atm3500044,3280,3575,Thursday
atm3500045,2950,3750,Thursday
atm3500046,5630,5805,Thursday
atm3500047,2950,5370,Thursday
atm3500048,5120,4990,Thursday
atm3500049,6660,3880,Thursday
atm3500050,3670,4875,Thursday
atm3500051,4625,2500,Thursday
atm3500052,3780,3285,Thursday
atm3500053,5045,3580,Thursday
atm3500054,5550,4000,Thursday
atm3500055,4505,3660,Thursday
atm3500056,4950,7315,Thursday
atm3500057,2300,4890,Thursday
atm3500058,6160,3705,Thursday
atm3500059,3315,6270,Thursday
atm3500060,6975,6215,Thursday
atm3500061,5095,3615,Thursday
atm3500066,2825,4415,Thursday
atm3500067,2480,5290,Thursday
atm3500068,5840,6100,Thursday
atm3500069,3080,5455,Thursday
atm3500070,4190,3390,Thursday
atm3500071,4280,3830,Thursday
atm3500072,4915,4330,Thursday
atm3500073,2555,4210,Thursday
atm3500074,5780,3770,Thursday
atm3500075,5215,5380,Thursday
atm3500076,3915,5295,Thursday
atm3500077,1840,4205,Thursday
atm3500078,5700,4500,Thursday
atm3500079,2225,5300,Thursday
atm3500080,3810,3375,Thursday
atm3500081,4890,8135,Thursday
atm3500082,4040,4760,Thursday
atm3500083,5845,7495,Thursday
atm3500084,2690,3010,Thursday
atm3500085,4620,3350,Thursday
atm3500086,4255,6370,Thursday
atm3500087,6265,5640,Thursday
atm3500088,5525,5215,Thursday
atm3500089,6485,3885,Thursday
atm3500090,2945,5265,Thursday
atm3500091,3880,4710,Thursday
atm3500092,3050,5660,Thursday
atm3500093,5085,4900,Thursday
atm3500094,3980,4230,Thursday
atm3500095,5815,2705,Thursday
atm3500096,3495,4525,Thursday
atm3500097,5910,6880,Thursday
atm3500098,5150,6520,Thursday
atm3500099,7025,6630,Thursday
atm35000100,4035,7840,Thursday
atm35000101,1755,6855,Thursday
atm35000102,2480,5995,Thursday
atm35000103,3405,5165,Thursday
atm35000104,5285,4635,Thursday
atm35000105,2785,4095,Thursday
atm35000106,5250,3890,Thursday
atm35000107,5710,3390,Thursday
atm35000108,5155,4075,Thursday
atm35000109,3340,5785,Thursday
atm35000110,3265,2925,Thursday
atm35000111,2895,3535,Thursday
atm35000112,4745,3860,Thursday
atm35000113,6130,5535,Thursday
atm35000114,5745,4950,Thursday
atm35000115,6185,4450,Thursday
atm35000116,3355,5180,Thursday
atm35000117,5845,5070,Thursday
atm35000118,5845,5200,Thursday
atm35000119,2345,4390,Thursday
atm35000120,4495,5990,Thursday
atm35000121,6760,5195,Thursday
atm35000122,2165,6175,Thursday
atm35000123,5715,5505,Thursday
atm35000124,3940,4355,Thursday
atm35000125,2710,5665,Thursday
atm35000126,5185,3625,Thursday
atm35000127,3415,3920,Thursday
atm35000128,7360,5160,Thursday
atm35000129,6835,2480,Thursday
atm35000130,1935,3940,Thursday
atm35000131,3075,5350,Thursday
atm35000132,4755,6355,Thursday
atm35000133,4655,4255,Thursday
atm35000134,2190,6880,Thursday
atm35000135,4005,2860,Thursday
atm35000136,1935,4025,Thursday
atm35000137,6705,4480,Thursday
atm35000138,5430,3415,Thursday
atm35000139,2710,3450,Thursday
atm35000140,5940,5595,Thursday
atm35000141,3365,5620,Thursday
atm35000142,3155,5345,Thursday
atm35000143,2300,6115,Thursday
atm35000144,6095,6240,Thursday
atm35000145,5945,6265,Thursday
atm35000146,6075,5930,Thursday
atm35000147,6615,4930,Thursday
atm35000148,4510,4950,Thursday
atm35000149,2245,5780,Thursday
atm35000150,2245,5315,Thursday
atm35000151,5420,5865,Thursday
atm35000152,5060,3375,Thursday
atm35000153,1345,4525,Thursday
atm35000154,4535,3210,Thursday
atm35000155,4740,5815,Thursday
atm35000156,4205,3565,Thursday
atm35000157,5110,4380,Thursday
atm35000158,3280,5640,Thursday
atm35000159,4435,5075,Thursday
atm35000160,6100,5130,Thursday
atm35000161,3100,3825,Thursday
atm35000162,2385,5485,Thursday
atm35000163,2745,5950,Thursday
atm35000164,5035,5370,Thursday
atm35000165,3935,4150,Thursday
atm35000166,4855,6205,Thursday
atm35000167,5700,7295,Thursday
atm35000168,6050,6735,Thursday
atm35000169,3755,3130,Thursday
atm35000170,2680,3210,Thursday
atm35000171,4730,4070,Thursday
atm35000172,2115,3680,Thursday
atm35000173,3105,5940,Thursday
atm35000174,2405,4795,Thursday
atm35000175,3840,6290,Thursday
atm35000176,3965,6195,Thursday
atm35000177,3270,3675,Thursday
atm35000178,3540,3875,Thursday
atm35000179,5310,4490,Thursday
atm35000180,5155,2690,Thursday
atm35000181,5595,4765,Thursday
atm35000182,4165,5960,Thursday
atm35000183,3815,4055,Thursday
atm35000184,4560,3925,Thursday
atm35000185,3050,4435,Thursday
atm35000186,2635,5855,Thursday
atm35000187,3950,4250,Thursday
atm35000188,3470,6300,Thursday
atm35000189,2770,4825,Thursday
atm35000190,3815,4400,Thursday
atm35000191,3170,3970,Thursday
atm35000192,6815,6795,Thursday
atm35000193,5585,3140,Thursday
atm35000194,4710,3135,Thursday
atm35000195,4585,5695,Thursday
atm35000196,3555,4270,Thursday
atm35000197,4440,6655,Thursday
atm35000198,4745,5710,Thursday
atm35000199,2295,5860,Thursday
atm35000200,5385,3740,Thursday
atm35000201,5745,3825,Thursday
atm35000202,3130,5765,Thursday
atm35000203,6520,4535,Thursday
atm35000204,3620,5840,Thursday
atm35000205,5305,3400,Thursday
atm35000206,6700,6380,Thursday
atm35000207,4645,4205,Thursday
atm35000208,4715,3915,Thursday
atm35000209,4170,5970,Thursday
atm35000210,5665,4490,Thursday
atm35000211,5740,4350,Thursday
atm35000212,7455,4800,Thursday
atm35000213,5105,4280,Thursday
atm35000214,2035,6035,Thursday
atm35000215,1250,3845,Thursday
atm35000216,5695,5745,Thursday
atm35000217,3375,6165,Thursday
atm35000218,3805,3815,Thursday
atm35000219,1930,2645,Thursday
atm35000220,3980,6140,Thursday
atm35000221,4475,7285,Thursday
atm35000222,3155,5760,Thursday
atm35000223,5405,3585,Thursday
atm35000224,5355,5470,Thursday
atm35000225,2485,3840,Thursday
atm35000226,4100,3925,Thursday
atm35000227,3310,5230,Thursday
atm35000228,2845,4260,Thursday
atm35000229,5250,4095,Thursday
atm35000265,3265,3835,Thursday
atm35000266,3205,5565,Thursday
atm35000267,4570,3500,Thursday
atm35000268,4470,4255,Thursday
atm35000269,3320,5135,Thursday
atm35000270,4715,3555,Thursday
atm35000271,3945,6720,Thursday
atm35000272,5115,5740,Thursday
atm35000273,4925,6710,Thursday
atm35000274,5645,5180,Thursday
atm35000275,5450,5535,Thursday
atm35000276,4835,7045,Thursday
atm35000277,5420,3610,Thursday
atm35000278,4350,3820,Thursday
atm35000279,2160,4100,Thursday
atm35000280,2035,4565,Thursday
atm35000281,2800,6020,Thursday
atm35000282,5745,4930,Thursday
atm35000283,6565,3580,Thursday
atm35000284,2410,3450,Thursday
atm35000285,3285,5310,Thursday
atm35000286,5245,6110,Thursday
atm35000287,6455,4560,Thursday
atm35000288,4575,4130,Thursday
atm35000289,7175,6270,Thursday
atm35000290,4575,4440,Thursday
atm35000291,2395,4815,Thursday
atm35000292,1870,2995,Thursday
atm35000293,7490,3325,Thursday
atm35000294,6145,6055,Thursday
atm35000295,4900,5315,Thursday
atm35000296,2980,5725,Thursday
atm35000297,3445,5920,Thursday
atm35000298,6215,3425,Thursday
atm35000299,2195,3775,Thursday
atm35000300,4550,4380,Thursday
atm35000301,3575,3165,Thursday
atm35000302,5070,6365,Thursday
atm35000303,3835,4820,Thursday
atm35000304,2635,6375,Thursday
atm35000305,4990,3135,Thursday
atm35000306,3675,6265,Thursday
atm35000307,4665,5135,Thursday
atm35000308,2630,5135,Thursday
atm35000309,1845,4945,Thursday
atm35000310,4415,4365,Thursday
atm35000311,3445,6250,Thursday
atm35000312,4055,3545,Thursday
atm35000313,2995,5050,Thursday
atm35000314,6205,7200,Thursday
atm35000315,2730,3405,Thursday
atm35000316,5360,4275,Thursday
atm35000317,3980,6280,Thursday
atm35000318,4890,4175,Thursday
atm35000319,4615,3600,Thursday
atm35000320,5270,3365,Thursday
atm35000321,3735,4135,Thursday
atm35000322,4135,5245,Thursday
atm35000323,4965,3790,Thursday
atm35000324,3650,5435,Thursday
atm35000325,2935,6320,Thursday
atm35000326,2200,4325,Thursday
atm35000327,5310,6840,Thursday
atm35000328,4830,5430,Thursday
atm35000329,4620,2440,Thursday
atm35000330,2365,4385,Thursday
atm35000331,2365,5540,Thursday
atm35000332,4410,3675,Thursday
atm35000333,4890,3015,Thursday
atm35000334,3215,3015,Thursday
atm35000335,3070,2435,Thursday
atm35000336,5825,3540,Thursday
atm35000337,3780,3810,Thursday
atm35000338,2275,5975,Thursday
atm35000339,5330,5295,Thursday
atm35000340,5975,3210,Thursday
atm35000341,3440,6380,Thursday
atm35000342,3320,4670,Thursday
atm35000343,4615,5315,Thursday
atm35000344,4870,4200,Thursday
atm35000345,5425,5085,Thursday
atm35000346,4025,5890,Thursday
atm35000347,2395,2780,Thursday
atm35000348,3085,4355,Thursday
atm35000349,5785,4130,Thursday
atm35000350,4760,3990,Thursday
atm35000351,2110,4640,Thursday
atm35000352,1770,6230,Thursday
atm35000353,2530,6125,Thursday
atm35000354,4850,4195,Thursday
atm35000355,2070,4400,Thursday
atm35000356,5765,5425,Thursday
atm35000357,3965,2885,Thursday
atm35000358,1305,4205,Thursday
atm0,0,0,Thursday
atm350001,5240,4760,Thursday
atm350002,2940,3510,Thursday
atm350003,4935,7125,Thursday
atm350004,1750,5315,Thursday
atm350005,6375,5130,Thursday
atm350006,4945,5025,Thursday
atm350007,2685,5625,Thursday
atm350008,6360,6120,Thursday
atm350009,5005,5050,Thursday
atm3500010,4260,5870,Thursday
atm3500011,3770,2855,Thursday
atm3500012,2345,3340,Thursday
atm3500013,4290,4800,Thursday
atm3500014,5355,3350,Thursday
atm3500015,4900,6540,Thursday
atm3500016,4390,5670,Thursday
atm3500017,7575,3210,Thursday
atm3500018,1990,4685,Thursday
atm3500019,2705,7000,Thursday
atm3500020,3785,5275,Thursday
atm3500021,2335,5590,Thursday
atm3500022,3685,5370,Thursday
atm3500023,5125,4380,Thursday
atm3500024,4385,5925,Thursday
atm3500025,6220,3835,Thursday
atm3500026,3820,4620,Thursday
atm3500027,4540,5130,Thursday
atm3500028,3765,4490,Thursday
atm3500029,5295,4705,Thursday
atm3500030,7075,5565,Thursday
atm3500031,2515,3745,Thursday
atm3500032,6145,5145,Thursday
atm3500033,4310,6110,Thursday
atm3500034,3885,6655,Thursday
atm3500035,3375,4825,Thursday
atm3500062,1675,5130,Thursday
atm3500063,1490,2980,Thursday
atm3500064,4185,4415,Thursday
atm3500065,1705,5595,Thursday
atm35000230,6085,4615,Thursday
atm35000231,4380,7120,Thursday
atm35000232,5850,6655,Thursday
atm35000233,3395,5755,Thursday
atm35000234,1625,5305,Thursday
atm35000235,2340,2525,Thursday
atm35000236,6590,5690,Thursday
atm35000237,4285,7035,Thursday
atm35000238,3945,4180,Thursday
atm35000239,4830,4260,Thursday
atm35000240,6935,5090,Thursday
atm35000241,3910,5375,Thursday
atm35000242,3390,6245,Thursday
atm35000243,5520,6920,Thursday
atm35000244,4340,5000,Thursday
atm35000245,4505,2870,Thursday
atm35000246,2375,5925,Thursday
atm35000247,4170,6175,Thursday
atm35000248,3260,5570,Thursday
atm35000249,5035,7080,Thursday
atm35000250,5205,5180,Thursday
atm35000251,4215,4090,Thursday
atm35000252,5765,5600,Thursday
atm35000253,6310,6260,Thursday
atm35000254,7155,6860,Thursday
atm35000255,6180,3340,Thursday
atm35000256,3250,5870,Thursday
atm35000257,6245,4670,Thursday
atm35000258,5835,6740,Thursday
atm35000259,4150,5345,Thursday
atm35000260,2875,5070,Thursday
atm35000261,4020,5185,Thursday
atm35000262,4700,5415,Thursday
atm35000263,3625,3685,Thursday
atm35000264,2740,4585,Thursday
atm3500036,2435,4410,Thursday
atm3500037,5525,4830,Thursday
atm3500038,5165,5870,Thursday
atm3500039,5505,6040,Thursday
atm3500040,3900,3720,Thursday
atm3500041,3140,5035,Thursday
atm3500042,4065,4625,Thursday
atm3500043,4035,4375,Thursday
atm3500044,3805,3440,Thursday
atm3500045,4365,2690,Thursday
atm3500046,2025,5730,Thursday
atm3500047,5050,4875,Thursday
atm3500048,5795,3870,Thursday
atm3500049,6280,5235,Thursday
atm3500050,2880,5860,Thursday
atm3500051,5000,3875,Thursday
atm3500052,2650,3430,Thursday
atm3500053,1585,4250,Thursday
atm3500054,2255,5520,Thursday
atm3500055,5385,4830,Thursday
atm3500056,6705,5210,Thursday
atm3500057,3565,6625,Thursday
atm3500058,6490,4565,Thursday
atm3500059,4030,4080,Thursday
atm3500060,4620,3260,Thursday
atm3500061,2990,5560,Thursday
atm3500066,3395,5320,Thursday
atm3500067,4240,4715,Thursday
atm3500068,6460,4095,Thursday
atm3500069,3035,4390,Thursday
atm3500070,5920,3445,Thursday
atm3500071,3165,5600,Thursday
atm3500072,6150,5765,Thursday
atm3500073,1625,5425,Thursday
atm3500074,4875,5320,Thursday
atm3500075,3360,3200,Thursday
atm3500076,6480,6125,Thursday
atm3500077,5905,3245,Thursday
atm3500078,5550,3815,Thursday
atm3500079,5755,6385,Thursday
atm3500080,6215,5005,Thursday
atm3500081,4320,4405,Thursday
atm3500082,2730,5235,Thursday
atm3500083,4110,4795,Thursday
atm3500084,4200,5885,Thursday
atm3500085,3850,2535,Thursday
atm3500086,3550,6320,Thursday
atm3500087,5460,6105,Thursday
atm3500088,2910,5930,Thursday
atm3500089,1750,4240,Thursday
atm3500090,5085,4215,Thursday
atm3500091,3400,3090,Thursday
atm3500092,4015,4465,Thursday
atm3500093,2700,4825,Thursday
atm3500094,4500,6295,Thursday
atm3500095,4080,4300,Thursday
atm3500096,4315,4560,Thursday
atm3500097,6800,5965,Thursday
atm3500098,2575,5575,Thursday
atm3500099,3515,7080,Thursday
atm35000100,4260,5860,Thursday
atm35000101,5570,5265,Thursday
atm35000102,4190,4700,Thursday
atm35000103,4115,4150,Thursday
atm35000104,2320,4445,Thursday
atm35000105,3500,3905,Thursday
atm35000106,3935,4440,Thursday
atm35000107,4230,5945,Thursday
atm35000108,1840,3350,Thursday
atm35000109,2565,4670,Thursday
atm35000110,6820,3640,Thursday
atm35000111,3400,6485,Thursday
atm35000112,3750,6165,Thursday
atm35000113,5725,6810,Thursday
atm35000114,3640,4270,Thursday
atm35000115,7215,5330,Thursday
atm35000116,2970,3535,Thursday
atm35000117,3240,5275,Thursday
atm35000118,2445,5250,Thursday
atm35000119,2835,5230,Thursday
atm35000120,2850,6800,Thursday
atm35000121,2705,5105,Thursday
atm35000122,5520,3935,Thursday
atm35000123,5370,6410,Thursday
atm35000124,4300,5635,Thursday
atm35000125,2725,5685,Thursday
atm35000126,6230,4610,Thursday
atm35000127,3850,5425,Thursday
atm35000128,3195,3425,Thursday
atm35000129,2890,3405,Thursday
atm35000130,1865,5365,Thursday
atm35000131,3955,2850,Thursday
atm35000132,4565,4575,Thursday
atm35000133,5760,5575,Thursday
atm35000134,2400,6410,Thursday
atm35000135,5110,3820,Thursday
atm35000136,6100,6755,Thursday
atm35000137,2955,7290,Thursday
atm35000138,4640,3780,Thursday
atm35000139,6270,6215,Thursday
atm35000140,4145,4255,Thursday
atm35000141,4515,5745,Thursday
atm35000142,3175,4595,Thursday
atm35000143,2065,5665,Thursday
atm35000144,3010,4665,Thursday
atm35000145,5475,5315,Thursday
atm35000146,4275,3510,Thursday
atm35000147,2205,5375,Thursday
atm35000148,3960,3120,Thursday
atm35000149,2305,6205,Thursday
atm35000150,5465,4940,Thursday
atm35000151,6445,6655,Thursday
atm35000152,5275,5725,Thursday
atm35000153,1570,4565,Thursday
atm35000154,4090,4425,Thursday
atm35000155,5735,5635,Thursday
atm35000156,2200,3865,Thursday
atm35000157,3905,4045,Thursday
atm35000158,5020,4845,Thursday
atm35000159,2745,4375,Thursday
atm35000160,5660,3965,Thursday
atm35000161,1840,5340,Thursday
atm35000162,5100,3505,Thursday
atm35000163,2565,4825,Thursday
atm35000164,3505,6275,Thursday
atm35000165,2630,5190,Thursday
atm35000166,4955,3715,Thursday
atm35000167,3250,4745,Thursday
atm35000168,6470,5755,Thursday
atm35000169,3120,4405,Thursday
atm35000170,3565,5405,Thursday
atm35000171,4955,3825,Thursday
atm35000172,3400,3440,Thursday
atm35000173,6675,4155,Thursday
atm35000174,4165,3195,Thursday
atm35000175,1260,6845,Thursday
atm35000176,6475,4470,Thursday
atm35000177,3730,5845,Thursday
atm35000178,2115,4780,Thursday
atm35000179,5670,4680,Thursday
atm35000180,3625,5900,Thursday
atm35000181,3350,6640,Thursday
atm35000182,4675,3720,Thursday
atm35000183,3375,4085,Thursday
atm35000184,3975,6180,Thursday
atm35000185,4440,5340,Thursday
atm35000186,4515,2850,Thursday
atm35000187,4385,5785,Thursday
atm35000188,2745,3670,Thursday
atm35000189,2785,4785,Thursday
atm35000190,5805,5150,Thursday
atm35000191,2445,3645,Thursday
atm35000192,1770,3955,Thursday
atm35000193,1875,3805,Thursday
atm35000194,3020,4370,Thursday
atm35000195,5710,4700,Thursday
atm35000196,2985,5800,Thursday
atm35000197,2720,4750,Thursday
atm35000198,2880,4270,Thursday
atm35000199,6135,6315,Thursday
atm35000200,2925,5445,Thursday
atm35000201,6265,4260,Thursday
atm35000202,4820,4785,Thursday
atm35000203,4200,4725,Thursday
atm35000204,2865,3650,Thursday
atm35000205,3015,4385,Thursday
atm35000206,3485,7330,Thursday
atm35000207,3545,4945,Thursday
atm35000208,5670,4785,Thursday
atm35000209,2285,3955,Thursday
atm35000210,3160,6340,Thursday
atm35000211,5130,5170,Thursday
atm35000212,4330,5025,Thursday
atm35000213,3590,5565,Thursday
atm35000214,4245,5590,Thursday
atm35000215,3890,4595,Thursday
atm35000216,5030,3490,Thursday
atm35000217,4380,3705,Thursday
atm35000218,3820,6020,Thursday
atm35000219,2810,4555,Thursday
atm35000220,5800,5680,Thursday
atm35000221,5930,3140,Thursday
atm35000222,2970,4005,Thursday
atm35000223,6310,5150,Thursday
atm35000224,3370,3705,Thursday
atm35000225,5590,4540,Thursday
atm35000226,5640,7085,Thursday
atm35000227,6365,5825,Thursday
atm35000228,6355,5495,Thursday
atm35000229,2165,5765,Thursday
atm35000265,4335,4670,Thursday
atm35000266,3625,5755,Thursday
atm35000267,6375,5780,Thursday
atm35000268,1885,4440,Thursday
atm35000269,6180,5975,Thursday
atm35000270,4200,4020,Thursday
atm35000271,3200,4790,Thursday
atm35000272,5055,5065,Thursday
atm35000273,5755,3405,Thursday
atm35000274,6865,4835,Thursday
atm35000275,4480,6165,Thursday
atm35000276,4555,6035,Thursday
atm35000277,5215,5565,Thursday
atm35000278,2575,4590,Thursday
atm35000279,1720,5710,Thursday
atm35000280,1675,3475,Thursday
atm35000281,3005,6075,Thursday
atm35000282,3630,5070,Thursday
atm35000283,2865,4700,Thursday
atm35000284,3145,6120,Thursday
atm35000285,3655,4125,Thursday
atm35000286,5940,2945,Thursday
atm35000287,6015,6180,Thursday
atm35000288,3080,4365,Thursday
atm35000289,4150,4855,Thursday
atm35000290,5545,4405,Thursday
atm35000291,3420,4245,Thursday
atm35000292,7415,5230,Thursday
atm35000293,5015,4730,Thursday
atm35000294,5905,3790,Thursday
atm35000295,3960,6325,Thursday
atm35000296,5630,5250,Thursday
atm35000297,2550,4915,Thursday
atm35000298,3390,3830,Thursday
atm35000299,5850,3185,Thursday
atm35000300,6115,6000,Thursday
atm35000301,5270,4240,Thursday
atm35000302,4050,3775,Thursday
atm35000303,3200,6095,Thursday
atm35000304,2635,4680,Thursday
atm35000305,2230,4610,Thursday
atm35000306,5125,3820,Thursday
atm35000307,6190,6120,Thursday
atm35000308,5630,3680,Thursday
atm35000309,6035,5455,Thursday
atm35000310,4645,5215,Thursday
atm35000311,4790,4005,Thursday
atm35000312,2835,4030,Thursday
atm35000313,3285,6010,Thursday
atm35000314,5115,5625,Thursday
atm35000315,5310,6280,Thursday
atm35000316,2005,5000,Thursday
atm35000317,4955,5905,Thursday
atm35000318,6605,5730,Thursday
atm35000319,4955,3430,Thursday
atm35000320,3175,3710,Thursday
atm35000321,3085,6235,Thursday
atm35000322,2340,4625,Thursday
atm35000323,3280,3805,Thursday
atm35000324,4140,5185,Thursday
atm35000325,5495,5480,Thursday
atm35000326,4990,6180,Thursday
atm35000327,2550,4360,Thursday
atm35000328,4680,3745,Thursday
atm35000329,2140,4175,Thursday
atm35000330,3125,5330,Thursday
atm35000331,3020,4300,Thursday
atm35000332,4720,3995,Thursday
atm35000333,4905,4850,Thursday
atm35000334,1725,3755,Thursday
atm35000335,5115,5465,Thursday
atm35000336,5485,4560,Thursday
atm35000337,4765,4915,Thursday
atm35000338,2085,4170,Thursday
atm35000339,3875,5795,Thursday
atm35000340,3080,5035,Thursday
atm35000341,4835,5020,Thursday
atm35000342,6810,3075,Thursday
atm35000343,4010,5030,Thursday
atm35000344,5350,7090,Thursday
atm35000345,3585,6040,Thursday
atm35000346,4300,3820,Thursday
atm35000347,3085,6145,Thursday
atm35000348,1810,3480,Thursday
atm35000349,5050,5815,Thursday
atm35000350,2680,3620,Thursday
atm35000351,5130,3725,Thursday
atm35000352,2945,3150,Thursday
atm35000353,3495,4190,Thursday
atm35000354,4690,5745,Thursday
atm35000355,3915,5630,Thursday
atm35000356,3780,6140,Thursday
atm35000357,4870,3355,Thursday
atm35000358,1730,4900,Thursday
atm0,0,0,Thursday
atm350001,3735,5340,Thursday
atm350002,5070,2835,Thursday
atm350003,5825,3645,Thursday
atm350004,1795,5295,Thursday
atm350005,2820,6650,Thursday
atm350006,2300,3820,Thursday
atm350007,4110,3890,Thursday
atm350008,2180,4860,Thursday
atm350009,5635,4730,Thursday
atm3500010,6740,7095,Thursday
atm3500011,2315,5720,Thursday
atm3500012,5050,3155,Thursday
atm3500013,4025,5750,Thursday
atm3500014,2295,4000,Thursday
atm3500015,4515,6120,Thursday
atm3500016,4530,6305,Thursday
atm3500017,2980,2905,Thursday
atm3500018,3630,4890,Thursday
atm3500019,3310,4290,Thursday
atm3500020,2780,6080,Thursday
atm3500021,3295,3440,Thursday
atm3500022,4800,4905,Thursday
atm3500023,5190,3775,Thursday
atm3500024,4565,5215,Thursday
atm3500025,4225,4560,Thursday
atm3500026,2065,2860,Thursday
atm3500027,5575,3215,Thursday
atm3500028,6045,5365,Thursday
atm3500029,3630,4815,Thursday
atm3500030,4515,4050,Thursday
atm3500031,3420,4110,Thursday
atm3500032,3595,3135,Thursday
atm3500033,2990,4495,Thursday
atm3500034,3470,4075,Thursday
atm3500035,5575,4460,Thursday
atm3500062,2500,4980,Thursday
atm3500063,6105,6280,Thursday
atm3500064,2775,2675,Thursday
atm3500065,3535,5195,Thursday
atm35000230,6060,6035,Thursday
atm35000231,4840,5215,Thursday
atm35000232,5190,4875,Thursday
atm35000233,3340,4285,Thursday
atm35000234,5715,4695,Thursday
atm35000235,2735,3845,Thursday
atm35000236,5210,4590,Thursday
atm35000237,3915,4930,Thursday
atm35000238,5140,3955,Thursday
atm35000239,4440,3705,Thursday
atm35000240,3630,5275,Thursday
atm35000241,2540,6350,Thursday
atm35000242,2280,3090,Thursday
atm35000243,6520,6645,Thursday
atm35000244,2435,6475,Thursday
atm35000245,2570,2730,Thursday
atm35000246,5600,5590,Thursday
atm35000247,3630,5575,Thursday
atm35000248,4485,6520,Thursday
atm35000249,2380,3990,Thursday
atm35000250,6080,4105,Thursday
atm35000251,5375,4350,Thursday
atm35000252,2790,7040,Thursday
atm35000253,3540,3695,Thursday
atm35000254,4360,7105,Thursday
atm35000255,5630,5835,Thursday
atm35000256,2065,3645,Thursday
atm35000257,4905,3395,Thursday
atm35000258,4915,4860,Thursday
atm35000259,5925,3875,Thursday
atm35000260,4590,4650,Thursday
atm35000261,5985,4405,Thursday
atm35000262,5235,5410,Thursday
atm35000263,6330,3970,Thursday
atm35000264,4220,5500,Thursday
atm3500036,2105,5495,Thursday
atm3500037,3350,7115,Thursday
atm3500038,5185,6195,Thursday
atm3500039,2655,5455,Thursday
atm3500040,4085,5480,Thursday
atm3500041,3325,3180,Thursday
atm3500042,3835,5780,Thursday
atm3500043,4780,5480,Thursday
atm3500044,4015,6025,Thursday
atm3500045,6340,4610,Thursday
atm3500046,2765,6225,Thursday
atm3500047,4910,5280,Thursday
atm3500048,6655,5440,Thursday
atm3500049,5555,6430,Thursday
atm3500050,2905,5450,Thursday
atm3500051,4555,3130,Thursday
atm3500052,4680,4670,Thursday
atm3500053,3380,3075,Thursday
atm3500054,5025,3840,Thursday
atm3500055,2905,4440,Thursday
atm3500056,5225,6010,Thursday
atm3500057,2555,3730,Thursday
atm3500058,4300,4890,Thursday
atm3500059,6225,6150,Thursday
atm3500060,5840,6075,Thursday
atm3500061,3890,3775,Thursday
atm3500066,5465,4520,Thursday
atm3500067,3705,3480,Thursday
atm3500068,5255,3865,Thursday
atm3500069,1580,6375,Thursday
atm3500070,5525,4150,Thursday
atm3500071,3665,5225,Thursday
atm3500072,5115,5950,Thursday
atm3500073,4350,6220,Thursday
atm3500074,4415,6280,Thursday
atm3500075,5420,3265,Thursday
atm3500076,4690,6020,Thursday
atm3500077,2135,5805,Thursday
atm3500078,5865,5000,Thursday
atm3500079,4115,4580,Thursday
atm3500080,2200,3325,Thursday
atm3500081,5530,3475,Thursday
atm3500082,4530,7435,Thursday
atm3500083,5290,5565,Thursday
atm3500084,3325,5655,Thursday
atm3500085,3185,5250,Thursday
atm3500086,3110,4575,Thursday
atm3500087,4030,6010,Thursday
atm3500088,4540,3075,Thursday
atm3500089,1675,4600,Thursday
atm3500090,6575,4960,Thursday
atm3500091,3465,4705,Thursday
atm3500092,5450,6265,Thursday
atm3500093,3485,3605,Thursday
atm3500094,3865,2735,Thursday
atm3500095,6080,5705,Thursday
atm3500096,4780,3155,Thursday
atm3500097,6460,5360,Thursday
atm3500098,4800,2775,Thursday
atm3500099,4270,6190,Thursday
atm35000100,3865,4840,Thursday
atm35000101,2435,3535,Thursday
atm35000102,1875,5440,Thursday
atm35000103,3040,4010,Thursday
atm35000104,2645,3840,Thursday
atm35000105,1980,4650,Thursday
atm35000106,5955,3710,Thursday
atm35000107,2595,4375,Thursday
atm35000108,4700,5465,Thursday
atm35000109,2255,6870,Thursday
atm35000110,3800,4720,Thursday
atm35000111,1605,2605,Thursday
atm35000112,2735,4380,Thursday
atm35000113,5610,5190,Thursday
atm35000114,5270,4260,Thursday
atm35000115,5260,5315,Thursday
atm35000116,4110,4750,Thursday
atm35000117,3275,4955,Thursday
atm35000118,7140,5910,Thursday
atm35000119,5010,4320,Thursday
atm35000120,4300,5930,Thursday
atm35000121,2015,5450,Thursday
atm35000122,1930,6650,Thursday
atm35000123,6050,5060,Thursday
atm35000124,4270,5565,Thursday
atm35000125,2095,5270,Thursday
atm35000126,4595,4580,Thursday
atm35000127,2265,3820,Thursday
atm35000128,3050,3570,Thursday
atm35000129,3770,3255,Thursday
atm35000130,6320,3270,Thursday
atm35000131,4240,6390,Thursday
atm35000132,4590,4530,Thursday
atm35000133,2135,5110,Thursday
atm35000134,4675,4875,Thursday
atm35000135,3065,3820,Thursday
atm35000136,4380,6820,Thursday
atm35000137,1530,4840,Thursday
atm35000138,6135,4770,Thursday
atm35000139,3865,3470,Thursday
atm35000140,2295,6115,Thursday
atm35000141,2300,5130,Thursday
atm35000142,5755,6545,Thursday
atm35000143,3315,5025,Thursday
atm35000144,3905,4375,Thursday
atm35000145,2980,4570,Thursday
atm35000146,4145,4520,Thursday
atm35000147,3420,2875,Thursday
atm35000148,5765,4805,Thursday
atm35000149,4290,2860,Thursday
atm35000150,5720,3130,Thursday
atm35000151,4125,6430,Thursday
atm35000152,5780,5465,Thursday
atm35000153,4035,4990,Thursday
atm35000154,5315,3975,Thursday
atm35000155,7340,4365,Thursday
atm35000156,4835,3795,Thursday
atm35000157,4660,3240,Thursday
atm35000158,3220,5950,Thursday
atm35000159,2895,6170,Thursday
atm35000160,3435,5025,Thursday
atm35000161,5995,6175,Thursday
atm35000162,2875,5740,Thursday
atm35000163,4720,3635,Thursday
atm35000164,5680,2810,Thursday
atm35000165,4585,5345,Thursday
atm35000166,5505,6335,Thursday
atm35000167,3680,5380,Thursday
atm35000168,4820,5325,Thursday
atm35000169,2550,5115,Thursday
atm35000170,5085,5110,Thursday
atm35000171,2095,6360,Thursday
atm35000172,1775,4555,Thursday
atm35000173,4195,5635,Thursday
atm35000174,4330,4705,Thursday
atm35000175,4955,5410,Thursday
atm35000176,6450,4765,Thursday
atm35000177,6520,3920,Thursday
atm35000178,5095,3340,Thursday
atm35000179,4265,3620,Thursday
atm35000180,3480,5330,Thursday
atm35000181,5395,6875,Thursday
atm35000182,3965,5315,Thursday
atm35000183,2970,4535,Thursday
atm35000184,4990,5345,Thursday
atm35000185,3645,6170,Thursday
atm35000186,2895,2670,Thursday
atm35000187,2590,5975,Thursday
atm35000188,6160,5375,Thursday
atm35000189,4890,3610,Thursday
atm35000190,2710,4005,Thursday
atm35000191,6195,5310,Thursday
atm35000192,4895,5780,Thursday
atm35000193,4700,4495,Thursday
atm35000194,3580,5255,Thursday
atm35000195,3125,5775,Thursday
atm35000196,3980,5725,Thursday
atm35000197,4550,6575,Thursday
atm35000198,4705,4380,Thursday
atm35000199,5595,3075,Thursday
atm35000200,2735,6180,Thursday
atm35000201,2235,5700,Thursday
atm35000202,4505,6305,Thursday
atm35000203,4730,5440,Thursday
atm35000204,4485,3430,Thursday
atm35000205,5025,6790,Thursday
atm35000206,4185,5620,Thursday
atm35000207,2565,3840,Thursday
atm35000208,4350,5880,Thursday
atm35000209,2255,5280,Thursday
atm35000210,4655,3605,Thursday
atm35000211,2180,4845,Thursday
atm35000212,5780,5640,Thursday
atm35000213,6140,6240,Thursday
atm35000214,3480,4235,Thursday
atm35000215,3540,5435,Thursday
atm35000216,3215,4275,Thursday
atm35000217,6280,5010,Thursday
atm35000218,3800,5035,Thursday
atm35000219,2385,3965,Thursday
atm35000220,6105,2810,Thursday
atm35000221,2085,6175,Thursday
atm35000222,4665,5605,Thursday
atm35000223,4635,4220,Thursday
atm35000224,3080,4495,Thursday
atm35000225,2770,4710,Thursday
atm35000226,7065,3150,Thursday
atm35000227,4600,5205,Thursday
atm35000228,6225,3075,Thursday
atm35000229,5900,5050,Thursday
atm35000265,5115,6140,Thursday
atm35000266,4980,5665,Thursday
atm35000267,2000,5090,Thursday
atm35000268,3000,3890,Thursday
atm35000269,2255,5570,Thursday
atm35000270,4820,5875,Thursday
atm35000271,2510,5025,Thursday
atm35000272,4595,5990,Thursday
atm35000273,6285,5895,Thursday
atm35000274,6735,5285,Thursday
atm35000275,5895,6190,Thursday
atm35000276,4810,4160,Thursday
atm35000277,5770,2740,Thursday
atm35000278,3900,5980,Thursday
atm35000279,4365,4690,Thursday
atm35000280,2210,5810,Thursday
atm35000281,3385,5110,Thursday
atm35000282,5035,5760,Thursday
atm35000283,3690,3980,Thursday
atm35000284,5445,4750,Thursday
atm35000285,6570,6160,Thursday
atm35000286,5690,5400,Thursday
atm35000287,4475,4895,Thursday
atm35000288,3570,6315,Thursday
atm35000289,2200,4520,Thursday
atm35000290,1920,3345,Thursday
atm35000291,2775,4600,Thursday
atm35000292,1925,2585,Thursday
atm35000293,4980,3200,Thursday
atm35000294,2705,5920,Thursday
atm35000295,3670,5695,Thursday
atm35000296,3910,4535,Thursday
atm35000297,5360,4090,Thursday
atm35000298,2275,4320,Thursday
atm35000299,5820,6255,Thursday
atm35000300,3480,4195,Thursday
atm35000301,2060,5970,Thursday
atm35000302,5155,4260,Thursday
atm35000303,3060,5450,Thursday
atm35000304,3495,5815,Thursday
atm35000305,4695,5920,Thursday
atm35000306,4955,5635,Thursday
atm35000307,5470,3410,Thursday
atm35000308,3635,5070,Thursday
atm35000309,3310,5185,Thursday
atm35000310,3225,5700,Thursday
atm35000311,3985,3385,Thursday
atm35000312,5235,3510,Thursday
atm35000313,2935,3700,Thursday
atm35000314,4570,4775,Thursday
atm35000315,4205,5600,Thursday
atm35000316,6200,3235,Thursday
atm35000317,4790,6305,Thursday
atm35000318,6230,4820,Thursday
atm35000319,4160,3585,Thursday
atm35000320,6230,4825,Thursday
atm35000321,5575,5625,Thursday
atm35000322,2945,3350,Thursday
atm35000323,3580,5190,Thursday
atm35000324,3710,2855,Thursday
atm35000325,3390,4545,Thursday
atm35000326,6940,3975,Thursday
atm35000327,2650,4660,Thursday
atm35000328,7725,6350,Thursday
atm35000329,2255,5135,Thursday
atm35000330,3320,5285,Thursday
atm35000331,5240,6140,Thursday
atm35000332,3730,3545,Thursday
atm35000333,3370,4755,Thursday
atm35000334,7155,6055,Thursday
atm35000335,5005,4655,Thursday
atm35000336,3575,5705,Thursday
atm35000337,3525,5360,Thursday
atm35000338,5895,4720,Thursday
atm35000339,5290,6305,Thursday
atm35000340,3360,3775,Thursday
atm35000341,6165,5645,Thursday
atm35000342,4780,5900,Thursday
atm35000343,3465,3955,Thursday
atm35000344,3380,4790,Thursday
atm35000345,3125,4085,Thursday
atm35000346,2625,6005,Thursday
atm35000347,2890,3070,Thursday
atm35000348,4620,4685,Thursday
atm35000349,2430,5850,Thursday
atm35000350,5085,4545,Thursday
atm35000351,4685,3655,Thursday
atm35000352,2985,5345,Thursday
atm35000353,5770,6175,Thursday
atm35000354,5140,2885,Thursday
atm35000355,4085,5575,Thursday
atm35000356,4635,6380,Thursday
atm35000357,3315,3990,Thursday
atm35000358,3510,5005,Thursday
atm0,0,0,Thursday
atm350001,5795,3395,Thursday
atm350002,3835,3315,Thursday
atm350003,4835,4225,Thursday
atm350004,2960,6310,Thursday
atm350005,4300,5900,Thursday
atm350006,2560,5250,Thursday
atm350007,3205,5780,Thursday
atm350008,5405,6570,Thursday
atm350009,4215,7110,Thursday
atm3500010,6140,6135,Thursday
atm3500011,6070,3995,Thursday
atm3500012,3690,5595,Thursday
atm3500013,4305,3185,Thursday
atm3500014,1745,3380,Thursday
atm3500015,4075,4455,Thursday
atm3500016,4190,4800,Thursday
atm3500017,4270,4580,Thursday
atm3500018,5005,6000,Thursday
atm3500019,3175,4770,Thursday
atm3500020,4955,4590,Thursday
atm3500021,3010,6295,Thursday
atm3500022,5355,4610,Thursday
atm3500023,6145,6110,Thursday
atm3500024,4145,6950,Thursday
atm3500025,4120,4465,Thursday
atm3500026,1720,6215,Thursday
atm3500027,4010,4580,Thursday
atm3500028,5565,6080,Thursday
atm3500029,4615,3285,Thursday
atm3500030,5670,4110,Thursday
atm3500031,3155,4425,Thursday
atm3500032,3720,6050,Thursday
atm3500033,5460,3820,Thursday
atm3500034,5525,4600,Thursday
atm3500035,5435,4820,Thursday
atm3500062,4590,5825,Thursday
atm3500063,3685,5175,Thursday
atm3500064,3090,3960,Thursday
atm3500065,5050,2490,Thursday
atm35000230,1650,6405,Thursday
atm35000231,3005,3680,Thursday
atm35000232,2920,5010,Thursday
atm35000233,6555,3890,Thursday
atm35000234,3240,3860,Thursday
atm35000235,2980,6470,Thursday
atm35000236,5080,4655,Thursday
atm35000237,3315,4010,Thursday
atm35000238,3885,4075,Thursday
atm35000239,3885,5215,Thursday
atm35000240,6185,6045,Thursday
atm35000241,4645,5995,Thursday
atm35000242,3860,6795,Thursday
atm35000243,4810,5430,Thursday
atm35000244,3585,4150,Thursday
atm35000245,2240,3380,Thursday
atm35000246,4710,5255,Thursday
atm35000247,5995,5465,Thursday
atm35000248,3570,6145,Thursday
atm35000249,6005,3775,Thursday
atm35000250,3045,4670,Thursday
atm35000251,1935,4020,Thursday
atm35000252,4055,4155,Thursday
atm35000253,4570,3445,Thursday
atm35000254,4495,6695,Thursday
atm35000255,3990,6215,Thursday
atm35000256,3405,4790,Thursday
atm35000257,2515,4355,Thursday
atm35000258,3530,3890,Thursday
atm35000259,3780,4205,Thursday
atm35000260,2335,5625,Thursday
atm35000261,3275,4145,Thursday
atm35000262,2980,4340,Thursday
atm35000263,4310,4450,Thursday
atm35000264,4950,6335,Thursday
atm3500036,2330,6105,Thursday
atm3500037,5830,3520,Thursday
atm3500038,2335,4510,Thursday
atm3500039,3075,4380,Thursday
atm3500040,2365,2765,Thursday
atm3500041,3975,3475,Thursday
atm3500042,2995,5115,Thursday
atm3500043,2385,3860,Thursday
atm3500044,5165,3675,Thursday
atm3500045,2580,6125,Thursday
atm3500046,4155,4560,Thursday
atm3500047,3290,5865,Thursday
atm3500048,2825,5365,Thursday
atm3500049,3830,6070,Thursday
atm3500050,1955,6505,Thursday
atm3500051,6265,5535,Thursday
atm3500052,3540,4220,Thursday
atm3500053,2760,6095,Thursday
atm3500054,6295,3500,Thursday
atm3500055,1750,4495,Thursday
atm3500056,6180,7050,Thursday
atm3500057,4495,4765,Thursday
atm3500058,2135,3850,Thursday
atm3500059,5800,4755,Thursday
atm3500060,4350,4575,Thursday
atm3500061,4650,3300,Thursday
atm3500066,5425,4270,Thursday
atm3500067,2955,5200,Thursday
atm3500068,2445,6940,Thursday
atm3500069,5190,3690,Thursday
atm3500070,4330,2690,Thursday
atm3500071,4380,3620,Thursday
atm3500072,1585,6790,Thursday
atm3500073,3945,5150,Thursday
atm3500074,3650,5825,Thursday
atm3500075,2235,4035,Thursday
atm3500076,6285,7125,Thursday
atm3500077,4605,4360,Thursday
atm3500078,4690,3575,Thursday
atm3500079,3995,4065,Thursday
atm3500080,2895,3115,Thursday
atm3500081,6995,4465,Thursday
atm3500082,3220,6550,Thursday
atm3500083,4055,5205,Thursday
atm3500084,4215,4960,Thursday
atm3500085,4015,5635,Thursday
atm3500086,4330,3500,Thursday
atm3500087,5600,4650,Thursday
atm3500088,2840,5415,Thursday
atm3500089,2180,4245,Thursday
atm3500090,4535,6340,Thursday
atm3500091,5400,4580,Thursday
atm3500092,6415,3435,Thursday
atm3500093,4150,4265,Thursday
atm3500094,3870,4120,Thursday
atm3500095,6090,4340,Thursday
atm3500096,4975,5235,Thursday
atm3500097,3595,4330,Thursday
atm3500098,2325,3060,Thursday
atm3500099,2105,2715,Thursday
atm35000100,2755,4765,Thursday
atm35000101,3865,5750,Thursday
atm35000102,2535,4100,Thursday
atm35000103,6025,4280,Thursday
atm35000104,2815,4315,Thursday
atm35000105,3805,3920,Thursday
atm35000106,4395,3215,Thursday
atm35000107,6060,4385,Thursday
atm35000108,5935,5380,Thursday
atm35000109,3090,3820,Thursday
atm35000110,5075,5190,Thursday
atm35000111,5005,4025,Thursday
atm35000112,2225,5015,Thursday
atm35000113,4870,4100,Thursday
atm35000114,5455,4235,Thursday
atm35000115,2750,4015,Thursday
atm35000116,2935,3895,Thursday
atm35000117,5125,3380,Thursday
atm35000118,3190,4710,Thursday
atm35000119,2625,3845,Thursday
atm35000120,4370,4440,Thursday
atm35000121,3865,5225,Thursday
atm35000122,5030,4645,Thursday
atm35000123,3450,4680,Thursday
atm35000124,6105,5555,Thursday
atm35000125,5870,5240,Thursday
atm35000126,1960,7555,Thursday
atm35000127,3095,3375,Thursday
atm35000128,2205,6415,Thursday
atm35000129,3650,5785,Thursday
atm35000130,2880,5850,Thursday
atm35000131,4605,5450,Thursday
atm35000132,6715,5975,Thursday
atm35000133,4120,4585,Thursday
atm35000134,5945,3790,Thursday
atm35000135,4625,3945,Thursday
atm35000136,3360,4230,Thursday
atm35000137,2175,3435,Thursday
atm35000138,4185,3395,Thursday
atm35000139,3325,5035,Thursday
atm35000140,2365,3860,Thursday
atm35000141,4470,4330,Thursday
atm35000142,2750,4695,Thursday
atm35000143,2930,2890,Thursday
atm35000144,3620,6460,Thursday
atm35000145,2250,6030,Thursday
atm35000146,3560,5195,Thursday
atm35000147,5620,3380,Thursday
atm35000148,3440,4620,Thursday
atm35000149,2160,4820,Thursday
atm35000150,3340,4765,Thursday
atm35000151,4275,3755,Thursday
atm35000152,1725,4205,Thursday
atm35000153,6630,4450,Thursday
atm35000154,5080,5985,Thursday
atm35000155,4885,5455,Thursday
atm35000156,5870,4540,Thursday
atm35000157,2170,4070,Thursday
atm35000158,2890,4855,Thursday
atm35000159,3740,5335,Thursday
atm35000160,5500,4590,Thursday
atm35000161,2340,5940,Thursday
atm35000162,3855,5605,Thursday
atm35000163,5225,3885,Thursday
atm35000164,5240,6105,Thursday
atm35000165,2140,3975,Thursday
atm35000166,4150,4100,Thursday
atm35000167,5565,5890,Thursday
atm35000168,5400,5245,Thursday
atm35000169,1860,4575,Thursday
atm35000170,2365,3995,Thursday
atm35000171,2395,3515,Thursday
atm35000172,6115,4025,Thursday
atm35000173,7340,4300,Thursday
atm35000174,3015,4760,Thursday
atm35000175,6500,5880,Thursday
atm35000176,5745,4115,Thursday
atm35000177,6145,3430,Thursday
atm35000178,3280,5700,Thursday
atm35000179,4330,7240,Thursday
atm35000180,4415,6215,Thursday
atm35000181,3335,5815,Thursday
atm35000182,4195,4095,Thursday
atm35000183,4525,3420,Thursday
atm35000184,4380,3970,Thursday
atm35000185,2425,3505,Thursday
atm35000186,3915,3440,Thursday
atm35000187,5625,5920,Thursday
atm35000188,5580,5795,Thursday
atm35000189,5020,4920,Thursday
atm35000190,1515,3985,Thursday
atm35000191,4030,3550,Thursday
atm35000192,6220,4850,Thursday
atm35000193,1950,3990,Thursday
atm35000194,1830,3070,Thursday
atm35000195,2355,5005,Thursday
atm35000196,3265,3475,Thursday
atm35000197,5345,4730,Thursday
atm35000198,4935,5085,Thursday
atm35000199,6100,3125,Thursday
atm35000200,4620,3965,Thursday
atm35000201,4265,3525,Thursday
atm35000202,1445,4795,Thursday
atm35000203,7230,4675,Thursday
atm35000204,6220,4740,Thursday
atm35000205,1990,5030,Thursday
atm35000206,4775,6545,Thursday
atm35000207,5785,6235,Thursday
atm35000208,2910,6570,Thursday
atm35000209,5210,4945,Thursday
atm35000210,2550,6645,Thursday
atm35000211,2780,3395,Thursday
atm35000212,4555,3435,Thursday
atm35000213,4880,3585,Thursday
atm35000214,5790,5485,Thursday
atm35000215,4085,4020,Thursday
atm35000216,2645,5205,Thursday
atm35000217,4740,5090,Thursday
atm35000218,2185,3720,Thursday
atm35000219,5845,3190,Thursday
atm35000220,3510,4595,Thursday
atm35000221,3345,3615,Thursday
atm35000222,3805,3025,Thursday
atm35000223,4930,5760,Thursday
atm35000224,1830,5125,Thursday
atm35000225,3575,4065,Thursday
atm35000226,4155,3695,Thursday
atm35000227,4285,6650,Thursday
atm35000228,5220,4175,Thursday
atm35000229,3005,5505,Thursday
atm35000265,5740,5340,Thursday
atm35000266,3020,3955,Thursday
atm35000267,3495,4885,Thursday
atm35000268,5115,4690,Thursday
atm35000269,2310,3170,Thursday
atm35000270,2440,5180,Thursday
atm35000271,4770,6860,Thursday
atm35000272,4635,6775,Thursday
atm35000273,2840,5150,Thursday
atm35000274,3775,7150,Thursday
atm35000275,3760,6795,Thursday
atm35000276,5475,5615,Thursday
atm35000277,4630,4805,Thursday
atm35000278,5420,6280,Thursday
atm35000279,4785,5380,Thursday
atm35000280,5770,4490,Thursday
atm35000281,5105,5600,Thursday
atm35000282,3480,6105,Thursday
atm35000283,2770,5645,Thursday
atm35000284,5570,5045,Thursday
atm35000285,3035,3925,Thursday
atm35000286,2455,5090,Thursday
atm35000287,5580,6190,Thursday
atm35000288,4865,5775,Thursday
atm35000289,5485,4300,Thursday
atm35000290,2620,4445,Thursday
atm35000291,2740,6240,Thursday
atm35000292,4145,4755,Thursday
atm35000293,5400,4250,Thursday
atm35000294,4240,6070,Thursday
atm35000295,7020,3050,Thursday
atm35000296,4565,5435,Thursday
atm35000297,3760,3230,Thursday
atm35000298,2690,3305,Thursday
atm35000299,6595,6130,Thursday
atm35000300,2585,5105,Thursday
atm35000301,2855,3585,Thursday
atm35000302,4885,4095,Thursday
atm35000303,2835,5315,Thursday
atm35000304,3640,4760,Thursday
atm35000305,7780,2320,Thursday
atm35000306,3695,5620,Thursday
atm35000307,3570,4830,Thursday
atm35000308,5230,5860,Thursday
atm35000309,3045,6150,Thursday
atm35000310,3645,4540,Thursday
atm35000311,5895,3505,Thursday
atm35000312,2390,3040,Thursday
atm35000313,5375,5740,Thursday
atm35000314,6035,6115,Thursday
atm35000315,3525,4350,Thursday
atm35000316,3605,2895,Thursday
atm35000317,5340,4275,Thursday
atm35000318,5530,6135,Thursday
atm35000319,5375,4455,Thursday
atm35000320,3820,5835,Thursday
atm35000321,4440,5485,Thursday
atm35000322,5825,4660,Thursday
atm35000323,6605,5450,Thursday
atm35000324,6450,4980,Thursday
atm35000325,3425,4495,Thursday
atm35000326,3655,4605,Thursday
atm35000327,4285,3885,Thursday
atm35000328,7025,3210,Thursday
atm35000329,1850,5540,Thursday
atm35000330,4035,5445,Thursday
atm35000331,3965,3360,Thursday
atm35000332,4070,6280,Thursday
atm35000333,4600,6655,Thursday
atm35000334,3205,4370,Thursday
atm35000335,6920,7400,Thursday
atm35000336,5040,4405,Thursday
atm35000337,5465,5575,Thursday
atm35000338,4190,3660,Thursday
atm35000339,6035,4790,Thursday
atm35000340,3655,5580,Thursday
atm35000341,3695,6230,Thursday
atm35000342,5575,6485,Thursday
atm35000343,3710,4805,Thursday
atm35000344,5315,4210,Thursday
atm35000345,4500,4380,Thursday
atm35000346,4955,3700,Thursday
atm35000347,3515,5500,Thursday
atm35000348,3550,4135,Thursday
atm35000349,2525,7300,Thursday
atm35000350,5800,5555,Thursday
atm35000351,1975,5110,Thursday
atm35000352,2510,6255,Thursday
atm35000353,3945,5070,Thursday
atm35000354,4030,3575,Thursday
atm35000355,4935,3895,Thursday
atm35000356,5600,7210,Thursday
atm35000357,3700,2960,Thursday
atm35000358,6000,5855,Thursday
atm0,0,0,Thursday
atm350001,2550,5180,Thursday
atm350002,3320,3435,Thursday
atm350003,3685,7690,Thursday
atm350004,6365,3710,Thursday
atm350005,6635,5985,Thursday
atm350006,2190,4310,Thursday
atm350007,3215,5915,Thursday
atm350008,2600,3360,Thursday
atm350009,2070,4545,Thursday
atm3500010,5865,6935,Thursday
atm3500011,5080,4170,Thursday
atm3500012,1425,2780,Thursday
atm3500013,6885,4590,Thursday
atm3500014,2885,5640,Thursday
atm3500015,2460,3440,Thursday
atm3500016,6145,3875,Thursday
atm3500017,2290,3400,Thursday
atm3500018,3080,5500,Thursday
atm3500019,5890,5170,Thursday
atm3500020,2975,4145,Thursday
atm3500021,2305,3780,Thursday
atm3500022,1820,6220,Thursday
atm3500023,5465,4855,Thursday
atm3500024,4505,3405,Thursday
atm3500025,4790,6010,Thursday
atm3500026,5310,2705,Thursday
atm3500027,6535,5040,Thursday
atm3500028,5805,4220,Thursday
atm3500029,4275,5720,Thursday
atm3500030,5905,6005,Thursday
atm3500031,4325,4355,Thursday
atm3500032,4810,4075,Thursday
atm3500033,4785,2575,Thursday
atm3500034,4470,6360,Thursday
atm3500035,3900,4645,Thursday
atm3500062,1740,3770,Thursday
atm3500063,3210,6340,Thursday
atm3500064,5255,4975,Thursday
atm3500065,6665,3585,Thursday
atm35000230,2795,5215,Thursday
atm35000231,1835,5925,Thursday
atm35000232,5755,5850,Thursday
atm35000233,2115,4345,Thursday
atm35000234,4100,3975,Thursday
atm35000235,3445,4910,Thursday
atm35000236,6600,3380,Thursday
atm35000237,5345,5950,Thursday
atm35000238,5380,6050,Thursday
atm35000239,4145,5895,Thursday
atm35000240,6275,5785,Thursday
atm35000241,2630,3405,Thursday
atm35000242,2815,4890,Thursday
atm35000243,4895,2790,Thursday
atm35000244,2480,6715,Thursday
atm35000245,6300,4275,Thursday
atm35000246,2450,4275,Thursday
atm35000247,5270,3605,Thursday
atm35000248,2235,4945,Thursday
atm35000249,4935,4695,Thursday
atm35000250,3485,4770,Thursday
atm35000251,6870,2800,Thursday
atm35000252,5140,4905,Thursday
atm35000253,5630,5160,Thursday
atm35000254,3650,4790,Thursday
atm35000255,5365,3330,Thursday
atm35000256,4405,3435,Thursday
atm35000257,2835,6090,Thursday
atm35000258,5110,4220,Thursday
atm35000259,1385,4465,Thursday
atm35000260,3495,3320,Thursday
atm35000261,3860,4680,Thursday
atm35000262,6565,3960,Thursday
atm35000263,4830,3445,Thursday
atm35000264,1970,3965,Thursday
atm3500036,5970,2930,Thursday
atm3500037,6720,3805,Thursday
atm3500038,3580,3540,Thursday
atm3500039,4085,3370,Thursday
atm3500040,4820,3755,Thursday
atm3500041,2460,3290,Thursday
atm3500042,5500,3895,Thursday
atm3500043,3820,6015,Thursday
atm3500044,5685,2275,Thursday
atm3500045,2780,4070,Thursday
atm3500046,5075,5460,Thursday
atm3500047,2260,7225,Thursday
atm3500048,3700,3390,Thursday
atm3500049,3730,2920,Thursday
atm3500050,4110,4165,Thursday
atm3500051,5525,4650,Thursday
atm3500052,5400,4445,Thursday
atm3500053,2310,3555,Thursday
atm3500054,3545,4760,Thursday
atm3500055,3845,4605,Thursday
atm3500056,3905,4770,Thursday
atm3500057,3305,5250,Thursday
atm3500058,2865,6130,Thursday
atm3500059,2325,4975,Thursday
atm3500060,5260,4315,Thursday
atm3500061,2515,3815,Thursday
atm3500066,4240,5880,Thursday
atm3500067,3605,4885,Thursday
atm3500068,5355,3635,Thursday
atm3500069,4955,6475,Thursday
atm3500070,4935,3630,Thursday
atm3500071,5630,4315,Thursday
atm3500072,2510,4345,Thursday
atm3500073,4070,4170,Thursday
atm3500074,2215,3990,Thursday
atm3500075,3565,3930,Thursday
atm3500076,3715,6715,Thursday
atm3500077,2965,5420,Thursday
atm3500078,1910,3655,Thursday
atm3500079,5040,4325,Thursday
atm3500080,2045,6490,Thursday
atm3500081,5910,4340,Thursday
atm3500082,5630,4695,Thursday
atm3500083,4080,7230,Thursday
atm3500084,4905,5225,Thursday
atm3500085,5430,6955,Thursday
atm3500086,1750,5060,Thursday
atm3500087,7015,4420,Thursday
atm3500088,3840,6290,Thursday
atm3500089,4785,5320,Thursday
atm3500090,3625,3775,Thursday
atm3500091,3205,4685,Thursday
atm3500092,5795,4405,Thursday
atm3500093,2275,3200,Thursday
atm3500094,4300,5925,Thursday
atm3500095,2995,4810,Thursday
atm3500096,5135,5380,Thursday
atm3500097,4470,4645,Thursday
atm3500098,5250,5695,Thursday
atm3500099,2540,4545,Thursday
atm35000100,6200,2870,Thursday
atm35000101,2195,5240,Thursday
atm35000102,2335,5730,Thursday
atm35000103,4000,5095,Thursday
atm35000104,2305,3035,Thursday
atm35000105,6000,3770,Thursday
atm35000106,4580,7095,Thursday
atm35000107,2095,3665,Thursday
atm35000108,6135,6210,Thursday
atm35000109,3725,4240,Thursday
atm35000110,2860,6485,Thursday
atm35000111,2410,5725,Thursday
atm35000112,4395,6300,Thursday
atm35000113,7295,4585,Thursday
atm35000114,3200,4940,Thursday
atm35000115,4045,5305,Thursday
atm35000116,6160,4205,Thursday
atm35000117,4485,4955,Thursday
atm35000118,4695,4010,Thursday
atm35000119,3270,3860,Thursday
atm35000120,4315,3470,Thursday
atm35000121,3580,4585,Thursday
atm35000122,6635,6995,Thursday
atm35000123,3300,6240,Thursday
atm35000124,5365,6745,Thursday
atm35000125,8080,3855,Thursday
atm35000126,1590,3280,Thursday
atm35000127,3075,5880,Thursday
atm35000128,2750,5725,Thursday
atm35000129,2020,5120,Thursday
atm35000130,4490,3665,Thursday
atm35000131,1445,5500,Thursday
atm35000132,2780,4710,Thursday
atm35000133,3000,4685,Thursday
atm35000134,3340,3070,Thursday
atm35000135,5710,5575,Thursday
atm35000136,2720,5050,Thursday
atm35000137,4820,3735,Thursday
atm35000138,4955,4705,Thursday
atm35000139,4750,5555,Thursday
atm35000140,4545,4840,Thursday
atm35000141,1500,3510,Thursday
atm35000142,1605,3760,Thursday
atm35000143,4100,3610,Thursday
atm35000144,2650,4715,Thursday
atm35000145,5350,4895,Thursday
atm35000146,2570,5100,Thursday
atm35000147,1675,5185,Thursday
atm35000148,6225,3230,Thursday
atm35000149,2480,3510,Thursday
atm35000150,5735,3520,Thursday
atm35000151,3630,3645,Thursday
atm35000152,4225,3090,Thursday
atm35000153,4025,5220,Thursday
atm35000154,4200,6305,Thursday
atm35000155,3180,5965,Thursday
atm35000156,4210,4665,Thursday
atm35000157,2985,5765,Thursday
atm35000158,6670,4880,Thursday
atm35000159,5640,5665,Thursday
atm35000160,4035,3645,Thursday
atm35000161,2665,2605,Thursday
atm35000162,5175,2835,Thursday
atm35000163,4215,4050,Thursday
atm35000164,1435,3780,Thursday
atm35000165,6520,4505,Thursday
atm35000166,6910,5540,Thursday
atm35000167,5560,5795,Thursday
atm35000168,4480,6040,Thursday
atm35000169,4405,5725,Thursday
atm35000170,3065,2350,Thursday
atm35000171,4055,6715,Thursday
atm35000172,3310,5365,Thursday
atm35000173,4845,3710,Thursday
atm35000174,2980,4155,Thursday
atm35000175,3100,5750,Thursday
atm35000176,6560,3665,Thursday
atm35000177,5875,3915,Thursday
atm35000178,3015,5905,Thursday
atm35000179,5945,4600,Thursday
atm35000180,6140,4800,Thursday
atm35000181,3155,4965,Thursday
atm35000182,6265,6460,Thursday
atm35000183,5190,5310,Thursday
atm35000184,2780,2890,Thursday
atm35000185,4665,5645,Thursday
atm35000186,2575,4890,Thursday
atm35000187,6000,3665,Thursday
atm35000188,4550,4920,Thursday
atm35000189,2330,3030,Thursday
atm35000190,5470,5025,Thursday
atm35000191,4865,5715,Thursday
atm35000192,2485,4955,Thursday
atm35000193,1905,2320,Thursday
atm35000194,6570,4485,Thursday
atm35000195,4990,3805,Thursday
atm35000196,3090,6335,Thursday
atm35000197,5825,5615,Thursday
atm35000198,4915,4695,Thursday
atm35000199,5590,3980,Thursday
atm35000200,1850,5280,Thursday
atm35000201,5235,4400,Thursday
atm35000202,3970,5350,Thursday
atm35000203,5445,4950,Thursday
atm35000204,5935,4480,Thursday
atm35000205,4420,8135,Thursday
atm35000206,5145,5775,Thursday
atm35000207,3105,5560,Thursday
atm35000208,2010,6080,Thursday
atm35000209,6645,4635,Thursday
atm35000210,3590,2455,Thursday
atm35000211,5865,3615,Thursday
atm35000212,3190,3200,Thursday
atm35000213,5975,3800,Thursday
atm35000214,4925,5500,Thursday
atm35000215,1995,4450,Thursday
atm35000216,3940,5035,Thursday
atm35000217,6255,3945,Thursday
atm35000218,2885,6030,Thursday
atm35000219,4365,5820,Thursday
atm35000220,2510,4080,Thursday
atm35000221,3430,4010,Thursday
atm35000222,7040,7070,Thursday
atm35000223,3430,6220,Thursday
atm35000224,4695,3550,Thursday
atm35000225,2105,3505,Thursday
atm35000226,6635,6310,Thursday
atm35000227,4065,5305,Thursday
atm35000228,3585,3645,Thursday
atm35000229,3910,4320,Thursday
atm35000265,1520,6055,Thursday
atm35000266,3160,5800,Thursday
atm35000267,4080,3700,Thursday
atm35000268,5395,3945,Thursday
atm35000269,2980,5820,Thursday
atm35000270,1955,5830,Thursday
atm35000271,7305,3360,Thursday
atm35000272,5675,6665,Thursday
atm35000273,4245,5280,Thursday
atm35000274,4555,7335,Thursday
atm35000275,5600,6025,Thursday
atm35000276,4775,5930,Thursday
atm35000277,3320,3375,Thursday
atm35000278,2795,5190,Thursday
atm35000279,1970,4220,Thursday
atm35000280,5775,5555,Thursday
atm35000281,3680,5380,Thursday
atm35000282,5355,4045,Thursday
atm35000283,3610,7880,Thursday
atm35000284,4620,4145,Thursday
atm35000285,5580,7020,Thursday
atm35000286,3435,5090,Thursday
atm35000287,2855,7025,Thursday
atm35000288,4820,3740,Thursday
atm35000289,3005,4675,Thursday
atm35000290,6450,3180,Thursday
atm35000291,2130,4545,Thursday
atm35000292,2020,4110,Thursday
atm35000293,3465,5280,Thursday
atm35000294,3040,2230,Thursday
atm35000295,4755,4345,Thursday
atm35000296,2290,3370,Thursday
atm35000297,4960,4880,Thursday
atm35000298,4020,5080,Thursday
atm35000299,2005,6580,Thursday
atm35000300,1440,4510,Thursday
atm35000301,4920,5150,Thursday
atm35000302,3485,5755,Thursday
atm35000303,5975,4990,Thursday
atm35000304,4080,4620,Thursday
atm35000305,4015,4625,Thursday
atm35000306,5715,3725,Thursday
atm35000307,4330,5710,Thursday
atm35000308,1215,5115,Thursday
atm35000309,3930,3300,Thursday
atm35000310,4390,5340,Thursday
atm35000311,2760,4580,Thursday
atm35000312,4010,4925,Thursday
atm35000313,4515,4290,Thursday
atm35000314,4660,6395,Thursday
atm35000315,7655,2825,Thursday
atm35000316,5560,5845,Thursday
atm35000317,5120,4995,Thursday
atm35000318,5635,5430,Thursday
atm35000319,6065,3310,Thursday
atm35000320,5235,5065,Thursday
atm35000321,5435,5515,Thursday
atm35000322,4730,3290,Thursday
atm35000323,5085,5870,Thursday
atm35000324,3415,3495,Thursday
atm35000325,1930,3930,Thursday
atm35000326,2185,3880,Thursday
atm35000327,3960,3165,Thursday
atm35000328,5540,4350,Thursday
atm35000329,6705,5150,Thursday
atm35000330,2285,6700,Thursday
atm35000331,5490,4850,Thursday
atm35000332,3335,4995,Thursday
atm35000333,2465,3395,Thursday
atm35000334,3510,3330,Thursday
atm35000335,2235,3710,Thursday
atm35000336,5390,3285,Thursday
atm35000337,7550,3410,Thursday
atm35000338,6875,7685,Thursday
atm35000339,5385,4710,Thursday
atm35000340,5310,6535,Thursday
atm35000341,3075,4485,Thursday
atm35000342,3025,4615,Thursday
atm35000343,2790,2645,Thursday
atm35000344,2430,6380,Thursday
atm35000345,5775,2905,Thursday
atm35000346,3890,5005,Thursday
atm35000347,5100,5470,Thursday
atm35000348,2890,5395,Thursday
atm35000349,5240,6445,Thursday
atm35000350,4290,4960,Thursday
atm35000351,3795,7015,Thursday
atm35000352,6720,5840,Thursday
atm35000353,2930,6020,Thursday
atm35000354,4060,3995,Thursday
atm35000355,4025,5465,Thursday
atm35000356,4435,6815,Thursday
atm35000357,5575,5755,Thursday
atm35000358,2590,5930,Thursday
atm0,0,0,Thursday
atm350001,2910,6545,Thursday
atm350002,4660,3540,Thursday
atm350003,3610,4235,Thursday
atm350004,5285,4000,Thursday
atm350005,3935,3125,Thursday
atm350006,2735,4535,Thursday
atm350007,3330,3290,Thursday
atm350008,5360,5360,Thursday
atm350009,6120,5420,Thursday
atm3500010,4890,7110,Thursday
atm3500011,4795,3930,Thursday
atm3500012,5150,6390,Thursday
atm3500013,4750,3690,Thursday
atm3500014,2265,7090,Thursday
atm3500015,3760,5050,Thursday
atm3500016,4340,5700,Thursday
atm3500017,2605,4235,Thursday
atm3500018,4840,5515,Thursday
atm3500019,4395,3310,Thursday
atm3500020,4030,5935,Thursday
atm3500021,5925,5090,Thursday
atm3500022,3495,4060,Thursday
atm3500023,5910,4190,Thursday
atm3500024,4465,4465,Thursday
atm3500025,6020,5750,Thursday
atm3500026,2795,3330,Thursday
atm3500027,2965,3675,Thursday
atm3500028,1995,5540,Thursday
atm3500029,3255,3790,Thursday
atm3500030,3005,4785,Thursday
atm3500031,2855,5345,Thursday
atm3500032,3470,4325,Thursday
atm3500033,4725,5500,Thursday
atm3500034,7145,3975,Thursday
atm3500035,3685,3645,Thursday
atm3500062,4665,5675,Thursday
atm3500063,5045,6890,Thursday
atm3500064,1595,7040,Thursday
atm3500065,1720,4695,Thursday
atm35000230,5345,4050,Thursday
atm35000231,2455,3795,Thursday
atm35000232,2365,5585,Thursday
atm35000233,4645,5305,Thursday
atm35000234,6280,5315,Thursday
atm35000235,6580,5685,Thursday
atm35000236,5390,3365,Thursday
atm35000237,1785,5805,Thursday
atm35000238,6780,6855,Thursday
atm35000239,4700,3300,Thursday
atm35000240,5315,4595,Thursday
atm35000241,4585,4705,Thursday
atm35000242,2915,3090,Thursday
atm35000243,3935,6380,Thursday
atm35000244,4135,4050,Thursday
atm35000245,6885,3520,Thursday
atm35000246,3260,5555,Thursday
atm35000247,2895,6900,Thursday
atm35000248,5300,3335,Thursday
atm35000249,3430,4550,Thursday
atm35000250,2290,5190,Thursday
atm35000251,3605,4200,Thursday
atm35000252,2770,4980,Thursday
atm35000253,4100,3960,Thursday
atm35000254,5470,4620,Thursday
atm35000255,6050,3630,Thursday
atm35000256,3565,4865,Thursday
atm35000257,4905,4060,Thursday
atm35000258,6095,6810,Thursday
atm35000259,5475,5465,Thursday
atm35000260,6195,3430,Thursday
atm35000261,4595,3585,Thursday
atm35000262,4905,3605,Thursday
atm35000263,4185,3485,Thursday
atm35000264,2975,3415,Thursday
atm3500036,5250,5375,Thursday
atm3500037,4895,6050,Thursday
atm3500038,1840,5240,Thursday
atm3500039,3795,6270,Thursday
atm3500040,4040,4290,Thursday
atm3500041,4475,4180,Thursday
atm3500042,5980,5100,Thursday
atm3500043,5935,3710,Thursday
atm3500044,6685,6005,Thursday
atm3500045,5230,5475,Thursday
atm3500046,3855,5105,Thursday
atm3500047,2890,3505,Thursday
atm3500048,2570,6305,Thursday
atm3500049,4255,5870,Thursday
atm3500050,6690,5035,Thursday
atm3500051,2335,5510,Thursday
atm3500052,6690,4710,Thursday
atm3500053,5830,5405,Thursday
atm3500054,7155,3365,Thursday
atm3500055,5880,3310,Thursday
atm3500056,3565,5635,Thursday
atm3500057,3730,4400,Thursday
atm3500058,2705,5240,Thursday
atm3500059,3805,3660,Thursday
atm3500060,5390,4195,Thursday
atm3500061,6680,4190,Thursday
atm3500066,1960,3965,Thursday
atm3500067,2845,6645,Thursday
atm3500068,1410,3725,Thursday
atm3500069,4515,5070,Thursday
atm3500070,5025,6540,Thursday
atm3500071,1845,5365,Thursday
atm3500072,4475,3765,Thursday
atm3500073,4735,3255,Thursday
atm3500074,4445,6230,Thursday
atm3500075,3265,4170,Thursday
atm3500076,5130,5505,Thursday
atm3500077,2675,6040,Thursday
atm3500078,3235,4345,Thursday
atm3500079,6930,3475,Thursday
atm3500080,6255,3760,Thursday
atm3500081,2525,5435,Thursday
atm3500082,6945,5600,Thursday
atm3500083,6595,6100,Thursday
atm3500084,2365,3380,Thursday
atm3500085,2035,6025,Thursday
atm3500086,5260,3805,Thursday
atm3500087,3960,6290,Thursday
atm3500088,6010,3740,Thursday
atm3500089,3020,7270,Thursday
atm3500090,2280,5775,Thursday
atm3500091,4845,5095,Thursday
atm3500092,3010,5625,Thursday
atm3500093,4165,3150,Thursday
atm3500094,4375,6105,Thursday
atm3500095,2360,4355,Thursday
atm3500096,6755,3880,Thursday
atm3500097,3945,5485,Thursday
atm3500098,4185,5810,Thursday
atm3500099,6520,5075,Thursday
atm35000100,2525,5800,Thursday
atm35000101,2230,3670,Thursday
atm35000102,6415,6435,Thursday
atm35000103,4590,5225,Thursday
atm35000104,3765,5115,Thursday
atm35000105,5530,3095,Thursday
atm35000106,5690,5310,Thursday
atm35000107,6870,4580,Thursday
atm35000108,2160,5875,Thursday
atm35000109,3915,5995,Thursday
atm35000110,4920,6550,Thursday
atm35000111,4275,5190,Thursday
atm35000112,4305,5070,Thursday
atm35000113,4630,5475,Thursday
atm35000114,4225,6145,Thursday
atm35000115,4820,6585,Thursday
atm35000116,4095,5385,Thursday
atm35000117,1615,3405,Thursday
atm35000118,1930,6395,Thursday
atm35000119,3335,4035,Thursday
atm35000120,6275,4470,Thursday
atm35000121,2045,4550,Thursday
atm35000122,1840,6075,Thursday
atm35000123,5170,3685,Thursday
atm35000124,6260,5965,Thursday
atm35000125,4720,4560,Thursday
atm35000126,3080,4585,Thursday
atm35000127,2615,4665,Thursday
atm35000128,4735,6140,Thursday
atm35000129,4610,7040,Thursday
atm35000130,6690,6035,Thursday
atm35000131,2205,5280,Thursday
atm35000132,4775,4795,Thursday
atm35000133,6120,5380,Thursday
atm35000134,3175,5155,Thursday
atm35000135,4385,7195,Thursday
atm35000136,5210,6055,Thursday
atm35000137,7400,5390,Thursday
atm35000138,2450,5725,Thursday
atm35000139,3835,6230,Thursday
atm35000140,1650,5205,Thursday
atm35000141,4395,4755,Thursday
atm35000142,1735,5530,Thursday
atm35000143,1585,5145,Thursday
atm35000144,5560,2960,Thursday
atm35000145,2215,3820,Thursday
atm35000146,2665,5560,Thursday
atm35000147,2875,5885,Thursday
atm35000148,2650,4200,Thursday
atm35000149,3705,3275,Thursday
atm35000150,1845,5425,Thursday
atm35000151,4315,4575,Thursday
atm35000152,1770,3905,Thursday
atm35000153,3815,7380,Thursday
atm35000154,4165,5020,Thursday
atm35000155,3755,6820,Thursday
atm35000156,5310,4125,Thursday
atm35000157,5765,2750,Thursday
atm35000158,2770,4320,Thursday
atm35000159,6730,6075,Thursday
atm35000160,4860,4595,Thursday
atm35000161,3465,6245,Thursday
atm35000162,6630,4290,Thursday
atm35000163,5955,3065,Thursday
atm35000164,5180,4615,Thursday
atm35000165,1765,4105,Thursday
atm35000166,4945,5435,Thursday
atm35000167,3855,5580,Thursday
atm35000168,4405,5265,Thursday
atm35000169,5030,4355,Thursday
atm35000170,5475,6955,Thursday
atm35000171,6345,4565,Thursday
atm35000172,2505,4490,Thursday
atm35000173,4090,4905,Thursday
atm35000174,5780,5915,Thursday
atm35000175,3895,6725,Thursday
atm35000176,5870,2450,Thursday
atm35000177,7125,5155,Thursday
atm35000178,4565,4330,Thursday
atm35000179,2730,5665,Thursday
atm35000180,6380,2875,Thursday
atm35000181,2945,6240,Thursday
atm35000182,5815,3600,Thursday
atm35000183,5640,3445,Thursday
atm35000184,2160,2940,Thursday
atm35000185,5695,5135,Thursday
atm35000186,2230,4145,Thursday
atm35000187,4660,4600,Thursday
atm35000188,3270,3825,Thursday
atm35000189,5975,6745,Thursday
atm35000190,3320,4290,Thursday
atm35000191,4460,5285,Thursday
atm35000192,4445,5670,Thursday
atm35000193,4635,5150,Thursday
atm35000194,3345,5550,Thursday
atm35000195,5015,4960,Thursday
atm35000196,4455,4775,Thursday
atm35000197,5565,3030,Thursday
atm35000198,5610,5985,Thursday
atm35000199,4310,3835,Thursday
atm35000200,4945,5825,Thursday
atm35000201,5345,5225,Thursday
atm35000202,2380,6920,Thursday
atm35000203,6240,4985,Thursday
atm35000204,5255,3630,Thursday
atm35000205,5365,5590,Thursday
atm35000206,5450,5915,Thursday
atm35000207,5395,6690,Thursday
atm35000208,2910,5300,Thursday
atm35000209,4550,5110,Thursday
atm35000210,4755,3460,Thursday
atm35000211,3070,5200,Thursday
atm35000212,5695,4025,Thursday
atm35000213,5875,5745,Thursday
atm35000214,4145,4355,Thursday
atm35000215,6560,4205,Thursday
atm35000216,1500,4680,Thursday
atm35000217,3165,5025,Thursday
atm35000218,3535,3625,Thursday
atm35000219,5250,5065,Thursday
atm35000220,5845,4590,Thursday
atm35000221,6725,6150,Thursday
atm35000222,1935,4450,Thursday
atm35000223,6030,4530,Thursday
atm35000224,5220,5825,Thursday
atm35000225,3945,5770,Thursday
atm35000226,3375,4160,Thursday
atm35000227,5600,7185,Thursday
atm35000228,6610,5050,Thursday
atm35000229,4130,3975,Thursday
atm35000265,3780,6015,Thursday
atm35000266,2490,4450,Thursday
atm35000267,3980,3000,Thursday
atm35000268,5025,4720,Thursday
atm35000269,3450,4335,Thursday
atm35000270,4675,5360,Thursday
atm35000271,4215,3285,Thursday
atm35000272,6265,5310,Thursday
atm35000273,2770,6260,Thursday
atm35000274,5295,4930,Thursday
atm35000275,4115,5090,Thursday
atm35000276,3545,5430,Thursday
atm35000277,2400,5445,Thursday
atm35000278,5755,4455,Thursday
atm35000279,4485,3505,Thursday
atm35000280,5395,4440,Thursday
atm35000281,5680,4000,Thursday
atm35000282,7500,5125,Thursday
atm35000283,3490,6010,Thursday
atm35000284,4325,5395,Thursday
atm35000285,3380,4740,Thursday
atm35000286,4325,5735,Thursday
atm35000287,3040,3710,Thursday
atm35000288,1710,6455,Thursday
atm35000289,5450,4320,Thursday
atm35000290,4760,3085,Thursday
atm35000291,5670,5105,Thursday
atm35000292,5060,7000,Thursday
atm35000293,2730,5650,Thursday
atm35000294,4180,4245,Thursday
atm35000295,3215,5675,Thursday
atm35000296,3275,5230,Thursday
atm35000297,4615,5665,Thursday
atm35000298,2430,5815,Thursday
atm35000299,3140,3325,Thursday
atm35000300,4575,4095,Thursday
atm35000301,3250,5590,Thursday
atm35000302,6205,4535,Thursday
atm35000303,2230,6945,Thursday
atm35000304,5130,5760,Thursday
atm35000305,4560,6485,Thursday
atm35000306,3630,4600,Thursday
atm35000307,3875,5190,Thursday
atm35000308,5815,3490,Thursday
atm35000309,3740,6270,Thursday
atm35000310,4165,3800,Thursday
atm35000311,4500,4835,Thursday
atm35000312,1460,4395,Thursday
atm35000313,3965,5560,Thursday
atm35000314,5170,6410,Thursday
atm35000315,3020,5635,Thursday
atm35000316,5520,6420,Thursday
atm35000317,6125,5410,Thursday
atm35000318,4460,2795,Thursday
atm35000319,2665,4510,Thursday
atm35000320,2645,3720,Thursday
atm35000321,5070,3925,Thursday
atm35000322,3260,4235,Thursday
atm35000323,3235,3195,Thursday
atm35000324,5265,5055,Thursday
atm35000325,5840,3730,Thursday
atm35000326,6595,4625,Thursday
atm35000327,2205,4635,Thursday
atm35000328,5815,6330,Thursday
atm35000329,5280,3310,Thursday
atm35000330,6240,4445,Thursday
atm35000331,4190,3840,Thursday
atm35000332,5315,5170,Thursday
atm35000333,5960,3435,Thursday
atm35000334,5030,5555,Thursday
atm35000335,3295,6135,Thursday
atm35000336,2875,5045,Thursday
atm35000337,4360,6405,Thursday
atm35000338,4305,6085,Thursday
atm35000339,4815,6075,Thursday
atm35000340,5385,4250,Thursday
atm35000341,3600,5275,Thursday
atm35000342,7695,4570,Thursday
atm35000343,2690,5525,Thursday
atm35000344,2625,6440,Thursday
atm35000345,6030,4990,Thursday
atm35000346,6245,5000,Thursday
atm35000347,5010,5440,Thursday
atm35000348,2730,3005,Thursday
atm35000349,4115,4520,Thursday
atm35000350,5115,6610,Thursday
atm35000351,6355,5375,Thursday
atm35000352,4310,3460,Thursday
atm35000353,2695,3055,Thursday
atm35000354,1635,6885,Thursday
atm35000355,6410,6490,Thursday
atm35000356,5135,4165,Thursday
atm35000357,3185,3765,Thursday
atm35000358,1785,5605,Thursday
atm0,0,0,Thursday
atm350001,1890,4430,Thursday
atm350002,2755,4660,Thursday
atm350003,3325,5645,Thursday
atm350004,2120,3705,Thursday
atm350005,3175,6465,Thursday
atm350006,3055,3665,Thursday
atm350007,6095,2860,Thursday
atm350008,6580,3655,Thursday
atm350009,2030,5905,Thursday
atm3500010,4180,6720,Thursday
atm3500011,2885,3820,Thursday
atm3500012,3070,4480,Thursday
atm3500013,2605,4245,Thursday
atm3500014,5200,3740,Thursday
atm3500015,2650,2905,Thursday
atm3500016,4395,4105,Thursday
atm3500017,3660,5415,Thursday
atm3500018,5045,4530,Thursday
atm3500019,4875,3130,Thursday
atm3500020,6540,4450,Thursday
atm3500021,4705,5135,Thursday
atm3500022,6265,5365,Thursday
atm3500023,1900,3510,Thursday
atm3500024,2095,5470,Thursday
atm3500025,4060,3310,Thursday
atm3500026,4675,5745,Thursday
atm3500027,5420,3515,Thursday
atm3500028,2230,6735,Thursday
atm3500029,4955,4190,Thursday
atm3500030,4740,5850,Thursday
atm3500031,3495,5160,Thursday
atm3500032,5265,4350,Thursday
atm3500033,3375,3495,Thursday
atm3500034,3020,4935,Thursday
atm3500035,4145,5585,Thursday
atm3500062,2620,5505,Thursday
atm3500063,3115,5120,Thursday
atm3500064,5650,4785,Thursday
atm3500065,3825,4000,Thursday
atm35000230,6060,3650,Thursday
atm35000231,2115,5100,Thursday
atm35000232,4220,4060,Thursday
atm35000233,5885,5200,Thursday
atm35000234,5775,6610,Thursday
atm35000235,2215,3970,Thursday
atm35000236,4580,3390,Thursday
atm35000237,4165,4950,Thursday
atm35000238,4765,4525,Thursday
atm35000239,4815,3430,Thursday
atm35000240,2125,4455,Thursday
atm35000241,7090,3235,Thursday
atm35000242,5840,3490,Thursday
atm35000243,5735,4910,Thursday
atm35000244,5640,6095,Thursday
atm35000245,2305,5050,Thursday
atm35000246,5065,3490,Thursday
atm35000247,2320,3445,Thursday
atm35000248,5715,4100,Thursday
atm35000249,6795,5455,Thursday
atm35000250,5625,4710,Thursday
atm35000251,3520,3360,Thursday
atm35000252,2715,6240,Thursday
atm35000253,3625,4565,Thursday
atm35000254,2585,3545,Thursday
atm35000255,6905,3460,Thursday
atm35000256,4145,6100,Thursday
atm35000257,6295,6170,Thursday
atm35000258,2130,5175,Thursday
atm35000259,5065,5390,Thursday
atm35000260,3125,6460,Thursday
atm35000261,4570,4720,Thursday
atm35000262,3095,3090,Thursday
atm35000263,3265,5135,Thursday
atm35000264,5025,5125,Thursday
atm3500036,3145,3285,Thursday
atm3500037,5745,4205,Thursday
atm3500038,2050,4125,Thursday
atm3500039,4300,7665,Thursday
atm3500040,5060,4775,Thursday
atm3500041,2165,5395,Thursday
atm3500042,2485,3720,Thursday
atm3500043,2915,6360,Thursday
atm3500044,3960,3260,Thursday
atm3500045,4665,6185,Thursday
atm3500046,2750,2385,Thursday
atm3500047,2855,4595,Thursday
atm3500048,5430,4635,Thursday
atm3500049,5080,4170,Thursday
atm3500050,2290,5175,Thursday
atm3500051,5375,4195,Thursday
atm3500052,3235,4350,Thursday
atm3500053,6715,6080,Thursday
atm3500054,2380,6970,Thursday
atm3500055,2585,5625,Thursday
atm3500056,5225,5695,Thursday
atm3500057,7070,4955,Thursday
atm3500058,4140,3430,Thursday
atm3500059,2370,4650,Thursday
atm3500060,6835,6520,Thursday
atm3500061,2040,6665,Thursday
atm3500066,4855,4130,Thursday
atm3500067,3855,3390,Thursday
atm3500068,2195,4555,Thursday
atm3500069,5305,4560,Thursday
atm3500070,5765,4685,Thursday
atm3500071,4370,4450,Thursday
atm3500072,2045,6260,Thursday
atm3500073,7005,4525,Thursday
atm3500074,4265,6285,Thursday
atm3500075,3775,3700,Thursday
atm3500076,6095,5030,Thursday
atm3500077,2675,5925,Thursday
atm3500078,4195,3445,Thursday
atm3500079,6430,3485,Thursday
atm3500080,2305,5400,Thursday
atm3500081,2005,3435,Thursday
atm3500082,2710,2900,Thursday
atm3500083,5435,5575,Thursday
atm3500084,5185,6790,Thursday
atm3500085,6215,5465,Thursday
atm3500086,4025,4375,Thursday
atm3500087,5810,6720,Thursday
atm3500088,6175,3795,Thursday
atm3500089,4300,5485,Thursday
atm3500090,4405,4395,Thursday
atm3500091,4755,3990,Thursday
atm3500092,1950,4495,Thursday
atm3500093,3530,4740,Thursday
atm3500094,2145,3470,Thursday
atm3500095,5620,6485,Thursday
atm3500096,3495,5890,Thursday
atm3500097,5890,5020,Thursday
atm3500098,1040,6195,Thursday
atm3500099,4040,5155,Thursday
atm35000100,1935,5380,Thursday
atm35000101,6515,6700,Thursday
atm35000102,6650,3330,Thursday
atm35000103,2875,4395,Thursday
atm35000104,6380,3720,Thursday
atm35000105,3075,7000,Thursday
atm35000106,3430,6180,Thursday
atm35000107,4430,4935,Thursday
atm35000108,2740,4585,Thursday
atm35000109,2260,3515,Thursday
atm35000110,6330,3915,Thursday
atm35000111,5080,5790,Thursday
atm35000112,5620,5480,Thursday
atm35000113,2775,5965,Thursday
atm35000114,3635,4000,Thursday
atm35000115,6565,4840,Thursday
atm35000116,4695,5820,Thursday
atm35000117,4970,4965,Thursday
atm35000118,4825,4980,Thursday
atm35000119,2955,5845,Thursday
atm35000120,3325,5380,Thursday
atm35000121,4005,5920,Thursday
atm35000122,3815,6985,Thursday
atm35000123,4860,3435,Thursday
atm35000124,6265,7295,Thursday
atm35000125,4185,4640,Thursday
atm35000126,6365,6060,Thursday
atm35000127,2575,4145,Thursday
atm35000128,4800,5485,Thursday
atm35000129,6140,6270,Thursday
atm35000130,3660,5745,Thursday
atm35000131,5885,2915,Thursday
atm35000132,2470,5420,Thursday
atm35000133,3675,4075,Thursday
atm35000134,5595,4110,Thursday
atm35000135,5770,3765,Thursday
atm35000136,5825,4480,Thursday
atm35000137,3530,5110,Thursday
atm35000138,6010,3595,Thursday
atm35000139,4125,5455,Thursday
atm35000140,5055,6315,Thursday
atm35000141,3795,6455,Thursday
atm35000142,1750,3075,Thursday
atm35000143,3175,3405,Thursday
atm35000144,3725,4630,Thursday
atm35000145,4225,3820,Thursday
atm35000146,4490,4995,Thursday
atm35000147,4755,3405,Thursday
atm35000148,2690,5980,Thursday
atm35000149,5230,3565,Thursday
atm35000150,5765,5495,Thursday
atm35000151,5595,5395,Thursday
atm35000152,2825,3760,Thursday
atm35000153,2715,5155,Thursday
atm35000154,3175,6865,Thursday
atm35000155,4630,4435,Thursday
atm35000156,2820,4090,Thursday
atm35000157,4980,6090,Thursday
atm35000158,3050,3570,Thursday
atm35000159,3325,4420,Thursday
atm35000160,6275,3550,Thursday
atm35000161,5380,3195,Thursday
atm35000162,5135,6595,Thursday
atm35000163,6240,3010,Thursday
atm35000164,6380,5665,Thursday
atm35000165,3750,4195,Thursday
atm35000166,2470,5965,Thursday
atm35000167,4525,7085,Thursday
atm35000168,7400,5775,Thursday
atm35000169,4365,5000,Thursday
atm35000170,4020,6470,Thursday
atm35000171,3525,3150,Thursday
atm35000172,1660,3320,Thursday
atm35000173,2555,4490,Thursday
atm35000174,4500,4640,Thursday
atm35000175,4000,4870,Thursday
atm35000176,5600,5835,Thursday
atm35000177,5780,4000,Thursday
atm35000178,5415,5225,Thursday
atm35000179,4405,4600,Thursday
atm35000180,3415,6310,Thursday
atm35000181,3810,3800,Thursday
atm35000182,6420,3975,Thursday
atm35000183,5160,4920,Thursday
atm35000184,5140,4720,Thursday
atm35000185,1955,4605,Thursday
atm35000186,3105,4040,Thursday
atm35000187,3450,6835,Thursday
atm35000188,4150,5225,Thursday
atm35000189,2505,6800,Thursday
atm35000190,6255,5825,Thursday
atm35000191,2460,3120,Thursday
atm35000192,2640,5310,Thursday
atm35000193,5410,6595,Thursday
atm35000194,4695,3930,Thursday
atm35000195,3125,3905,Thursday
atm35000196,2675,4155,Thursday
atm35000197,2790,4780,Thursday
atm35000198,4280,6475,Thursday
atm35000199,5430,5955,Thursday
atm35000200,3645,4705,Thursday
atm35000201,1700,3535,Thursday
atm35000202,7475,6445,Thursday
atm35000203,4270,2810,Thursday
atm35000204,6675,4450,Thursday
atm35000205,5470,5185,Thursday
atm35000206,7270,6230,Thursday
atm35000207,2925,4320,Thursday
atm35000208,3790,2790,Thursday
atm35000209,2510,3670,Thursday
atm35000210,2625,6100,Thursday
atm35000211,3385,6540,Thursday
atm35000212,6115,6625,Thursday
atm35000213,5400,2980,Thursday
atm35000214,2100,5945,Thursday
atm35000215,4755,5645,Thursday
atm35000216,2185,4815,Thursday
atm35000217,2130,6360,Thursday
atm35000218,2340,5365,Thursday
atm35000219,4855,4600,Thursday
atm35000220,6965,6285,Thursday
atm35000221,3305,4345,Thursday
atm35000222,4770,4830,Thursday
atm35000223,3860,4130,Thursday
atm35000224,5765,4740,Thursday
atm35000225,5375,4685,Thursday
atm35000226,4755,3770,Thursday
atm35000227,6055,6355,Thursday
atm35000228,4715,5310,Thursday
atm35000229,2890,3110,Thursday
atm35000265,2870,6445,Thursday
atm35000266,5285,4055,Thursday
atm35000267,2335,3150,Thursday
atm35000268,5175,3430,Thursday
atm35000269,4315,4170,Thursday
atm35000270,3540,5235,Thursday
atm35000271,6685,5810,Thursday
atm35000272,4540,5335,Thursday
atm35000273,4150,5280,Thursday
atm35000274,4765,4875,Thursday
atm35000275,5110,5085,Thursday
atm35000276,7170,3200,Thursday
atm35000277,3405,3500,Thursday
atm35000278,4170,5460,Thursday
atm35000279,2635,4935,Thursday
atm35000280,1765,4220,Thursday
atm35000281,3440,4435,Thursday
atm35000282,5110,3970,Thursday
atm35000283,5150,3665,Thursday
atm35000284,2485,6115,Thursday
atm35000285,3060,3695,Thursday
atm35000286,4575,4860,Thursday
atm35000287,2910,4095,Thursday
atm35000288,3100,3395,Thursday
atm35000289,1545,7320,Thursday
atm35000290,5130,6290,Thursday
atm35000291,5735,6725,Thursday
atm35000292,1890,2670,Thursday
atm35000293,6490,4910,Thursday
atm35000294,3200,3415,Thursday
atm35000295,5665,4345,Thursday
atm35000296,4230,4180,Thursday
atm35000297,3590,5860,Thursday
atm35000298,3120,4535,Thursday
atm35000299,5835,7340,Thursday
atm35000300,4970,4250,Thursday
atm35000301,4340,4060,Thursday
atm35000302,4555,3455,Thursday
atm35000303,6090,5190,Thursday
atm35000304,2730,5155,Thursday
atm35000305,2585,3710,Thursday
atm35000306,3305,3285,Thursday
atm35000307,3045,7290,Thursday
atm35000308,5815,5240,Thursday
atm35000309,4370,4755,Thursday
atm35000310,5125,4975,Thursday
atm35000311,3605,4230,Thursday
atm35000312,4505,5915,Thursday
atm35000313,3875,4935,Thursday
atm35000314,4120,5020,Thursday
atm35000315,4605,5345,Thursday
atm35000316,6215,2770,Thursday
atm35000317,4225,6935,Thursday
atm35000318,6020,4915,Thursday
atm35000319,4440,6890,Thursday
atm35000320,4660,3750,Thursday
atm35000321,3980,4390,Thursday
atm35000322,5970,3950,Thursday
atm35000323,5630,5165,Thursday
atm35000324,2230,3520,Thursday
atm35000325,3120,5825,Thursday
atm35000326,2550,5310,Thursday
atm35000327,6135,4130,Thursday
atm35000328,2615,3560,Thursday
atm35000329,2845,5265,Thursday
atm35000330,3310,4335,Thursday
atm35000331,5875,4385,Thursday
atm35000332,6305,4300,Thursday
atm35000333,3845,3560,Thursday
atm35000334,4210,5985,Thursday
atm35000335,3550,5765,Thursday
atm35000336,4010,7015,Thursday
atm35000337,4880,4100,Thursday
atm35000338,4480,5150,Thursday
atm35000339,4175,5075,Thursday
atm35000340,3805,4620,Thursday
atm35000341,6255,3830,Thursday
atm35000342,6455,5230,Thursday
atm35000343,2940,6260,Thursday
atm35000344,6555,4730,Thursday
atm35000345,6280,6435,Thursday
atm35000346,5270,6390,Thursday
atm35000347,3915,4670,Thursday
atm35000348,4915,6530,Thursday
atm35000349,6570,2985,Thursday
atm35000350,5765,5705,Thursday
atm35000351,3955,4770,Thursday
atm35000352,5585,3090,Thursday
atm35000353,4285,5235,Thursday
atm35000354,6635,5975,Thursday
atm35000355,4380,3965,Thursday
atm35000356,3685,6320,Thursday
atm35000357,3175,4060,Thursday
atm35000358,2225,4115,Thursday
atm0,0,0,Thursday
atm350001,2765,4340,Thursday
atm350002,4620,4340,Thursday
atm350003,5030,5385,Thursday
atm350004,3950,5115,Thursday
atm350005,3855,6735,Thursday
atm350006,3155,2900,Thursday
atm350007,6070,3365,Thursday
atm350008,2150,5225,Thursday
atm350009,4075,4420,Thursday
atm3500010,5015,5660,Thursday
atm3500011,6280,4035,Thursday
atm3500012,6285,5025,Thursday
atm3500013,4605,7935,Thursday
atm3500014,3840,7045,Thursday
atm3500015,4735,3810,Thursday
atm3500016,4305,3310,Thursday
atm3500017,3675,4825,Thursday
atm3500018,2195,4205,Thursday
atm3500019,4940,4150,Thursday
atm3500020,4340,6875,Thursday
atm3500021,3135,4980,Thursday
atm3500022,3240,6385,Thursday
atm3500023,2165,4950,Thursday
atm3500024,2295,4105,Thursday
atm3500025,4530,6295,Thursday
atm3500026,4330,4075,Thursday
atm3500027,3550,5065,Thursday
atm3500028,5760,5890,Thursday
atm3500029,5055,3300,Thursday
atm3500030,4130,7695,Thursday
atm3500031,2300,7570,Thursday
atm3500032,2200,4760,Thursday
atm3500033,6660,4225,Thursday
atm3500034,1930,5020,Thursday
atm3500035,3955,5870,Thursday
atm3500062,6720,7490,Thursday
atm3500063,4990,5705,Thursday
atm3500064,3245,4055,Thursday
atm3500065,4645,5320,Thursday
atm35000230,3515,3040,Thursday
atm35000231,5360,3620,Thursday
atm35000232,2425,3245,Thursday
atm35000233,3425,3790,Thursday
atm35000234,3740,6315,Thursday
atm35000235,5600,4030,Thursday
atm35000236,4795,4980,Thursday
atm35000237,5555,4110,Thursday
atm35000238,4055,4565,Thursday
atm35000239,5185,6035,Thursday
atm35000240,3410,6995,Thursday
atm35000241,4315,3895,Thursday
atm35000242,5465,4855,Thursday
atm35000243,3495,4205,Thursday
atm35000244,5310,4525,Thursday
atm35000245,6350,3490,Thursday
atm35000246,4340,4405,Thursday
atm35000247,4310,4375,Thursday
atm35000248,2565,3095,Thursday
atm35000249,4565,4930,Thursday
atm35000250,2900,5480,Thursday
atm35000251,5440,5835,Thursday
atm35000252,1930,6000,Thursday
atm35000253,5665,4160,Thursday
atm35000254,3210,3570,Thursday
atm35000255,3985,5510,Thursday
atm35000256,6440,5225,Thursday
atm35000257,7315,6180,Thursday
atm35000258,1930,3665,Thursday
atm35000259,6035,3510,Thursday
atm35000260,2105,7160,Thursday
atm35000261,5880,4820,Thursday
atm35000262,5095,5690,Thursday
atm35000263,6405,4020,Thursday
atm35000264,3280,4240,Thursday
atm3500036,5960,6775,Thursday
atm3500037,2810,4680,Thursday
atm3500038,4390,4275,Thursday
atm3500039,2305,4310,Thursday
atm3500040,3145,3695,Thursday
atm3500041,5505,3900,Thursday
atm3500042,2805,4510,Thursday
atm3500043,4945,5635,Thursday
atm3500044,1660,4010,Thursday
atm3500045,6325,5930,Thursday
atm3500046,3010,4400,Thursday
atm3500047,2200,2880,Thursday
atm3500048,4980,4335,Thursday
atm3500049,5515,4940,Thursday
atm3500050,6095,4075,Thursday
atm3500051,2880,4750,Thursday
atm3500052,7070,5575,Thursday
atm3500053,2825,6170,Thursday
atm3500054,3440,5685,Thursday
atm3500055,3755,2935,Thursday
atm3500056,3275,5095,Thursday
atm3500057,3220,5220,Thursday
atm3500058,5520,6030,Thursday
atm3500059,6585,6125,Thursday
atm3500060,2955,3645,Thursday
atm3500061,4905,3785,Thursday
atm3500066,4470,3365,Thursday
atm3500067,2345,3610,Thursday
atm3500068,4675,6185,Thursday
atm3500069,3360,5195,Thursday
atm3500070,5800,5195,Thursday
atm3500071,2525,3330,Thursday
atm3500072,3015,6190,Thursday
atm3500073,5745,5220,Thursday
atm3500074,1795,4560,Thursday
atm3500075,5260,3155,Thursday
atm3500076,6705,5415,Thursday
atm3500077,5995,2920,Thursday
atm3500078,2610,6755,Thursday
atm3500079,2760,6515,Thursday
atm3500080,3795,3870,Thursday
atm3500081,5115,3545,Thursday
atm3500082,1740,5175,Thursday
atm3500083,4180,6330,Thursday
atm3500084,3160,4385,Thursday
atm3500085,6235,2985,Thursday
atm3500086,3855,5770,Thursday
atm3500087,5840,5270,Thursday
atm3500088,2800,5210,Thursday
atm3500089,5350,4265,Thursday
atm3500090,1530,3920,Thursday
atm3500091,2905,2240,Thursday
atm3500092,3915,3560,Thursday
atm3500093,3560,4800,Thursday
atm3500094,6070,3115,Thursday
atm3500095,2855,6745,Thursday
atm3500096,5195,5175,Thursday
atm3500097,4255,6355,Thursday
atm3500098,4100,5780,Thursday
atm3500099,5345,6105,Thursday
atm35000100,6135,3940,Thursday
atm35000101,2360,4765,Thursday
atm35000102,5380,4070,Thursday
atm35000103,7000,5480,Thursday
atm35000104,3800,5250,Thursday
atm35000105,2400,6950,Thursday
atm35000106,4240,3830,Thursday
atm35000107,2705,4485,Thursday
atm35000108,2840,5820,Thursday
atm35000109,4850,3490,Thursday
atm35000110,5980,5010,Thursday
atm35000111,3710,2500,Thursday
atm35000112,3340,6960,Thursday
atm35000113,5050,4225,Thursday
atm35000114,7050,3080,Thursday
atm35000115,2740,5325,Thursday
atm35000116,4495,5175,Thursday
atm35000117,5690,5960,Thursday
atm35000118,5890,3740,Thursday
atm35000119,3510,4800,Thursday
atm35000120,5390,4295,Thursday
atm35000121,3800,6975,Thursday
atm35000122,5105,4945,Thursday
atm35000123,7200,3275,Thursday
atm35000124,4290,6795,Thursday
atm35000125,4315,4250,Thursday
atm35000126,3745,3115,Thursday
atm35000127,4210,4565,Thursday
atm35000128,3710,5645,Thursday
atm35000129,4970,3410,Thursday
atm35000130,4395,4890,Thursday
atm35000131,4685,6415,Thursday
atm35000132,3825,3885,Thursday
atm35000133,5960,4380,Thursday
atm35000134,3380,5455,Thursday
atm35000135,4040,3080,Thursday
atm35000136,2225,3360,Thursday
atm35000137,5505,5225,Thursday
atm35000138,4565,7405,Thursday
atm35000139,5445,5015,Thursday
atm35000140,2810,4220,Thursday
atm35000141,3270,3220,Thursday
atm35000142,7200,4865,Thursday
atm35000143,2190,6350,Thursday
atm35000144,4050,6885,Thursday
atm35000145,2595,4780,Thursday
atm35000146,6465,6560,Thursday
atm35000147,1350,3880,Thursday
atm35000148,4130,6780,Thursday
atm35000149,4185,4430,Thursday
atm35000150,3970,3395,Thursday
atm35000151,2975,5990,Thursday
atm35000152,6500,4875,Thursday
atm35000153,6360,3940,Thursday
atm35000154,5215,5160,Thursday
atm35000155,4180,4835,Thursday
atm35000156,1865,3895,Thursday
atm35000157,2090,7220,Thursday
atm35000158,4230,5270,Thursday
atm35000159,7175,3220,Thursday
atm35000160,4305,6825,Thursday
atm35000161,6680,4085,Thursday
atm35000162,2160,5915,Thursday
atm35000163,5650,4115,Thursday
atm35000164,3295,2985,Thursday
atm35000165,3930,5625,Thursday
atm35000166,2600,3980,Thursday
atm35000167,6095,5770,Thursday
atm35000168,6745,5975,Thursday
atm35000169,5480,3910,Thursday
atm35000170,6260,4895,Thursday
atm35000171,3675,3420,Thursday
atm35000172,6020,5715,Thursday
atm35000173,6140,4000,Thursday
atm35000174,4115,3705,Thursday
atm35000175,2870,4365,Thursday
atm35000176,2905,4135,Thursday
atm35000177,4980,3840,Thursday
atm35000178,2940,6230,Thursday
atm35000179,5060,7635,Thursday
atm35000180,3530,4810,Thursday
atm35000181,3445,7035,Thursday
atm35000182,1525,4210,Thursday
atm35000183,4625,4200,Thursday
atm35000184,1905,6725,Thursday
atm35000185,5010,5255,Thursday
atm35000186,2950,3670,Thursday
atm35000187,4685,5940,Thursday
atm35000188,5210,5610,Thursday
atm35000189,6150,6655,Thursday
atm35000190,3405,4440,Thursday
atm35000191,7005,5425,Thursday
atm35000192,5680,4805,Thursday
atm35000193,7370,2800,Thursday
atm35000194,3385,6090,Thursday
atm35000195,5270,3570,Thursday
atm35000196,2465,4435,Thursday
atm35000197,6670,5440,Thursday
atm35000198,4850,5435,Thursday
atm35000199,3300,2700,Thursday
atm35000200,4360,5390,Thursday
atm35000201,1795,4875,Thursday
atm35000202,6045,6665,Thursday
atm35000203,3560,4960,Thursday
atm35000204,3520,4895,Thursday
atm35000205,5720,3465,Thursday
atm35000206,5225,5590,Thursday
atm35000207,5185,4540,Thursday
atm35000208,5015,4315,Thursday
atm35000209,1920,6835,Thursday
atm35000210,1880,4485,Thursday
atm35000211,5365,6420,Thursday
atm35000212,1990,4215,Thursday
atm35000213,6715,3610,Thursday
atm35000214,6165,6515,Thursday
atm35000215,6455,5645,Thursday
atm35000216,2720,5240,Thursday
atm35000217,4110,7000,Thursday
atm35000218,4440,4490,Thursday
atm35000219,5465,4110,Thursday
atm35000220,2750,2795,Thursday
atm35000221,3085,3685,Thursday
atm35000222,4590,4450,Thursday
atm35000223,6195,4425,Thursday
atm35000224,5470,5740,Thursday
atm35000225,3045,4230,Thursday
atm35000226,4210,5330,Thursday
atm35000227,4035,4910,Thursday
atm35000228,8440,6600,Thursday
atm35000229,5505,4120,Thursday
atm35000265,2245,4745,Thursday
atm35000266,4885,4005,Thursday
atm35000267,4810,7000,Thursday
atm35000268,4635,6335,Thursday
atm35000269,1855,6340,Thursday
atm35000270,4610,3795,Thursday
atm35000271,2890,4085,Thursday
atm35000272,6525,5920,Thursday
atm35000273,2675,5720,Thursday
atm35000274,4105,5210,Thursday
atm35000275,4380,5130,Thursday
atm35000276,1855,5515,Thursday
atm35000277,3580,5755,Thursday
atm35000278,2340,5500,Thursday
atm35000279,5540,5240,Thursday
atm35000280,5585,3750,Thursday
atm35000281,1950,4610,Thursday
atm35000282,3695,6040,Thursday
atm35000283,5175,3935,Thursday
atm35000284,3370,4495,Thursday
atm35000285,4915,3975,Thursday
atm35000286,6300,3095,Thursday
atm35000287,3215,3670,Thursday
atm35000288,1555,3430,Thursday
atm35000289,2800,4000,Thursday
atm35000290,5360,6160,Thursday
atm35000291,3365,5140,Thursday
atm35000292,3820,6625,Thursday
atm35000293,5585,3025,Thursday
atm35000294,2640,4740,Thursday
atm35000295,3725,4350,Thursday
atm35000296,7260,5010,Thursday
atm35000297,7515,3080,Thursday
atm35000298,2790,2135,Thursday
atm35000299,5335,6165,Thursday
atm35000300,2835,3515,Thursday
atm35000301,2485,6000,Thursday
atm35000302,2850,5210,Thursday
atm35000303,2675,4985,Thursday
atm35000304,3075,5415,Thursday
atm35000305,4380,6175,Thursday
atm35000306,2175,3970,Thursday
atm35000307,3555,2805,Thursday
atm35000308,2060,5210,Thursday
atm35000309,2520,5350,Thursday
atm35000310,5540,4885,Thursday
atm35000311,3560,6530,Thursday
atm35000312,4355,3570,Thursday
atm35000313,2080,3655,Thursday
atm35000314,6725,5785,Thursday
atm35000315,3580,4695,Thursday
atm35000316,2565,3490,Thursday
atm35000317,5715,6390,Thursday
atm35000318,2735,3135,Thursday
atm35000319,3575,4635,Thursday
atm35000320,2475,4135,Thursday
atm35000321,5780,5715,Thursday
atm35000322,4125,4290,Thursday
atm35000323,6040,6210,Thursday
atm35000324,3380,5205,Thursday
atm35000325,2170,4460,Thursday
atm35000326,4855,5380,Thursday
atm35000327,6620,5095,Thursday
atm35000328,3890,3690,Thursday
atm35000329,7030,3165,Thursday
atm35000330,2535,6035,Thursday
atm35000331,2530,7110,Thursday
atm35000332,4000,6040,Thursday
atm35000333,5010,5180,Thursday
atm35000334,5330,4220,Thursday
atm35000335,6015,5280,Thursday
atm35000336,3010,5390,Thursday
atm35000337,1610,3785,Thursday
atm35000338,6110,4210,Thursday
atm35000339,6025,6580,Thursday
atm35000340,3590,4340,Thursday
atm35000341,7180,5240,Thursday
atm35000342,7375,6025,Thursday
atm35000343,4590,3710,Thursday
atm35000344,4660,3810,Thursday
atm35000345,2910,6195,Thursday
atm35000346,1800,6240,Thursday
atm35000347,6425,3425,Thursday
atm35000348,1985,5045,Thursday
atm35000349,5890,5580,Thursday
atm35000350,4305,5225,Thursday
atm35000351,2880,6485,Thursday
atm35000352,1645,5685,Thursday
atm35000353,3020,2910,Thursday
atm35000354,3600,7190,Thursday
atm35000355,6715,5120,Thursday
atm35000356,7410,5205,Thursday
atm35000357,2450,5605,Thursday
atm35000358,2085,4270,Thursday
atm0,0,0,Friday
atm350001,30,1080,Friday
atm350002,1005,240,Friday
atm350003,200,0,Friday
atm350004,10,360,Friday
atm350005,870,210,Friday
atm350006,440,35,Friday
atm350007,260,545,Friday
atm350008,635,300,Friday
atm350009,1330,1045,Friday
atm3500010,3860,4775,Friday
atm3500011,825,1125,Friday
atm3500012,410,910,Friday
atm3500013,100,110,Friday
atm3500014,50,1285,Friday
atm3500015,15,985,Friday
atm3500016,1660,1415,Friday
atm3500017,920,990,Friday
atm3500018,985,1495,Friday
atm3500019,10,0,Friday
atm3500020,250,945,Friday
atm3500021,520,0,Friday
atm3500022,1100,1090,Friday
atm3500023,845,140,Friday
atm3500024,1105,1230,Friday
atm3500025,435,380,Friday
atm3500026,745,50,Friday
atm3500027,455,895,Friday
atm3500028,415,775,Friday
atm3500029,145,1275,Friday
atm3500030,715,815,Friday
atm3500031,1100,550,Friday
atm3500032,1095,1085,Friday
atm3500033,640,10,Friday
atm3500034,210,330,Friday
atm3500035,160,0,Friday
atm3500062,120,315,Friday
atm3500063,835,480,Friday
atm3500064,220,125,Friday
atm3500065,340,790,Friday
atm35000230,50,1070,Friday
atm35000231,700,490,Friday
atm35000232,225,415,Friday
atm35000233,500,295,Friday
atm35000234,450,1185,Friday
atm35000235,745,1580,Friday
atm35000236,790,300,Friday
atm35000237,1235,890,Friday
atm35000238,345,710,Friday
atm35000239,795,1115,Friday
atm35000240,760,25,Friday
atm35000241,325,1370,Friday
atm35000242,830,1395,Friday
atm35000243,895,55,Friday
atm35000244,0,915,Friday
atm35000245,1150,1315,Friday
atm35000246,230,310,Friday
atm35000247,455,975,Friday
atm35000248,255,0,Friday
atm35000249,1055,930,Friday
atm35000250,20,1250,Friday
atm35000251,325,1060,Friday
atm35000252,920,995,Friday
atm35000253,5,110,Friday
atm35000254,845,1130,Friday
atm35000255,0,415,Friday
atm35000256,755,140,Friday
atm35000257,100,1115,Friday
atm35000258,870,1175,Friday
atm35000259,1205,210,Friday
atm35000260,80,455,Friday
atm35000261,880,40,Friday
atm35000262,190,215,Friday
atm35000263,550,240,Friday
atm35000264,740,895,Friday
atm3500036,370,235,Friday
atm3500037,985,380,Friday
atm3500038,665,1010,Friday
atm3500039,660,1105,Friday
atm3500040,375,810,Friday
atm3500041,525,1175,Friday
atm3500042,690,105,Friday
atm3500043,20,380,Friday
atm3500044,0,555,Friday
atm3500045,275,590,Friday
atm3500046,945,1225,Friday
atm3500047,0,370,Friday
atm3500048,1980,225,Friday
atm3500049,675,1140,Friday
atm3500050,210,180,Friday
atm3500051,1160,30,Friday
atm3500052,1395,990,Friday
atm3500053,925,495,Friday
atm3500054,610,390,Friday
atm3500055,745,20,Friday
atm3500056,4360,5315,Friday
atm3500057,310,525,Friday
atm3500058,110,530,Friday
atm3500059,190,310,Friday
atm3500060,1165,535,Friday
atm3500061,210,665,Friday
atm3500066,1170,340,Friday
atm3500067,130,430,Friday
atm3500068,400,750,Friday
atm3500069,940,300,Friday
atm3500070,0,435,Friday
atm3500071,55,940,Friday
atm3500072,360,970,Friday
atm3500073,330,980,Friday
atm3500074,520,1055,Friday
atm3500075,690,0,Friday
atm3500076,4860,5765,Friday
atm3500077,490,605,Friday
atm3500078,1120,1220,Friday
atm3500079,460,760,Friday
atm3500080,50,495,Friday
atm3500081,960,50,Friday
atm3500082,1140,405,Friday
atm3500083,6015,5335,Friday
atm3500084,560,255,Friday
atm3500085,1115,5,Friday
atm3500086,1350,520,Friday
atm3500087,5590,5970,Friday
atm3500088,700,0,Friday
atm3500089,500,740,Friday
atm3500090,340,880,Friday
atm3500091,100,550,Friday
atm3500092,315,130,Friday
atm3500093,1160,1555,Friday
atm3500094,645,1390,Friday
atm3500095,1385,355,Friday
atm3500096,970,390,Friday
atm3500097,1220,650,Friday
atm3500098,10,790,Friday
atm3500099,5,1495,Friday
atm35000100,85,265,Friday
atm35000101,655,685,Friday
atm35000102,480,945,Friday
atm35000103,0,680,Friday
atm35000104,70,915,Friday
atm35000105,740,510,Friday
atm35000106,385,10,Friday
atm35000107,1400,610,Friday
atm35000108,540,1055,Friday
atm35000109,940,0,Friday
atm35000110,1445,380,Friday
atm35000111,1330,0,Friday
atm35000112,995,450,Friday
atm35000113,875,210,Friday
atm35000114,165,990,Friday
atm35000115,990,110,Friday
atm35000116,1240,735,Friday
atm35000117,795,2160,Friday
atm35000118,495,1145,Friday
atm35000119,260,310,Friday
atm35000120,365,0,Friday
atm35000121,665,765,Friday
atm35000122,810,335,Friday
atm35000123,430,460,Friday
atm35000124,5100,5440,Friday
atm35000125,1045,945,Friday
atm35000126,260,195,Friday
atm35000127,1115,920,Friday
atm35000128,230,200,Friday
atm35000129,100,500,Friday
atm35000130,820,945,Friday
atm35000131,250,510,Friday
atm35000132,310,1410,Friday
atm35000133,1265,230,Friday
atm35000134,570,430,Friday
atm35000135,430,895,Friday
atm35000136,1050,805,Friday
atm35000137,795,1480,Friday
atm35000138,75,25,Friday
atm35000139,1135,1395,Friday
atm35000140,200,1190,Friday
atm35000141,230,640,Friday
atm35000142,840,1295,Friday
atm35000143,0,275,Friday
atm35000144,895,505,Friday
atm35000145,595,1365,Friday
atm35000146,905,680,Friday
atm35000147,785,925,Friday
atm35000148,220,885,Friday
atm35000149,1255,505,Friday
atm35000150,525,850,Friday
atm35000151,690,220,Friday
atm35000152,70,450,Friday
atm35000153,595,1740,Friday
atm35000154,1135,1155,Friday
atm35000155,1230,965,Friday
atm35000156,415,585,Friday
atm35000157,685,0,Friday
atm35000158,1575,650,Friday
atm35000159,810,1570,Friday
atm35000160,615,725,Friday
atm35000161,1025,235,Friday
atm35000162,320,815,Friday
atm35000163,205,0,Friday
atm35000164,120,1200,Friday
atm35000165,1000,75,Friday
atm35000166,250,60,Friday
atm35000167,5155,5845,Friday
atm35000168,5220,5165,Friday
atm35000169,665,1000,Friday
atm35000170,780,1160,Friday
atm35000171,1075,580,Friday
atm35000172,595,885,Friday
atm35000173,455,770,Friday
atm35000174,630,20,Friday
atm35000175,785,700,Friday
atm35000176,5,855,Friday
atm35000177,460,1515,Friday
atm35000178,260,1980,Friday
atm35000179,210,1190,Friday
atm35000180,1060,420,Friday
atm35000181,300,395,Friday
atm35000182,1625,1315,Friday
atm35000183,885,1380,Friday
atm35000184,735,570,Friday
atm35000185,140,995,Friday
atm35000186,360,90,Friday
atm35000187,150,0,Friday
atm35000188,5,75,Friday
atm35000189,920,0,Friday
atm35000190,495,575,Friday
atm35000191,235,415,Friday
atm35000192,1170,985,Friday
atm35000193,825,150,Friday
atm35000194,715,110,Friday
atm35000195,1465,230,Friday
atm35000196,970,400,Friday
atm35000197,250,10,Friday
atm35000198,525,895,Friday
atm35000199,745,0,Friday
atm35000200,220,1360,Friday
atm35000201,540,370,Friday
atm35000202,405,1065,Friday
atm35000203,510,1960,Friday
atm35000204,775,1120,Friday
atm35000205,1680,1025,Friday
atm35000206,4935,5380,Friday
atm35000207,305,410,Friday
atm35000208,1635,1140,Friday
atm35000209,815,175,Friday
atm35000210,245,835,Friday
atm35000211,1340,780,Friday
atm35000212,540,370,Friday
atm35000213,60,305,Friday
atm35000214,790,750,Friday
atm35000215,75,0,Friday
atm35000216,270,465,Friday
atm35000217,205,485,Friday
atm35000218,20,1605,Friday
atm35000219,480,610,Friday
atm35000220,570,590,Friday
atm35000221,10,780,Friday
atm35000222,1185,1595,Friday
atm35000223,0,0,Friday
atm35000224,1130,590,Friday
atm35000225,0,100,Friday
atm35000226,655,845,Friday
atm35000227,5745,6690,Friday
atm35000228,1140,110,Friday
atm35000229,285,170,Friday
atm35000265,400,1040,Friday
atm35000266,890,550,Friday
atm35000267,265,910,Friday
atm35000268,585,1140,Friday
atm35000269,785,200,Friday
atm35000270,0,1080,Friday
atm35000271,690,1175,Friday
atm35000272,4565,5705,Friday
atm35000273,1140,0,Friday
atm35000274,4410,7225,Friday
atm35000275,6025,7395,Friday
atm35000276,685,5,Friday
atm35000277,750,625,Friday
atm35000278,275,1035,Friday
atm35000279,510,1090,Friday
atm35000280,360,105,Friday
atm35000281,1700,515,Friday
atm35000282,910,170,Friday
atm35000283,930,1255,Friday
atm35000284,85,1060,Friday
atm35000285,400,1600,Friday
atm35000286,780,405,Friday
atm35000287,495,385,Friday
atm35000288,0,0,Friday
atm35000289,855,630,Friday
atm35000290,1190,780,Friday
atm35000291,210,850,Friday
atm35000292,170,800,Friday
atm35000293,1825,315,Friday
atm35000294,105,710,Friday
atm35000295,400,1425,Friday
atm35000296,225,285,Friday
atm35000297,510,120,Friday
atm35000298,250,865,Friday
atm35000299,200,250,Friday
atm35000300,1310,860,Friday
atm35000301,125,100,Friday
atm35000302,1650,1255,Friday
atm35000303,510,855,Friday
atm35000304,990,670,Friday
atm35000305,950,995,Friday
atm35000306,500,200,Friday
atm35000307,445,215,Friday
atm35000308,885,320,Friday
atm35000309,825,1055,Friday
atm35000310,275,1040,Friday
atm35000311,210,680,Friday
atm35000312,105,600,Friday
atm35000313,1195,850,Friday
atm35000314,3075,4810,Friday
atm35000315,1200,420,Friday
atm35000316,335,1540,Friday
atm35000317,5620,6140,Friday
atm35000318,340,1005,Friday
atm35000319,520,225,Friday
atm35000320,0,465,Friday
atm35000321,605,350,Friday
atm35000322,1010,530,Friday
atm35000323,240,810,Friday
atm35000324,10,570,Friday
atm35000325,215,780,Friday
atm35000326,355,2190,Friday
atm35000327,1000,890,Friday
atm35000328,410,1260,Friday
atm35000329,540,1165,Friday
atm35000330,875,510,Friday
atm35000331,1285,1115,Friday
atm35000332,765,210,Friday
atm35000333,415,1200,Friday
atm35000334,955,715,Friday
atm35000335,715,1095,Friday
atm35000336,200,895,Friday
atm35000337,130,660,Friday
atm35000338,20,955,Friday
atm35000339,3685,6265,Friday
atm35000340,230,780,Friday
atm35000341,540,405,Friday
atm35000342,200,765,Friday
atm35000343,0,1480,Friday
atm35000344,850,595,Friday
atm35000345,525,620,Friday
atm35000346,360,2240,Friday
atm35000347,0,525,Friday
atm35000348,515,1130,Friday
atm35000349,0,555,Friday
atm35000350,255,260,Friday
atm35000351,1320,205,Friday
atm35000352,1395,150,Friday
atm35000353,835,690,Friday
atm35000354,710,75,Friday
atm35000355,200,725,Friday
atm35000356,6040,5150,Friday
atm35000357,735,1145,Friday
atm35000358,540,150,Friday
atm0,0,0,Friday
atm350001,365,380,Friday
atm350002,20,755,Friday
atm350003,205,555,Friday
atm350004,1180,985,Friday
atm350005,625,1120,Friday
atm350006,350,60,Friday
atm350007,1395,355,Friday
atm350008,1165,20,Friday
atm350009,1210,50,Friday
atm3500010,5005,7210,Friday
atm3500011,965,505,Friday
atm3500012,330,920,Friday
atm3500013,1320,120,Friday
atm3500014,125,0,Friday
atm3500015,100,1520,Friday
atm3500016,915,955,Friday
atm3500017,585,1115,Friday
atm3500018,1040,0,Friday
atm3500019,1435,1280,Friday
atm3500020,830,110,Friday
atm3500021,1340,475,Friday
atm3500022,0,1425,Friday
atm3500023,245,985,Friday
atm3500024,1105,330,Friday
atm3500025,1115,705,Friday
atm3500026,1620,160,Friday
atm3500027,1865,1380,Friday
atm3500028,90,1340,Friday
atm3500029,1160,0,Friday
atm3500030,635,230,Friday
atm3500031,785,970,Friday
atm3500032,625,30,Friday
atm3500033,1090,1050,Friday
atm3500034,355,375,Friday
atm3500035,400,360,Friday
atm3500062,580,160,Friday
atm3500063,990,475,Friday
atm3500064,0,110,Friday
atm3500065,385,275,Friday
atm35000230,1230,460,Friday
atm35000231,105,100,Friday
atm35000232,745,1060,Friday
atm35000233,120,770,Friday
atm35000234,840,370,Friday
atm35000235,720,20,Friday
atm35000236,250,415,Friday
atm35000237,495,970,Friday
atm35000238,830,2035,Friday
atm35000239,220,315,Friday
atm35000240,255,1545,Friday
atm35000241,705,350,Friday
atm35000242,735,890,Friday
atm35000243,1290,450,Friday
atm35000244,795,280,Friday
atm35000245,200,275,Friday
atm35000246,465,10,Friday
atm35000247,790,755,Friday
atm35000248,1475,705,Friday
atm35000249,1135,490,Friday
atm35000250,450,1170,Friday
atm35000251,505,0,Friday
atm35000252,310,220,Friday
atm35000253,1650,1020,Friday
atm35000254,895,200,Friday
atm35000255,310,1335,Friday
atm35000256,360,420,Friday
atm35000257,20,640,Friday
atm35000258,135,750,Friday
atm35000259,940,710,Friday
atm35000260,35,530,Friday
atm35000261,300,475,Friday
atm35000262,610,200,Friday
atm35000263,345,730,Friday
atm35000264,10,1200,Friday
atm3500036,1080,5,Friday
atm3500037,295,40,Friday
atm3500038,470,0,Friday
atm3500039,480,2055,Friday
atm3500040,1880,675,Friday
atm3500041,215,440,Friday
atm3500042,650,435,Friday
atm3500043,535,0,Friday
atm3500044,295,0,Friday
atm3500045,1550,10,Friday
atm3500046,690,830,Friday
atm3500047,700,605,Friday
atm3500048,0,390,Friday
atm3500049,1640,345,Friday
atm3500050,200,470,Friday
atm3500051,100,905,Friday
atm3500052,65,670,Friday
atm3500053,0,1135,Friday
atm3500054,935,495,Friday
atm3500055,25,435,Friday
atm3500056,5175,7050,Friday
atm3500057,730,160,Friday
atm3500058,780,65,Friday
atm3500059,625,1895,Friday
atm3500060,985,710,Friday
atm3500061,740,710,Friday
atm3500066,1255,450,Friday
atm3500067,990,930,Friday
atm3500068,105,850,Friday
atm3500069,1160,1770,Friday
atm3500070,620,260,Friday
atm3500071,990,495,Friday
atm3500072,105,760,Friday
atm3500073,60,525,Friday
atm3500074,350,1255,Friday
atm3500075,340,365,Friday
atm3500076,6370,5655,Friday
atm3500077,1895,770,Friday
atm3500078,980,1245,Friday
atm3500079,30,375,Friday
atm3500080,755,600,Friday
atm3500081,245,775,Friday
atm3500082,500,595,Friday
atm3500083,5080,4335,Friday
atm3500084,465,1300,Friday
atm3500085,710,1315,Friday
atm3500086,800,945,Friday
atm3500087,3540,4285,Friday
atm3500088,810,620,Friday
atm3500089,170,5,Friday
atm3500090,1035,375,Friday
atm3500091,1150,780,Friday
atm3500092,420,170,Friday
atm3500093,1155,510,Friday
atm3500094,740,890,Friday
atm3500095,785,695,Friday
atm3500096,420,810,Friday
atm3500097,725,925,Friday
atm3500098,905,950,Friday
atm3500099,120,360,Friday
atm35000100,1025,930,Friday
atm35000101,940,975,Friday
atm35000102,470,1300,Friday
atm35000103,1110,975,Friday
atm35000104,340,270,Friday
atm35000105,110,0,Friday
atm35000106,800,210,Friday
atm35000107,0,20,Friday
atm35000108,300,1580,Friday
atm35000109,1810,0,Friday
atm35000110,860,0,Friday
atm35000111,1535,940,Friday
atm35000112,10,615,Friday
atm35000113,100,1165,Friday
atm35000114,650,400,Friday
atm35000115,760,545,Friday
atm35000116,765,220,Friday
atm35000117,710,1275,Friday
atm35000118,1365,640,Friday
atm35000119,940,515,Friday
atm35000120,10,85,Friday
atm35000121,100,425,Friday
atm35000122,150,1810,Friday
atm35000123,695,1035,Friday
atm35000124,4825,4840,Friday
atm35000125,715,925,Friday
atm35000126,845,715,Friday
atm35000127,585,1330,Friday
atm35000128,295,0,Friday
atm35000129,110,255,Friday
atm35000130,0,410,Friday
atm35000131,630,310,Friday
atm35000132,380,5,Friday
atm35000133,175,200,Friday
atm35000134,765,575,Friday
atm35000135,990,355,Friday
atm35000136,1215,225,Friday
atm35000137,1525,690,Friday
atm35000138,870,850,Friday
atm35000139,1395,495,Friday
atm35000140,1450,0,Friday
atm35000141,630,5,Friday
atm35000142,505,970,Friday
atm35000143,500,1220,Friday
atm35000144,1435,445,Friday
atm35000145,1080,1145,Friday
atm35000146,720,25,Friday
atm35000147,155,500,Friday
atm35000148,1845,1825,Friday
atm35000149,1025,1325,Friday
atm35000150,75,1595,Friday
atm35000151,800,395,Friday
atm35000152,465,10,Friday
atm35000153,50,1055,Friday
atm35000154,0,150,Friday
atm35000155,165,210,Friday
atm35000156,40,30,Friday
atm35000157,35,55,Friday
atm35000158,575,575,Friday
atm35000159,605,925,Friday
atm35000160,60,630,Friday
atm35000161,150,1025,Friday
atm35000162,155,0,Friday
atm35000163,180,350,Friday
atm35000164,470,550,Friday
atm35000165,625,1220,Friday
atm35000166,320,1400,Friday
atm35000167,5330,6010,Friday
atm35000168,4725,5690,Friday
atm35000169,1045,300,Friday
atm35000170,160,890,Friday
atm35000171,1320,385,Friday
atm35000172,590,510,Friday
atm35000173,1120,405,Friday
atm35000174,1500,0,Friday
atm35000175,250,910,Friday
atm35000176,0,415,Friday
atm35000177,1020,490,Friday
atm35000178,1045,305,Friday
atm35000179,150,215,Friday
atm35000180,520,60,Friday
atm35000181,430,1445,Friday
atm35000182,595,100,Friday
atm35000183,1330,220,Friday
atm35000184,1000,175,Friday
atm35000185,925,1475,Friday
atm35000186,1625,1360,Friday
atm35000187,425,740,Friday
atm35000188,1015,430,Friday
atm35000189,820,735,Friday
atm35000190,390,695,Friday
atm35000191,650,665,Friday
atm35000192,0,1005,Friday
atm35000193,1070,220,Friday
atm35000194,445,445,Friday
atm35000195,70,1445,Friday
atm35000196,25,170,Friday
atm35000197,695,455,Friday
atm35000198,1475,470,Friday
atm35000199,705,0,Friday
atm35000200,295,600,Friday
atm35000201,0,665,Friday
atm35000202,475,0,Friday
atm35000203,735,0,Friday
atm35000204,590,710,Friday
atm35000205,210,760,Friday
atm35000206,5755,5560,Friday
atm35000207,1245,205,Friday
atm35000208,1005,70,Friday
atm35000209,545,480,Friday
atm35000210,40,1390,Friday
atm35000211,375,1025,Friday
atm35000212,545,935,Friday
atm35000213,1035,1055,Friday
atm35000214,770,480,Friday
atm35000215,635,1485,Friday
atm35000216,870,935,Friday
atm35000217,415,1490,Friday
atm35000218,1320,1325,Friday
atm35000219,1190,400,Friday
atm35000220,845,1360,Friday
atm35000221,715,520,Friday
atm35000222,70,1120,Friday
atm35000223,345,510,Friday
atm35000224,1170,305,Friday
atm35000225,955,1055,Friday
atm35000226,595,915,Friday
atm35000227,4345,5255,Friday
atm35000228,835,650,Friday
atm35000229,20,1665,Friday
atm35000265,0,200,Friday
atm35000266,20,30,Friday
atm35000267,1135,655,Friday
atm35000268,1030,100,Friday
atm35000269,790,660,Friday
atm35000270,590,1155,Friday
atm35000271,0,600,Friday
atm35000272,4620,6035,Friday
atm35000273,480,220,Friday
atm35000274,5885,5440,Friday
atm35000275,4460,5535,Friday
atm35000276,230,1150,Friday
atm35000277,880,10,Friday
atm35000278,615,800,Friday
atm35000279,320,0,Friday
atm35000280,925,980,Friday
atm35000281,200,735,Friday
atm35000282,395,385,Friday
atm35000283,1365,1080,Friday
atm35000284,520,665,Friday
atm35000285,335,1055,Friday
atm35000286,20,925,Friday
atm35000287,125,1645,Friday
atm35000288,205,305,Friday
atm35000289,1415,655,Friday
atm35000290,720,1070,Friday
atm35000291,1665,420,Friday
atm35000292,685,810,Friday
atm35000293,445,845,Friday
atm35000294,205,435,Friday
atm35000295,285,435,Friday
atm35000296,75,1300,Friday
atm35000297,30,1625,Friday
atm35000298,1100,460,Friday
atm35000299,1010,1260,Friday
atm35000300,150,0,Friday
atm35000301,665,1220,Friday
atm35000302,615,0,Friday
atm35000303,10,65,Friday
atm35000304,1625,1390,Friday
atm35000305,655,570,Friday
atm35000306,1790,190,Friday
atm35000307,230,1165,Friday
atm35000308,30,370,Friday
atm35000309,1475,855,Friday
atm35000310,150,100,Friday
atm35000311,940,520,Friday
atm35000312,1195,920,Friday
atm35000313,990,0,Friday
atm35000314,5230,5620,Friday
atm35000315,515,25,Friday
atm35000316,1010,950,Friday
atm35000317,4550,5665,Friday
atm35000318,650,455,Friday
atm35000319,230,320,Friday
atm35000320,815,635,Friday
atm35000321,865,335,Friday
atm35000322,310,190,Friday
atm35000323,0,10,Friday
atm35000324,660,350,Friday
atm35000325,455,220,Friday
atm35000326,1715,940,Friday
atm35000327,670,905,Friday
atm35000328,440,1395,Friday
atm35000329,260,690,Friday
atm35000330,650,730,Friday
atm35000331,75,1025,Friday
atm35000332,475,410,Friday
atm35000333,925,230,Friday
atm35000334,175,5,Friday
atm35000335,215,1195,Friday
atm35000336,5,125,Friday
atm35000337,1510,1480,Friday
atm35000338,785,595,Friday
atm35000339,5265,6215,Friday
atm35000340,1520,1200,Friday
atm35000341,1120,110,Friday
atm35000342,1075,905,Friday
atm35000343,610,570,Friday
atm35000344,660,765,Friday
atm35000345,665,960,Friday
atm35000346,200,230,Friday
atm35000347,335,260,Friday
atm35000348,120,0,Friday
atm35000349,810,250,Friday
atm35000350,640,450,Friday
atm35000351,555,420,Friday
atm35000352,1150,0,Friday
atm35000353,1310,660,Friday
atm35000354,195,280,Friday
atm35000355,495,550,Friday
atm35000356,6200,5965,Friday
atm35000357,160,110,Friday
atm35000358,265,5,Friday
atm0,0,0,Friday
atm350001,1190,240,Friday
atm350002,660,1405,Friday
atm350003,1015,1425,Friday
atm350004,890,915,Friday
atm350005,800,620,Friday
atm350006,260,320,Friday
atm350007,375,200,Friday
atm350008,470,190,Friday
atm350009,605,110,Friday
atm3500010,4380,7015,Friday
atm3500011,170,790,Friday
atm3500012,395,1100,Friday
atm3500013,870,110,Friday
atm3500014,120,335,Friday
atm3500015,515,365,Friday
atm3500016,600,1205,Friday
atm3500017,305,445,Friday
atm3500018,590,165,Friday
atm3500019,795,320,Friday
atm3500020,865,1040,Friday
atm3500021,320,315,Friday
atm3500022,145,825,Friday
atm3500023,20,750,Friday
atm3500024,605,1170,Friday
atm3500025,815,130,Friday
atm3500026,770,460,Friday
atm3500027,485,225,Friday
atm3500028,1005,1215,Friday
atm3500029,560,650,Friday
atm3500030,350,870,Friday
atm3500031,265,1235,Friday
atm3500032,1240,210,Friday
atm3500033,70,775,Friday
atm3500034,1065,690,Friday
atm3500035,575,530,Friday
atm3500062,630,930,Friday
atm3500063,930,350,Friday
atm3500064,1280,645,Friday
atm3500065,350,200,Friday
atm35000230,750,1005,Friday
atm35000231,425,750,Friday
atm35000232,10,0,Friday
atm35000233,250,1310,Friday
atm35000234,450,1175,Friday
atm35000235,445,685,Friday
atm35000236,750,520,Friday
atm35000237,5,50,Friday
atm35000238,785,1810,Friday
atm35000239,1085,220,Friday
atm35000240,680,410,Friday
atm35000241,750,385,Friday
atm35000242,1110,905,Friday
atm35000243,765,785,Friday
atm35000244,865,170,Friday
atm35000245,0,515,Friday
atm35000246,855,860,Friday
atm35000247,810,820,Friday
atm35000248,705,965,Friday
atm35000249,0,80,Friday
atm35000250,1400,1175,Friday
atm35000251,375,100,Friday
atm35000252,730,855,Friday
atm35000253,935,0,Friday
atm35000254,790,1165,Friday
atm35000255,870,610,Friday
atm35000256,320,550,Friday
atm35000257,510,390,Friday
atm35000258,60,410,Friday
atm35000259,1130,120,Friday
atm35000260,1115,1000,Friday
atm35000261,200,715,Friday
atm35000262,600,885,Friday
atm35000263,1030,0,Friday
atm35000264,885,410,Friday
atm3500036,0,1500,Friday
atm3500037,620,65,Friday
atm3500038,320,825,Friday
atm3500039,1115,1450,Friday
atm3500040,405,300,Friday
atm3500041,1295,535,Friday
atm3500042,1060,775,Friday
atm3500043,0,1060,Friday
atm3500044,810,1020,Friday
atm3500045,870,0,Friday
atm3500046,195,425,Friday
atm3500047,375,1360,Friday
atm3500048,1105,1135,Friday
atm3500049,1030,105,Friday
atm3500050,320,1095,Friday
atm3500051,455,20,Friday
atm3500052,730,1080,Friday
atm3500053,1775,195,Friday
atm3500054,225,1260,Friday
atm3500055,50,700,Friday
atm3500056,7085,5355,Friday
atm3500057,985,1340,Friday
atm3500058,295,735,Friday
atm3500059,10,230,Friday
atm3500060,1850,200,Friday
atm3500061,1295,1575,Friday
atm3500066,260,840,Friday
atm3500067,20,1035,Friday
atm3500068,10,0,Friday
atm3500069,1925,1110,Friday
atm3500070,125,605,Friday
atm3500071,1160,335,Friday
atm3500072,405,810,Friday
atm3500073,1365,370,Friday
atm3500074,0,340,Friday
atm3500075,590,1715,Friday
atm3500076,5730,7280,Friday
atm3500077,630,915,Friday
atm3500078,5,0,Friday
atm3500079,1280,335,Friday
atm3500080,1345,1240,Friday
atm3500081,445,1125,Friday
atm3500082,245,420,Friday
atm3500083,4410,5295,Friday
atm3500084,1155,615,Friday
atm3500085,460,1395,Friday
atm3500086,745,565,Friday
atm3500087,4195,5305,Friday
atm3500088,0,610,Friday
atm3500089,1055,865,Friday
atm3500090,925,120,Friday
atm3500091,1065,720,Friday
atm3500092,50,1085,Friday
atm3500093,530,300,Friday
atm3500094,0,1375,Friday
atm3500095,515,750,Friday
atm3500096,945,870,Friday
atm3500097,10,260,Friday
atm3500098,50,1510,Friday
atm3500099,10,5,Friday
atm35000100,940,1010,Friday
atm35000101,120,1865,Friday
atm35000102,100,250,Friday
atm35000103,485,675,Friday
atm35000104,365,0,Friday
atm35000105,100,400,Friday
atm35000106,255,620,Friday
atm35000107,865,705,Friday
atm35000108,465,0,Friday
atm35000109,775,705,Friday
atm35000110,295,290,Friday
atm35000111,520,1280,Friday
atm35000112,245,0,Friday
atm35000113,0,600,Friday
atm35000114,1460,1180,Friday
atm35000115,330,415,Friday
atm35000116,965,640,Friday
atm35000117,770,195,Friday
atm35000118,35,0,Friday
atm35000119,380,520,Friday
atm35000120,220,680,Friday
atm35000121,1340,990,Friday
atm35000122,635,0,Friday
atm35000123,100,835,Friday
atm35000124,4485,6535,Friday
atm35000125,645,1155,Friday
atm35000126,705,15,Friday
atm35000127,560,790,Friday
atm35000128,500,700,Friday
atm35000129,430,520,Friday
atm35000130,15,430,Friday
atm35000131,910,595,Friday
atm35000132,260,200,Friday
atm35000133,225,60,Friday
atm35000134,200,450,Friday
atm35000135,1035,0,Friday
atm35000136,545,490,Friday
atm35000137,640,1250,Friday
atm35000138,335,445,Friday
atm35000139,445,1035,Friday
atm35000140,1070,50,Friday
atm35000141,210,220,Friday
atm35000142,250,165,Friday
atm35000143,1125,425,Friday
atm35000144,0,1590,Friday
atm35000145,1275,895,Friday
atm35000146,520,940,Friday
atm35000147,215,1185,Friday
atm35000148,1140,505,Friday
atm35000149,570,1180,Friday
atm35000150,200,60,Friday
atm35000151,20,825,Friday
atm35000152,55,1075,Friday
atm35000153,1390,1475,Friday
atm35000154,305,1515,Friday
atm35000155,630,615,Friday
atm35000156,1275,450,Friday
atm35000157,320,565,Friday
atm35000158,85,440,Friday
atm35000159,1055,515,Friday
atm35000160,805,1380,Friday
atm35000161,415,965,Friday
atm35000162,950,1500,Friday
atm35000163,1055,110,Friday
atm35000164,125,210,Friday
atm35000165,925,800,Friday
atm35000166,1225,850,Friday
atm35000167,3475,7110,Friday
atm35000168,4505,5110,Friday
atm35000169,680,20,Friday
atm35000170,160,250,Friday
atm35000171,1040,210,Friday
atm35000172,25,1640,Friday
atm35000173,100,740,Friday
atm35000174,695,1610,Friday
atm35000175,900,600,Friday
atm35000176,965,1570,Friday
atm35000177,115,625,Friday
atm35000178,1130,755,Friday
atm35000179,370,595,Friday
atm35000180,35,200,Friday
atm35000181,230,855,Friday
atm35000182,250,980,Friday
atm35000183,575,1180,Friday
atm35000184,150,250,Friday
atm35000185,365,605,Friday
atm35000186,695,1135,Friday
atm35000187,620,0,Friday
atm35000188,620,250,Friday
atm35000189,1560,495,Friday
atm35000190,325,995,Friday
atm35000191,1015,1100,Friday
atm35000192,0,460,Friday
atm35000193,1345,10,Friday
atm35000194,1730,470,Friday
atm35000195,1160,1325,Friday
atm35000196,60,245,Friday
atm35000197,1325,555,Friday
atm35000198,1190,85,Friday
atm35000199,1490,1835,Friday
atm35000200,1220,470,Friday
atm35000201,745,1075,Friday
atm35000202,905,355,Friday
atm35000203,1875,1025,Friday
atm35000204,230,110,Friday
atm35000205,585,210,Friday
atm35000206,6150,5600,Friday
atm35000207,1125,915,Friday
atm35000208,1185,260,Friday
atm35000209,920,0,Friday
atm35000210,5,310,Friday
atm35000211,740,935,Friday
atm35000212,490,710,Friday
atm35000213,505,220,Friday
atm35000214,680,60,Friday
atm35000215,815,1170,Friday
atm35000216,1510,180,Friday
atm35000217,215,1505,Friday
atm35000218,955,525,Friday
atm35000219,1450,600,Friday
atm35000220,50,0,Friday
atm35000221,1105,275,Friday
atm35000222,590,820,Friday
atm35000223,1785,50,Friday
atm35000224,425,720,Friday
atm35000225,900,0,Friday
atm35000226,1090,540,Friday
atm35000227,4430,6465,Friday
atm35000228,0,1265,Friday
atm35000229,20,515,Friday
atm35000265,405,930,Friday
atm35000266,635,915,Friday
atm35000267,720,250,Friday
atm35000268,470,755,Friday
atm35000269,215,795,Friday
atm35000270,830,105,Friday
atm35000271,885,1380,Friday
atm35000272,6770,6470,Friday
atm35000273,980,700,Friday
atm35000274,5370,4360,Friday
atm35000275,4260,4330,Friday
atm35000276,1160,170,Friday
atm35000277,410,380,Friday
atm35000278,25,475,Friday
atm35000279,1550,910,Friday
atm35000280,750,675,Friday
atm35000281,20,60,Friday
atm35000282,1090,105,Friday
atm35000283,290,395,Friday
atm35000284,505,0,Friday
atm35000285,615,550,Friday
atm35000286,1030,1060,Friday
atm35000287,985,100,Friday
atm35000288,520,125,Friday
atm35000289,340,1230,Friday
atm35000290,230,160,Friday
atm35000291,245,0,Friday
atm35000292,1135,195,Friday
atm35000293,570,730,Friday
atm35000294,400,790,Friday
atm35000295,720,250,Friday
atm35000296,390,1045,Friday
atm35000297,0,1265,Friday
atm35000298,0,700,Friday
atm35000299,885,1900,Friday
atm35000300,920,1190,Friday
atm35000301,245,365,Friday
atm35000302,340,655,Friday
atm35000303,930,1170,Friday
atm35000304,200,1605,Friday
atm35000305,695,1135,Friday
atm35000306,760,1245,Friday
atm35000307,1000,425,Friday
atm35000308,155,320,Friday
atm35000309,480,960,Friday
atm35000310,260,1065,Friday
atm35000311,840,0,Friday
atm35000312,100,455,Friday
atm35000313,530,90,Friday
atm35000314,5080,6455,Friday
atm35000315,550,720,Friday
atm35000316,450,1850,Friday
atm35000317,5235,4605,Friday
atm35000318,1260,1255,Friday
atm35000319,150,1255,Friday
atm35000320,615,1140,Friday
atm35000321,1440,105,Friday
atm35000322,325,35,Friday
atm35000323,655,520,Friday
atm35000324,1100,295,Friday
atm35000325,1115,715,Friday
atm35000326,920,1185,Friday
atm35000327,1350,745,Friday
atm35000328,145,145,Friday
atm35000329,305,300,Friday
atm35000330,185,300,Friday
atm35000331,1035,785,Friday
atm35000332,70,480,Friday
atm35000333,1060,845,Friday
atm35000334,150,225,Friday
atm35000335,570,0,Friday
atm35000336,325,0,Friday
atm35000337,825,110,Friday
atm35000338,1595,1080,Friday
atm35000339,6785,7045,Friday
atm35000340,420,605,Friday
atm35000341,720,785,Friday
atm35000342,605,1030,Friday
atm35000343,155,65,Friday
atm35000344,695,0,Friday
atm35000345,100,795,Friday
atm35000346,390,1340,Friday
atm35000347,1190,210,Friday
atm35000348,1535,475,Friday
atm35000349,1135,680,Friday
atm35000350,120,200,Friday
atm35000351,180,10,Friday
atm35000352,945,850,Friday
atm35000353,615,820,Friday
atm35000354,1075,1370,Friday
atm35000355,100,650,Friday
atm35000356,6470,6425,Friday
atm35000357,1040,85,Friday
atm35000358,895,515,Friday
atm0,0,0,Friday
atm350001,470,1270,Friday
atm350002,440,1115,Friday
atm350003,425,405,Friday
atm350004,985,375,Friday
atm350005,390,1000,Friday
atm350006,595,0,Friday
atm350007,10,605,Friday
atm350008,50,845,Friday
atm350009,1050,145,Friday
atm3500010,5060,5350,Friday
atm3500011,75,195,Friday
atm3500012,1020,805,Friday
atm3500013,1005,955,Friday
atm3500014,0,685,Friday
atm3500015,875,875,Friday
atm3500016,585,245,Friday
atm3500017,1100,905,Friday
atm3500018,655,285,Friday
atm3500019,505,470,Friday
atm3500020,0,485,Friday
atm3500021,1190,375,Friday
atm3500022,950,700,Friday
atm3500023,440,445,Friday
atm3500024,1385,990,Friday
atm3500025,525,525,Friday
atm3500026,25,1050,Friday
atm3500027,1240,1530,Friday
atm3500028,520,250,Friday
atm3500029,0,755,Friday
atm3500030,570,1240,Friday
atm3500031,1390,515,Friday
atm3500032,300,510,Friday
atm3500033,1030,0,Friday
atm3500034,670,860,Friday
atm3500035,975,0,Friday
atm3500062,920,660,Friday
atm3500063,1535,1175,Friday
atm3500064,1170,20,Friday
atm3500065,15,660,Friday
atm35000230,125,355,Friday
atm35000231,120,460,Friday
atm35000232,155,470,Friday
atm35000233,905,370,Friday
atm35000234,1065,545,Friday
atm35000235,990,120,Friday
atm35000236,1025,800,Friday
atm35000237,1850,1410,Friday
atm35000238,250,850,Friday
atm35000239,310,685,Friday
atm35000240,640,425,Friday
atm35000241,470,200,Friday
atm35000242,810,770,Friday
atm35000243,560,1120,Friday
atm35000244,1160,205,Friday
atm35000245,635,815,Friday
atm35000246,500,595,Friday
atm35000247,460,955,Friday
atm35000248,60,1155,Friday
atm35000249,1125,595,Friday
atm35000250,2075,260,Friday
atm35000251,700,370,Friday
atm35000252,435,10,Friday
atm35000253,740,1100,Friday
atm35000254,1265,400,Friday
atm35000255,380,500,Friday
atm35000256,850,0,Friday
atm35000257,345,285,Friday
atm35000258,815,430,Friday
atm35000259,200,1545,Friday
atm35000260,120,840,Friday
atm35000261,110,460,Friday
atm35000262,590,0,Friday
atm35000263,680,110,Friday
atm35000264,0,130,Friday
atm3500036,25,1280,Friday
atm3500037,315,1105,Friday
atm3500038,170,185,Friday
atm3500039,285,390,Friday
atm3500040,955,805,Friday
atm3500041,345,735,Friday
atm3500042,415,470,Friday
atm3500043,0,20,Friday
atm3500044,710,605,Friday
atm3500045,325,1190,Friday
atm3500046,210,10,Friday
atm3500047,480,315,Friday
atm3500048,60,1110,Friday
atm3500049,475,1405,Friday
atm3500050,1340,945,Friday
atm3500051,10,1675,Friday
atm3500052,1175,690,Friday
atm3500053,730,1280,Friday
atm3500054,1375,400,Friday
atm3500055,480,110,Friday
atm3500056,5925,5730,Friday
atm3500057,150,200,Friday
atm3500058,820,760,Friday
atm3500059,1500,750,Friday
atm3500060,565,20,Friday
atm3500061,460,1260,Friday
atm3500066,380,0,Friday
atm3500067,1210,1170,Friday
atm3500068,660,965,Friday
atm3500069,1650,210,Friday
atm3500070,1515,465,Friday
atm3500071,1905,320,Friday
atm3500072,0,380,Friday
atm3500073,830,620,Friday
atm3500074,190,1215,Friday
atm3500075,830,180,Friday
atm3500076,6810,6525,Friday
atm3500077,490,0,Friday
atm3500078,330,275,Friday
atm3500079,1075,690,Friday
atm3500080,680,1420,Friday
atm3500081,1320,1260,Friday
atm3500082,835,1040,Friday
atm3500083,4620,5415,Friday
atm3500084,365,420,Friday
atm3500085,440,1170,Friday
atm3500086,300,850,Friday
atm3500087,3630,6135,Friday
atm3500088,1245,815,Friday
atm3500089,0,740,Friday
atm3500090,755,795,Friday
atm3500091,135,520,Friday
atm3500092,920,370,Friday
atm3500093,1355,210,Friday
atm3500094,465,1195,Friday
atm3500095,740,320,Friday
atm3500096,380,1255,Friday
atm3500097,355,800,Friday
atm3500098,365,1220,Friday
atm3500099,1715,800,Friday
atm35000100,365,1215,Friday
atm35000101,1790,660,Friday
atm35000102,610,435,Friday
atm35000103,310,980,Friday
atm35000104,555,1230,Friday
atm35000105,290,980,Friday
atm35000106,240,435,Friday
atm35000107,660,5,Friday
atm35000108,1020,320,Friday
atm35000109,1110,775,Friday
atm35000110,685,580,Friday
atm35000111,875,830,Friday
atm35000112,1030,605,Friday
atm35000113,310,220,Friday
atm35000114,430,350,Friday
atm35000115,495,1085,Friday
atm35000116,620,1320,Friday
atm35000117,340,200,Friday
atm35000118,0,25,Friday
atm35000119,345,375,Friday
atm35000120,105,0,Friday
atm35000121,630,580,Friday
atm35000122,1140,570,Friday
atm35000123,1175,815,Friday
atm35000124,5540,4895,Friday
atm35000125,515,1530,Friday
atm35000126,0,580,Friday
atm35000127,165,550,Friday
atm35000128,905,1360,Friday
atm35000129,250,915,Friday
atm35000130,155,695,Friday
atm35000131,665,1050,Friday
atm35000132,1225,320,Friday
atm35000133,1015,205,Friday
atm35000134,1515,970,Friday
atm35000135,520,800,Friday
atm35000136,655,220,Friday
atm35000137,805,1640,Friday
atm35000138,640,0,Friday
atm35000139,85,855,Friday
atm35000140,725,0,Friday
atm35000141,855,885,Friday
atm35000142,400,535,Friday
atm35000143,265,1885,Friday
atm35000144,1385,1015,Friday
atm35000145,725,50,Friday
atm35000146,470,475,Friday
atm35000147,100,1755,Friday
atm35000148,500,1420,Friday
atm35000149,1045,745,Friday
atm35000150,210,1350,Friday
atm35000151,800,25,Friday
atm35000152,150,1015,Friday
atm35000153,835,665,Friday
atm35000154,1485,895,Friday
atm35000155,885,560,Friday
atm35000156,1085,785,Friday
atm35000157,505,865,Friday
atm35000158,390,625,Friday
atm35000159,315,725,Friday
atm35000160,150,375,Friday
atm35000161,0,300,Friday
atm35000162,400,765,Friday
atm35000163,1540,0,Friday
atm35000164,1015,1485,Friday
atm35000165,950,1770,Friday
atm35000166,420,600,Friday
atm35000167,5935,5435,Friday
atm35000168,3825,7090,Friday
atm35000169,55,1370,Friday
atm35000170,980,460,Friday
atm35000171,0,155,Friday
atm35000172,155,950,Friday
atm35000173,1340,795,Friday
atm35000174,225,225,Friday
atm35000175,785,110,Friday
atm35000176,300,630,Friday
atm35000177,270,750,Friday
atm35000178,220,10,Friday
atm35000179,385,350,Friday
atm35000180,1195,890,Friday
atm35000181,350,490,Friday
atm35000182,1020,800,Friday
atm35000183,1025,775,Friday
atm35000184,540,285,Friday
atm35000185,840,1225,Friday
atm35000186,470,70,Friday
atm35000187,55,960,Friday
atm35000188,905,1265,Friday
atm35000189,0,1580,Friday
atm35000190,165,465,Friday
atm35000191,170,520,Friday
atm35000192,1300,225,Friday
atm35000193,665,635,Friday
atm35000194,1265,540,Friday
atm35000195,1395,1140,Friday
atm35000196,410,705,Friday
atm35000197,1070,650,Friday
atm35000198,330,125,Friday
atm35000199,350,435,Friday
atm35000200,1070,50,Friday
atm35000201,255,820,Friday
atm35000202,520,880,Friday
atm35000203,1405,525,Friday
atm35000204,500,550,Friday
atm35000205,1310,1505,Friday
atm35000206,4280,5795,Friday
atm35000207,0,660,Friday
atm35000208,510,1405,Friday
atm35000209,1595,70,Friday
atm35000210,0,1600,Friday
atm35000211,470,1150,Friday
atm35000212,715,1140,Friday
atm35000213,650,0,Friday
atm35000214,1185,0,Friday
atm35000215,490,1410,Friday
atm35000216,560,1315,Friday
atm35000217,1555,180,Friday
atm35000218,860,835,Friday
atm35000219,225,630,Friday
atm35000220,1495,835,Friday
atm35000221,715,590,Friday
atm35000222,1245,220,Friday
atm35000223,525,605,Friday
atm35000224,680,325,Friday
atm35000225,695,565,Friday
atm35000226,290,830,Friday
atm35000227,5895,4230,Friday
atm35000228,705,370,Friday
atm35000229,1075,1330,Friday
atm35000265,860,910,Friday
atm35000266,415,1060,Friday
atm35000267,720,615,Friday
atm35000268,1705,155,Friday
atm35000269,560,1225,Friday
atm35000270,565,905,Friday
atm35000271,655,0,Friday
atm35000272,3765,6410,Friday
atm35000273,515,835,Friday
atm35000274,4125,5190,Friday
atm35000275,5220,5260,Friday
atm35000276,1940,210,Friday
atm35000277,685,525,Friday
atm35000278,215,735,Friday
atm35000279,420,1510,Friday
atm35000280,1160,1310,Friday
atm35000281,220,355,Friday
atm35000282,515,895,Friday
atm35000283,160,10,Friday
atm35000284,490,1165,Friday
atm35000285,400,1270,Friday
atm35000286,625,2085,Friday
atm35000287,560,1070,Friday
atm35000288,790,595,Friday
atm35000289,1070,1130,Friday
atm35000290,650,925,Friday
atm35000291,760,600,Friday
atm35000292,555,1045,Friday
atm35000293,275,270,Friday
atm35000294,0,700,Friday
atm35000295,635,715,Friday
atm35000296,590,365,Friday
atm35000297,840,1005,Friday
atm35000298,1175,570,Friday
atm35000299,1115,505,Friday
atm35000300,495,960,Friday
atm35000301,725,1130,Friday
atm35000302,465,1245,Friday
atm35000303,0,575,Friday
atm35000304,855,1025,Friday
atm35000305,745,105,Friday
atm35000306,150,765,Friday
atm35000307,0,670,Friday
atm35000308,1035,275,Friday
atm35000309,830,735,Friday
atm35000310,705,970,Friday
atm35000311,325,430,Friday
atm35000312,160,0,Friday
atm35000313,795,495,Friday
atm35000314,6140,6815,Friday
atm35000315,915,140,Friday
atm35000316,245,225,Friday
atm35000317,3200,6350,Friday
atm35000318,695,415,Friday
atm35000319,0,545,Friday
atm35000320,180,1170,Friday
atm35000321,260,150,Friday
atm35000322,805,1175,Friday
atm35000323,770,50,Friday
atm35000324,0,0,Friday
atm35000325,680,1230,Friday
atm35000326,1425,275,Friday
atm35000327,550,1130,Friday
atm35000328,745,480,Friday
atm35000329,200,830,Friday
atm35000330,440,610,Friday
atm35000331,1405,1500,Friday
atm35000332,930,1070,Friday
atm35000333,625,1135,Friday
atm35000334,5,320,Friday
atm35000335,35,325,Friday
atm35000336,690,0,Friday
atm35000337,1010,55,Friday
atm35000338,865,780,Friday
atm35000339,5095,6140,Friday
atm35000340,1655,325,Friday
atm35000341,15,0,Friday
atm35000342,1335,1340,Friday
atm35000343,1365,480,Friday
atm35000344,100,1255,Friday
atm35000345,190,120,Friday
atm35000346,390,1025,Friday
atm35000347,0,1260,Friday
atm35000348,1090,770,Friday
atm35000349,410,585,Friday
atm35000350,1030,1230,Friday
atm35000351,455,660,Friday
atm35000352,200,400,Friday
atm35000353,960,245,Friday
atm35000354,940,1015,Friday
atm35000355,110,255,Friday
atm35000356,5265,5885,Friday
atm35000357,640,390,Friday
atm35000358,150,615,Friday
atm0,0,0,Friday
atm350001,2805,4970,Friday
atm350002,5940,5005,Friday
atm350003,2505,2590,Friday
atm350004,2360,3445,Friday
atm350005,5650,5120,Friday
atm350006,3215,5320,Friday
atm350007,3130,4740,Friday
atm350008,3730,5480,Friday
atm350009,3480,4155,Friday
atm3500010,4845,5380,Friday
atm3500011,2540,4585,Friday
atm3500012,2590,3455,Friday
atm3500013,2940,6125,Friday
atm3500014,4590,3115,Friday
atm3500015,6140,6250,Friday
atm3500016,4795,5195,Friday
atm3500017,2085,6260,Friday
atm3500018,2375,5875,Friday
atm3500019,4160,6455,Friday
atm3500020,5570,5300,Friday
atm3500021,5810,3870,Friday
atm3500022,4025,4975,Friday
atm3500023,4880,5190,Friday
atm3500024,5050,4960,Friday
atm3500025,6025,3645,Friday
atm3500026,5645,4715,Friday
atm3500027,2920,4580,Friday
atm3500028,2760,5080,Friday
atm3500029,5655,4160,Friday
atm3500030,4750,5795,Friday
atm3500031,2480,5800,Friday
atm3500032,6300,5830,Friday
atm3500033,1750,4705,Friday
atm3500034,4545,5880,Friday
atm3500035,6725,4025,Friday
atm3500062,2260,4380,Friday
atm3500063,4475,7015,Friday
atm3500064,4125,3345,Friday
atm3500065,4875,3190,Friday
atm35000230,5100,3135,Friday
atm35000231,5920,5135,Friday
atm35000232,2410,5705,Friday
atm35000233,1930,6005,Friday
atm35000234,6310,5215,Friday
atm35000235,5720,4595,Friday
atm35000236,2155,4185,Friday
atm35000237,2520,6805,Friday
atm35000238,6335,4810,Friday
atm35000239,3910,3325,Friday
atm35000240,5420,6990,Friday
atm35000241,4000,3135,Friday
atm35000242,7200,7095,Friday
atm35000243,5195,6850,Friday
atm35000244,3425,4345,Friday
atm35000245,3320,3990,Friday
atm35000246,5520,4770,Friday
atm35000247,4420,4760,Friday
atm35000248,1980,4620,Friday
atm35000249,5650,4600,Friday
atm35000250,4750,4535,Friday
atm35000251,3050,4700,Friday
atm35000252,3370,5885,Friday
atm35000253,6425,6065,Friday
atm35000254,3775,6690,Friday
atm35000255,3475,5285,Friday
atm35000256,2520,5210,Friday
atm35000257,2800,4460,Friday
atm35000258,4435,5430,Friday
atm35000259,5315,3015,Friday
atm35000260,5335,3650,Friday
atm35000261,3160,2900,Friday
atm35000262,3635,6185,Friday
atm35000263,5215,3605,Friday
atm35000264,2990,3555,Friday
atm3500036,1450,7190,Friday
atm3500037,3330,5120,Friday
atm3500038,5965,3940,Friday
atm3500039,2525,6195,Friday
atm3500040,3440,5565,Friday
atm3500041,5830,6380,Friday
atm3500042,3290,5735,Friday
atm3500043,5735,5325,Friday
atm3500044,2775,4360,Friday
atm3500045,5270,5890,Friday
atm3500046,3670,4260,Friday
atm3500047,4735,4060,Friday
atm3500048,5830,3835,Friday
atm3500049,2460,3705,Friday
atm3500050,4520,3530,Friday
atm3500051,3365,4375,Friday
atm3500052,4470,5810,Friday
atm3500053,1995,3525,Friday
atm3500054,7060,3925,Friday
atm3500055,4350,5655,Friday
atm3500056,4735,6215,Friday
atm3500057,4590,3310,Friday
atm3500058,4430,4250,Friday
atm3500059,4750,4910,Friday
atm3500060,2965,4200,Friday
atm3500061,3260,3720,Friday
atm3500066,3935,6950,Friday
atm3500067,3400,5885,Friday
atm3500068,5065,2995,Friday
atm3500069,2580,4045,Friday
atm3500070,6305,4260,Friday
atm3500071,5755,3455,Friday
atm3500072,6070,6315,Friday
atm3500073,6885,4340,Friday
atm3500074,5720,5315,Friday
atm3500075,4115,4875,Friday
atm3500076,5610,3925,Friday
atm3500077,3915,2990,Friday
atm3500078,3550,4715,Friday
atm3500079,5585,5345,Friday
atm3500080,5535,4790,Friday
atm3500081,2905,4345,Friday
atm3500082,3410,4130,Friday
atm3500083,6055,6150,Friday
atm3500084,3845,3415,Friday
atm3500085,3630,4885,Friday
atm3500086,1895,5240,Friday
atm3500087,6680,6675,Friday
atm3500088,3025,5200,Friday
atm3500089,4525,4940,Friday
atm3500090,5230,5685,Friday
atm3500091,6265,3750,Friday
atm3500092,4760,6130,Friday
atm3500093,4725,4100,Friday
atm3500094,1725,6060,Friday
atm3500095,4325,4575,Friday
atm3500096,3255,5900,Friday
atm3500097,5715,5835,Friday
atm3500098,6065,6365,Friday
atm3500099,5300,5155,Friday
atm35000100,6730,4905,Friday
atm35000101,5450,4615,Friday
atm35000102,4800,4090,Friday
atm35000103,4955,3760,Friday
atm35000104,2715,4700,Friday
atm35000105,3705,4755,Friday
atm35000106,6315,3195,Friday
atm35000107,3275,5465,Friday
atm35000108,3620,4890,Friday
atm35000109,3570,4725,Friday
atm35000110,6330,6190,Friday
atm35000111,4285,6090,Friday
atm35000112,6845,3870,Friday
atm35000113,6475,4620,Friday
atm35000114,3640,3720,Friday
atm35000115,5055,3565,Friday
atm35000116,1790,3260,Friday
atm35000117,4960,4755,Friday
atm35000118,2070,6285,Friday
atm35000119,2370,6065,Friday
atm35000120,5915,5935,Friday
atm35000121,5240,4625,Friday
atm35000122,3155,5575,Friday
atm35000123,4550,3870,Friday
atm35000124,5165,5065,Friday
atm35000125,6780,4130,Friday
atm35000126,6720,2700,Friday
atm35000127,6485,5430,Friday
atm35000128,2645,5780,Friday
atm35000129,4185,3905,Friday
atm35000130,1790,3370,Friday
atm35000131,5880,4030,Friday
atm35000132,5595,4030,Friday
atm35000133,3970,5665,Friday
atm35000134,5255,5305,Friday
atm35000135,3790,5190,Friday
atm35000136,4180,5800,Friday
atm35000137,2445,2720,Friday
atm35000138,4265,4995,Friday
atm35000139,2945,4180,Friday
atm35000140,4780,4350,Friday
atm35000141,1760,7265,Friday
atm35000142,3675,2845,Friday
atm35000143,3315,3815,Friday
atm35000144,4350,6120,Friday
atm35000145,3155,5425,Friday
atm35000146,3850,4675,Friday
atm35000147,7185,3605,Friday
atm35000148,4655,4335,Friday
atm35000149,5140,5995,Friday
atm35000150,5730,4050,Friday
atm35000151,5705,3795,Friday
atm35000152,4900,3220,Friday
atm35000153,2480,4790,Friday
atm35000154,4165,6175,Friday
atm35000155,2175,3815,Friday
atm35000156,3455,5900,Friday
atm35000157,3865,4370,Friday
atm35000158,4025,5055,Friday
atm35000159,6140,4100,Friday
atm35000160,5655,5020,Friday
atm35000161,2510,6055,Friday
atm35000162,2275,3880,Friday
atm35000163,7525,5750,Friday
atm35000164,5230,5145,Friday
atm35000165,3820,3885,Friday
atm35000166,5150,5815,Friday
atm35000167,5475,5110,Friday
atm35000168,5230,6240,Friday
atm35000169,1980,5960,Friday
atm35000170,2800,3160,Friday
atm35000171,3100,4280,Friday
atm35000172,5515,3720,Friday
atm35000173,3045,5060,Friday
atm35000174,4905,7080,Friday
atm35000175,2370,4495,Friday
atm35000176,2400,3730,Friday
atm35000177,7220,3075,Friday
atm35000178,6060,6100,Friday
atm35000179,6290,5415,Friday
atm35000180,5960,3705,Friday
atm35000181,5745,5160,Friday
atm35000182,6625,3120,Friday
atm35000183,4885,4630,Friday
atm35000184,5745,5815,Friday
atm35000185,4650,5575,Friday
atm35000186,4115,3975,Friday
atm35000187,2875,7155,Friday
atm35000188,3815,4245,Friday
atm35000189,2005,6135,Friday
atm35000190,4925,3625,Friday
atm35000191,4505,3225,Friday
atm35000192,1735,4290,Friday
atm35000193,3795,3495,Friday
atm35000194,4115,3650,Friday
atm35000195,6540,3860,Friday
atm35000196,4810,6255,Friday
atm35000197,2300,2385,Friday
atm35000198,2500,6110,Friday
atm35000199,2825,4160,Friday
atm35000200,5265,4540,Friday
atm35000201,5495,4040,Friday
atm35000202,4610,6815,Friday
atm35000203,5140,2320,Friday
atm35000204,4555,3650,Friday
atm35000205,5355,4820,Friday
atm35000206,6065,5350,Friday
atm35000207,7940,4130,Friday
atm35000208,5715,3675,Friday
atm35000209,2570,3700,Friday
atm35000210,3225,4325,Friday
atm35000211,4460,5895,Friday
atm35000212,3750,2555,Friday
atm35000213,3010,3735,Friday
atm35000214,4095,5000,Friday
atm35000215,6035,6790,Friday
atm35000216,2335,3220,Friday
atm35000217,3105,3625,Friday
atm35000218,2840,3275,Friday
atm35000219,4290,5215,Friday
atm35000220,2045,7180,Friday
atm35000221,4370,5930,Friday
atm35000222,4445,5520,Friday
atm35000223,6815,3980,Friday
atm35000224,2650,4775,Friday
atm35000225,5060,4910,Friday
atm35000226,4620,5345,Friday
atm35000227,5955,6435,Friday
atm35000228,2315,4470,Friday
atm35000229,3120,4360,Friday
atm35000265,4515,5360,Friday
atm35000266,6345,5370,Friday
atm35000267,6870,6025,Friday
atm35000268,2680,5415,Friday
atm35000269,3175,6100,Friday
atm35000270,4925,3945,Friday
atm35000271,4900,3845,Friday
atm35000272,5340,5505,Friday
atm35000273,6190,6395,Friday
atm35000274,4080,4810,Friday
atm35000275,4780,6040,Friday
atm35000276,4675,6030,Friday
atm35000277,4540,4655,Friday
atm35000278,2865,6210,Friday
atm35000279,6575,4800,Friday
atm35000280,3220,2580,Friday
atm35000281,6540,6235,Friday
atm35000282,3075,5550,Friday
atm35000283,3395,5435,Friday
atm35000284,2445,3820,Friday
atm35000285,5015,6670,Friday
atm35000286,5580,6465,Friday
atm35000287,3655,5310,Friday
atm35000288,6110,3720,Friday
atm35000289,4090,4170,Friday
atm35000290,6470,3595,Friday
atm35000291,2275,4835,Friday
atm35000292,5795,3935,Friday
atm35000293,3855,4515,Friday
atm35000294,1710,5615,Friday
atm35000295,3680,4810,Friday
atm35000296,4805,3965,Friday
atm35000297,3490,4090,Friday
atm35000298,4170,4145,Friday
atm35000299,4925,3530,Friday
atm35000300,5195,3825,Friday
atm35000301,4095,2895,Friday
atm35000302,5595,5575,Friday
atm35000303,3090,4560,Friday
atm35000304,4215,5720,Friday
atm35000305,5280,5410,Friday
atm35000306,6135,5100,Friday
atm35000307,5885,4835,Friday
atm35000308,2695,2510,Friday
atm35000309,2425,3200,Friday
atm35000310,3065,5285,Friday
atm35000311,5635,4190,Friday
atm35000312,3815,6635,Friday
atm35000313,4580,5890,Friday
atm35000314,4615,6735,Friday
atm35000315,4300,5270,Friday
atm35000316,7220,4305,Friday
atm35000317,4105,5440,Friday
atm35000318,1730,6480,Friday
atm35000319,3120,5755,Friday
atm35000320,3370,3285,Friday
atm35000321,6290,4380,Friday
atm35000322,3140,3500,Friday
atm35000323,2580,6490,Friday
atm35000324,4560,4255,Friday
atm35000325,2395,6360,Friday
atm35000326,4970,3250,Friday
atm35000327,4300,6125,Friday
atm35000328,2890,5925,Friday
atm35000329,5150,6265,Friday
atm35000330,5480,3535,Friday
atm35000331,4465,3915,Friday
atm35000332,5295,3955,Friday
atm35000333,2070,3575,Friday
atm35000334,5005,5720,Friday
atm35000335,4400,5345,Friday
atm35000336,4630,4265,Friday
atm35000337,5930,6205,Friday
atm35000338,2635,6465,Friday
atm35000339,3435,5370,Friday
atm35000340,4775,3410,Friday
atm35000341,7640,3345,Friday
atm35000342,5700,4165,Friday
atm35000343,2445,6120,Friday
atm35000344,5350,5735,Friday
atm35000345,2215,4455,Friday
atm35000346,6185,3840,Friday
atm35000347,2310,3805,Friday
atm35000348,6445,3945,Friday
atm35000349,2720,5250,Friday
atm35000350,5520,3395,Friday
atm35000351,4675,4455,Friday
atm35000352,2785,6475,Friday
atm35000353,3920,6410,Friday
atm35000354,4080,3425,Friday
atm35000355,3245,4685,Friday
atm35000356,4310,5570,Friday
atm35000357,2880,3680,Friday
atm35000358,4480,6695,Friday
atm0,0,0,Friday
atm350001,2615,3730,Friday
atm350002,4065,5995,Friday
atm350003,3295,4015,Friday
atm350004,5080,6015,Friday
atm350005,6540,6830,Friday
atm350006,4655,5105,Friday
atm350007,5810,5695,Friday
atm350008,6560,5265,Friday
atm350009,4665,4025,Friday
atm3500010,5135,6800,Friday
atm3500011,7730,6210,Friday
atm3500012,5680,2590,Friday
atm3500013,5520,4200,Friday
atm3500014,1980,3995,Friday
atm3500015,4745,5605,Friday
atm3500016,5720,5485,Friday
atm3500017,3630,5135,Friday
atm3500018,5445,5770,Friday
atm3500019,2310,4945,Friday
atm3500020,6075,3360,Friday
atm3500021,1450,4835,Friday
atm3500022,3575,6480,Friday
atm3500023,2700,2700,Friday
atm3500024,5460,6110,Friday
atm3500025,3090,5210,Friday
atm3500026,5870,4580,Friday
atm3500027,2415,3575,Friday
atm3500028,4250,4405,Friday
atm3500029,2160,4990,Friday
atm3500030,5570,4595,Friday
atm3500031,3835,6015,Friday
atm3500032,2785,6095,Friday
atm3500033,3075,4720,Friday
atm3500034,3950,4880,Friday
atm3500035,4605,3965,Friday
atm3500062,2600,4705,Friday
atm3500063,2910,5560,Friday
atm3500064,5265,5465,Friday
atm3500065,3810,6125,Friday
atm35000230,1620,4730,Friday
atm35000231,3390,3725,Friday
atm35000232,6525,5450,Friday
atm35000233,4110,5065,Friday
atm35000234,3415,2680,Friday
atm35000235,4825,5645,Friday
atm35000236,2805,4755,Friday
atm35000237,3810,5145,Friday
atm35000238,4470,4715,Friday
atm35000239,6685,6340,Friday
atm35000240,3005,5805,Friday
atm35000241,2415,5000,Friday
atm35000242,2665,7265,Friday
atm35000243,4270,5690,Friday
atm35000244,7220,5710,Friday
atm35000245,6515,8595,Friday
atm35000246,5460,4065,Friday
atm35000247,4270,4975,Friday
atm35000248,3825,6845,Friday
atm35000249,5105,3960,Friday
atm35000250,3835,4650,Friday
atm35000251,4645,2750,Friday
atm35000252,7030,4635,Friday
atm35000253,3930,5770,Friday
atm35000254,5605,4110,Friday
atm35000255,6675,5555,Friday
atm35000256,5840,5740,Friday
atm35000257,6485,5160,Friday
atm35000258,2680,4945,Friday
atm35000259,5240,3070,Friday
atm35000260,3685,3755,Friday
atm35000261,2915,4785,Friday
atm35000262,3995,4125,Friday
atm35000263,3885,4565,Friday
atm35000264,4060,7085,Friday
atm3500036,3240,5080,Friday
atm3500037,5910,5210,Friday
atm3500038,1915,4270,Friday
atm3500039,4600,3775,Friday
atm3500040,3490,5610,Friday
atm3500041,5160,3445,Friday
atm3500042,4930,5325,Friday
atm3500043,2320,6395,Friday
atm3500044,5560,4720,Friday
atm3500045,3610,5970,Friday
atm3500046,5230,4380,Friday
atm3500047,2715,6310,Friday
atm3500048,3855,5175,Friday
atm3500049,4135,3645,Friday
atm3500050,4195,5160,Friday
atm3500051,4220,3485,Friday
atm3500052,2970,4530,Friday
atm3500053,4260,3545,Friday
atm3500054,3095,6230,Friday
atm3500055,4250,6600,Friday
atm3500056,4945,5580,Friday
atm3500057,5245,6065,Friday
atm3500058,5385,5050,Friday
atm3500059,2215,6305,Friday
atm3500060,1490,6375,Friday
atm3500061,3865,5470,Friday
atm3500066,3535,5775,Friday
atm3500067,1165,4800,Friday
atm3500068,3285,6155,Friday
atm3500069,5935,5665,Friday
atm3500070,5505,3610,Friday
atm3500071,3470,5235,Friday
atm3500072,2505,3495,Friday
atm3500073,4970,3895,Friday
atm3500074,2575,4460,Friday
atm3500075,1990,5260,Friday
atm3500076,6030,5365,Friday
atm3500077,5810,3350,Friday
atm3500078,5825,3935,Friday
atm3500079,4665,4525,Friday
atm3500080,4965,4320,Friday
atm3500081,4305,3810,Friday
atm3500082,4750,3405,Friday
atm3500083,4815,5170,Friday
atm3500084,5270,3950,Friday
atm3500085,5670,3910,Friday
atm3500086,4270,3470,Friday
atm3500087,5740,4785,Friday
atm3500088,4520,5450,Friday
atm3500089,2835,5725,Friday
atm3500090,4280,3605,Friday
atm3500091,3075,3685,Friday
atm3500092,3885,3410,Friday
atm3500093,3770,4140,Friday
atm3500094,2120,6435,Friday
atm3500095,2980,6340,Friday
atm3500096,3245,3860,Friday
atm3500097,4040,3725,Friday
atm3500098,5420,3325,Friday
atm3500099,4740,5070,Friday
atm35000100,2115,4560,Friday
atm35000101,4600,5220,Friday
atm35000102,4040,3175,Friday
atm35000103,6520,2905,Friday
atm35000104,3940,6060,Friday
atm35000105,4580,5050,Friday
atm35000106,2710,4845,Friday
atm35000107,2400,7815,Friday
atm35000108,4220,6110,Friday
atm35000109,4650,4420,Friday
atm35000110,3130,4110,Friday
atm35000111,4165,5740,Friday
atm35000112,4165,4750,Friday
atm35000113,4580,3260,Friday
atm35000114,2565,4585,Friday
atm35000115,3770,6105,Friday
atm35000116,5090,5100,Friday
atm35000117,2915,6465,Friday
atm35000118,4610,5645,Friday
atm35000119,5735,3990,Friday
atm35000120,5390,3210,Friday
atm35000121,6275,5585,Friday
atm35000122,4450,3550,Friday
atm35000123,5950,3270,Friday
atm35000124,5200,6380,Friday
atm35000125,3045,5990,Friday
atm35000126,4410,6460,Friday
atm35000127,4865,3690,Friday
atm35000128,3790,6930,Friday
atm35000129,2640,4945,Friday
atm35000130,5370,3720,Friday
atm35000131,1815,4655,Friday
atm35000132,1075,4575,Friday
atm35000133,2875,4110,Friday
atm35000134,4815,3075,Friday
atm35000135,5090,5220,Friday
atm35000136,1450,3685,Friday
atm35000137,2005,6755,Friday
atm35000138,2220,3745,Friday
atm35000139,7090,6515,Friday
atm35000140,6630,7450,Friday
atm35000141,1480,2985,Friday
atm35000142,5930,4155,Friday
atm35000143,4530,5055,Friday
atm35000144,2715,5030,Friday
atm35000145,5115,4225,Friday
atm35000146,3605,4585,Friday
atm35000147,2500,3905,Friday
atm35000148,5320,3415,Friday
atm35000149,3655,4775,Friday
atm35000150,4355,5880,Friday
atm35000151,2020,4835,Friday
atm35000152,4220,3775,Friday
atm35000153,6055,3455,Friday
atm35000154,6040,3425,Friday
atm35000155,5300,5340,Friday
atm35000156,4700,3610,Friday
atm35000157,6075,4600,Friday
atm35000158,2465,5325,Friday
atm35000159,3535,6855,Friday
atm35000160,6930,5540,Friday
atm35000161,4495,3810,Friday
atm35000162,6985,5240,Friday
atm35000163,5600,5635,Friday
atm35000164,6820,5170,Friday
atm35000165,4640,2945,Friday
atm35000166,3570,4940,Friday
atm35000167,6470,6075,Friday
atm35000168,4060,5940,Friday
atm35000169,3670,4045,Friday
atm35000170,5290,4630,Friday
atm35000171,5025,2755,Friday
atm35000172,3680,5945,Friday
atm35000173,6530,5525,Friday
atm35000174,4980,6840,Friday
atm35000175,2425,6415,Friday
atm35000176,6810,5850,Friday
atm35000177,3005,5885,Friday
atm35000178,1690,2710,Friday
atm35000179,3465,5105,Friday
atm35000180,7915,4155,Friday
atm35000181,5310,3875,Friday
atm35000182,3845,6135,Friday
atm35000183,3890,5015,Friday
atm35000184,4645,6060,Friday
atm35000185,4755,3385,Friday
atm35000186,4820,6685,Friday
atm35000187,2310,3990,Friday
atm35000188,4255,4565,Friday
atm35000189,3010,5870,Friday
atm35000190,2665,5405,Friday
atm35000191,2170,3985,Friday
atm35000192,3085,4285,Friday
atm35000193,5140,2860,Friday
atm35000194,6085,5345,Friday
atm35000195,6440,4050,Friday
atm35000196,3555,3010,Friday
atm35000197,6050,3670,Friday
atm35000198,3655,4800,Friday
atm35000199,5670,3730,Friday
atm35000200,2430,3120,Friday
atm35000201,6455,7220,Friday
atm35000202,4590,4280,Friday
atm35000203,3630,3745,Friday
atm35000204,6020,6370,Friday
atm35000205,4415,4065,Friday
atm35000206,4245,6540,Friday
atm35000207,6050,4910,Friday
atm35000208,3670,6055,Friday
atm35000209,2180,6825,Friday
atm35000210,4020,5815,Friday
atm35000211,5135,5685,Friday
atm35000212,5740,4940,Friday
atm35000213,5605,3810,Friday
atm35000214,1370,3725,Friday
atm35000215,6130,4420,Friday
atm35000216,7065,4270,Friday
atm35000217,6585,3300,Friday
atm35000218,4980,4315,Friday
atm35000219,2830,4700,Friday
atm35000220,2710,3505,Friday
atm35000221,4000,4195,Friday
atm35000222,4225,5945,Friday
atm35000223,6210,5280,Friday
atm35000224,5045,5460,Friday
atm35000225,4330,4900,Friday
atm35000226,6910,5810,Friday
atm35000227,5035,6420,Friday
atm35000228,6370,6295,Friday
atm35000229,4635,3860,Friday
atm35000265,4345,3845,Friday
atm35000266,2920,5130,Friday
atm35000267,5110,5330,Friday
atm35000268,5045,4840,Friday
atm35000269,4685,3645,Friday
atm35000270,4540,5105,Friday
atm35000271,3715,5325,Friday
atm35000272,5000,6280,Friday
atm35000273,4565,3005,Friday
atm35000274,6410,5060,Friday
atm35000275,6045,5415,Friday
atm35000276,2760,4270,Friday
atm35000277,3905,3465,Friday
atm35000278,3755,6030,Friday
atm35000279,4045,4380,Friday
atm35000280,2910,2780,Friday
atm35000281,6530,4140,Friday
atm35000282,2810,5705,Friday
atm35000283,5630,2955,Friday
atm35000284,5370,5900,Friday
atm35000285,2300,6370,Friday
atm35000286,2110,5800,Friday
atm35000287,5330,3480,Friday
atm35000288,4470,3465,Friday
atm35000289,3880,5535,Friday
atm35000290,3820,5870,Friday
atm35000291,2385,6010,Friday
atm35000292,7755,3810,Friday
atm35000293,5420,4910,Friday
atm35000294,6130,4660,Friday
atm35000295,2145,3945,Friday
atm35000296,6400,5870,Friday
atm35000297,4750,5715,Friday
atm35000298,5600,3825,Friday
atm35000299,3385,6580,Friday
atm35000300,6080,6340,Friday
atm35000301,3085,6255,Friday
atm35000302,3820,3705,Friday
atm35000303,5905,4890,Friday
atm35000304,6175,6330,Friday
atm35000305,5005,3115,Friday
atm35000306,3005,4300,Friday
atm35000307,3380,4910,Friday
atm35000308,4990,6360,Friday
atm35000309,4445,3080,Friday
atm35000310,4455,5560,Friday
atm35000311,3005,4135,Friday
atm35000312,7110,4220,Friday
atm35000313,3615,7150,Friday
atm35000314,5910,6130,Friday
atm35000315,3035,4790,Friday
atm35000316,2110,3665,Friday
atm35000317,5705,5580,Friday
atm35000318,4580,5415,Friday
atm35000319,7180,5340,Friday
atm35000320,4140,6015,Friday
atm35000321,5425,3425,Friday
atm35000322,5920,3975,Friday
atm35000323,5700,2970,Friday
atm35000324,3110,4625,Friday
atm35000325,6485,6090,Friday
atm35000326,6745,4210,Friday
atm35000327,3140,5515,Friday
atm35000328,2650,5350,Friday
atm35000329,3850,3775,Friday
atm35000330,1880,4770,Friday
atm35000331,3455,7355,Friday
atm35000332,3825,6540,Friday
atm35000333,4025,6745,Friday
atm35000334,6045,3730,Friday
atm35000335,4105,5030,Friday
atm35000336,3550,6370,Friday
atm35000337,3195,6045,Friday
atm35000338,2650,5075,Friday
atm35000339,3895,6290,Friday
atm35000340,1550,4590,Friday
atm35000341,5145,4615,Friday
atm35000342,2785,4825,Friday
atm35000343,5035,6220,Friday
atm35000344,3835,3880,Friday
atm35000345,2155,6240,Friday
atm35000346,3655,4850,Friday
atm35000347,6225,7445,Friday
atm35000348,5355,4400,Friday
atm35000349,3455,5885,Friday
atm35000350,2120,6290,Friday
atm35000351,6775,3895,Friday
atm35000352,4560,6535,Friday
atm35000353,3875,2980,Friday
atm35000354,3545,6625,Friday
atm35000355,6120,5580,Friday
atm35000356,5925,6895,Friday
atm35000357,2940,7710,Friday
atm35000358,2345,4710,Friday
atm0,0,0,Friday
atm350001,4960,3900,Friday
atm350002,4350,7480,Friday
atm350003,5035,4665,Friday
atm350004,1815,6025,Friday
atm350005,2755,5500,Friday
atm350006,1905,3775,Friday
atm350007,3425,5135,Friday
atm350008,6465,4345,Friday
atm350009,4445,7230,Friday
atm3500010,4540,5550,Friday
atm3500011,6050,4445,Friday
atm3500012,2620,5140,Friday
atm3500013,5940,4365,Friday
atm3500014,1775,7230,Friday
atm3500015,4380,5145,Friday
atm3500016,5830,3385,Friday
atm3500017,2330,7340,Friday
atm3500018,1895,4200,Friday
atm3500019,4850,6930,Friday
atm3500020,4350,3130,Friday
atm3500021,6195,3625,Friday
atm3500022,5245,2935,Friday
atm3500023,2640,3755,Friday
atm3500024,2280,6055,Friday
atm3500025,2320,4370,Friday
atm3500026,5515,5455,Friday
atm3500027,4290,4795,Friday
atm3500028,3580,4750,Friday
atm3500029,6135,3535,Friday
atm3500030,3175,3810,Friday
atm3500031,3095,4720,Friday
atm3500032,2680,6055,Friday
atm3500033,5650,3385,Friday
atm3500034,4535,6800,Friday
atm3500035,2915,5810,Friday
atm3500062,2635,4420,Friday
atm3500063,3520,4470,Friday
atm3500064,3495,4855,Friday
atm3500065,4105,3285,Friday
atm35000230,1990,5440,Friday
atm35000231,2805,3375,Friday
atm35000232,3070,3530,Friday
atm35000233,5775,5320,Friday
atm35000234,2690,4755,Friday
atm35000235,2215,3240,Friday
atm35000236,1365,5305,Friday
atm35000237,4560,4860,Friday
atm35000238,1465,5080,Friday
atm35000239,2765,2895,Friday
atm35000240,6110,5095,Friday
atm35000241,5040,4315,Friday
atm35000242,3480,5535,Friday
atm35000243,3685,6200,Friday
atm35000244,4120,2810,Friday
atm35000245,2700,3070,Friday
atm35000246,4900,5530,Friday
atm35000247,7640,5420,Friday
atm35000248,5745,4775,Friday
atm35000249,3935,5190,Friday
atm35000250,3965,6115,Friday
atm35000251,3005,6070,Friday
atm35000252,3170,4660,Friday
atm35000253,5995,4680,Friday
atm35000254,3800,3520,Friday
atm35000255,3695,4180,Friday
atm35000256,2595,3920,Friday
atm35000257,1765,4155,Friday
atm35000258,5820,5435,Friday
atm35000259,7150,6445,Friday
atm35000260,2765,3245,Friday
atm35000261,3665,5290,Friday
atm35000262,4660,4590,Friday
atm35000263,1635,3165,Friday
atm35000264,1510,5240,Friday
atm3500036,2680,4555,Friday
atm3500037,4810,6555,Friday
atm3500038,4035,5035,Friday
atm3500039,3860,5930,Friday
atm3500040,4695,4885,Friday
atm3500041,4320,6045,Friday
atm3500042,2820,4905,Friday
atm3500043,5355,4360,Friday
atm3500044,4425,4700,Friday
atm3500045,6295,4685,Friday
atm3500046,4250,4190,Friday
atm3500047,4045,6305,Friday
atm3500048,4650,5210,Friday
atm3500049,4350,5165,Friday
atm3500050,6240,5305,Friday
atm3500051,3390,5050,Friday
atm3500052,2960,4765,Friday
atm3500053,5975,7315,Friday
atm3500054,2420,5825,Friday
atm3500055,2585,4065,Friday
atm3500056,4230,5270,Friday
atm3500057,5115,2690,Friday
atm3500058,2195,4885,Friday
atm3500059,3045,2265,Friday
atm3500060,2365,6005,Friday
atm3500061,3915,3215,Friday
atm3500066,4520,6520,Friday
atm3500067,3945,5910,Friday
atm3500068,4850,5210,Friday
atm3500069,2805,4395,Friday
atm3500070,3710,5075,Friday
atm3500071,4720,3955,Friday
atm3500072,5235,6410,Friday
atm3500073,4635,4525,Friday
atm3500074,1980,4745,Friday
atm3500075,6770,5055,Friday
atm3500076,4750,4960,Friday
atm3500077,1520,3220,Friday
atm3500078,5725,5135,Friday
atm3500079,5220,3385,Friday
atm3500080,3960,5930,Friday
atm3500081,5455,4105,Friday
atm3500082,5520,6815,Friday
atm3500083,5470,4680,Friday
atm3500084,2660,5520,Friday
atm3500085,6645,2690,Friday
atm3500086,5105,5385,Friday
atm3500087,5175,7915,Friday
atm3500088,6185,5355,Friday
atm3500089,2430,2865,Friday
atm3500090,6495,6315,Friday
atm3500091,1940,5255,Friday
atm3500092,2095,4965,Friday
atm3500093,2675,3090,Friday
atm3500094,4405,3340,Friday
atm3500095,3340,3430,Friday
atm3500096,3065,3890,Friday
atm3500097,4705,6680,Friday
atm3500098,4430,3540,Friday
atm3500099,3440,6585,Friday
atm35000100,3390,4705,Friday
atm35000101,2580,5385,Friday
atm35000102,2995,4745,Friday
atm35000103,5020,4775,Friday
atm35000104,4690,3605,Friday
atm35000105,3655,3725,Friday
atm35000106,7215,6970,Friday
atm35000107,5720,4910,Friday
atm35000108,2745,4305,Friday
atm35000109,4435,3665,Friday
atm35000110,4010,4815,Friday
atm35000111,3690,5100,Friday
atm35000112,3860,4270,Friday
atm35000113,2360,4395,Friday
atm35000114,2450,5055,Friday
atm35000115,4265,3450,Friday
atm35000116,5965,4635,Friday
atm35000117,4590,5105,Friday
atm35000118,5940,4685,Friday
atm35000119,3540,5995,Friday
atm35000120,4570,5645,Friday
atm35000121,3980,3370,Friday
atm35000122,4995,5790,Friday
atm35000123,2170,3070,Friday
atm35000124,6560,6775,Friday
atm35000125,3025,5655,Friday
atm35000126,4905,3295,Friday
atm35000127,1640,5945,Friday
atm35000128,2740,4470,Friday
atm35000129,2325,5250,Friday
atm35000130,4445,5130,Friday
atm35000131,5570,5975,Friday
atm35000132,2880,4660,Friday
atm35000133,2715,3465,Friday
atm35000134,5675,5650,Friday
atm35000135,4910,4465,Friday
atm35000136,5290,3765,Friday
atm35000137,3140,4350,Friday
atm35000138,3370,5495,Friday
atm35000139,6720,4515,Friday
atm35000140,6225,6610,Friday
atm35000141,5935,2990,Friday
atm35000142,2695,4600,Friday
atm35000143,5240,2755,Friday
atm35000144,4760,5355,Friday
atm35000145,5245,5840,Friday
atm35000146,4800,3515,Friday
atm35000147,3525,6450,Friday
atm35000148,2790,6405,Friday
atm35000149,2785,4590,Friday
atm35000150,4230,5480,Friday
atm35000151,5815,4085,Friday
atm35000152,3080,6155,Friday
atm35000153,5450,5855,Friday
atm35000154,3795,5585,Friday
atm35000155,5690,5280,Friday
atm35000156,3925,4910,Friday
atm35000157,2990,5750,Friday
atm35000158,4285,3995,Friday
atm35000159,4200,4675,Friday
atm35000160,4455,5775,Friday
atm35000161,4560,4145,Friday
atm35000162,4260,5550,Friday
atm35000163,2695,3720,Friday
atm35000164,5325,3100,Friday
atm35000165,2980,4910,Friday
atm35000166,2615,6245,Friday
atm35000167,4470,6340,Friday
atm35000168,6215,6060,Friday
atm35000169,2260,5270,Friday
atm35000170,2485,6075,Friday
atm35000171,2930,6350,Friday
atm35000172,4240,6015,Friday
atm35000173,4605,6930,Friday
atm35000174,6190,5345,Friday
atm35000175,3335,4765,Friday
atm35000176,1910,5955,Friday
atm35000177,3980,5215,Friday
atm35000178,6485,3010,Friday
atm35000179,5595,5935,Friday
atm35000180,5935,5790,Friday
atm35000181,5760,5830,Friday
atm35000182,3025,2855,Friday
atm35000183,4685,4825,Friday
atm35000184,4280,5760,Friday
atm35000185,6045,7705,Friday
atm35000186,4100,6380,Friday
atm35000187,4865,6750,Friday
atm35000188,4895,5305,Friday
atm35000189,3010,4435,Friday
atm35000190,4015,5285,Friday
atm35000191,4775,5540,Friday
atm35000192,3430,5395,Friday
atm35000193,5265,4525,Friday
atm35000194,7295,5435,Friday
atm35000195,4265,5540,Friday
atm35000196,6700,4050,Friday
atm35000197,1980,3100,Friday
atm35000198,5480,3485,Friday
atm35000199,2460,3725,Friday
atm35000200,3465,3445,Friday
atm35000201,5140,5620,Friday
atm35000202,6925,3205,Friday
atm35000203,4085,3465,Friday
atm35000204,2180,7230,Friday
atm35000205,3430,3950,Friday
atm35000206,6575,5850,Friday
atm35000207,4815,3890,Friday
atm35000208,4450,6465,Friday
atm35000209,7560,4240,Friday
atm35000210,3960,5095,Friday
atm35000211,3295,3920,Friday
atm35000212,3685,5705,Friday
atm35000213,2930,5275,Friday
atm35000214,2260,4125,Friday
atm35000215,2975,3845,Friday
atm35000216,3105,4340,Friday
atm35000217,2395,5680,Friday
atm35000218,4695,3635,Friday
atm35000219,3630,3175,Friday
atm35000220,5140,4985,Friday
atm35000221,5645,5485,Friday
atm35000222,4055,4330,Friday
atm35000223,1770,4085,Friday
atm35000224,3065,5830,Friday
atm35000225,2340,4335,Friday
atm35000226,2490,4260,Friday
atm35000227,4725,5145,Friday
atm35000228,5435,4900,Friday
atm35000229,3720,4970,Friday
atm35000265,4280,4510,Friday
atm35000266,3745,4145,Friday
atm35000267,4600,6370,Friday
atm35000268,4330,6570,Friday
atm35000269,3825,3680,Friday
atm35000270,4305,3820,Friday
atm35000271,3525,3990,Friday
atm35000272,5640,6645,Friday
atm35000273,3405,3670,Friday
atm35000274,4465,6675,Friday
atm35000275,5620,5780,Friday
atm35000276,5505,3020,Friday
atm35000277,3105,5850,Friday
atm35000278,2975,3065,Friday
atm35000279,5950,3385,Friday
atm35000280,3765,6565,Friday
atm35000281,4525,4395,Friday
atm35000282,5855,3825,Friday
atm35000283,2420,3905,Friday
atm35000284,3405,5125,Friday
atm35000285,5485,6720,Friday
atm35000286,5355,6070,Friday
atm35000287,5105,5410,Friday
atm35000288,4600,4935,Friday
atm35000289,5710,4885,Friday
atm35000290,2605,3420,Friday
atm35000291,3220,4100,Friday
atm35000292,4315,6165,Friday
atm35000293,2435,7385,Friday
atm35000294,2100,4150,Friday
atm35000295,5180,5120,Friday
atm35000296,6090,3090,Friday
atm35000297,2365,3150,Friday
atm35000298,3275,5780,Friday
atm35000299,2470,3180,Friday
atm35000300,4890,4865,Friday
atm35000301,2830,4560,Friday
atm35000302,6345,3480,Friday
atm35000303,5385,3860,Friday
atm35000304,2220,4315,Friday
atm35000305,3075,4235,Friday
atm35000306,2155,2675,Friday
atm35000307,3065,3430,Friday
atm35000308,3915,3035,Friday
atm35000309,4245,5180,Friday
atm35000310,2655,5920,Friday
atm35000311,5050,2440,Friday
atm35000312,4275,4235,Friday
atm35000313,4120,4810,Friday
atm35000314,4385,5750,Friday
atm35000315,5020,6510,Friday
atm35000316,4620,4350,Friday
atm35000317,5460,6615,Friday
atm35000318,1725,4405,Friday
atm35000319,2455,7450,Friday
atm35000320,2430,6305,Friday
atm35000321,2280,4505,Friday
atm35000322,4705,5360,Friday
atm35000323,3315,2535,Friday
atm35000324,3475,4260,Friday
atm35000325,2890,4210,Friday
atm35000326,3210,6795,Friday
atm35000327,2080,5055,Friday
atm35000328,5090,3460,Friday
atm35000329,2005,4920,Friday
atm35000330,3995,4410,Friday
atm35000331,2860,5370,Friday
atm35000332,2465,3360,Friday
atm35000333,3340,4775,Friday
atm35000334,6435,5420,Friday
atm35000335,3070,5655,Friday
atm35000336,2690,4730,Friday
atm35000337,3630,4020,Friday
atm35000338,4690,3375,Friday
atm35000339,5790,5885,Friday
atm35000340,2035,5040,Friday
atm35000341,3850,4450,Friday
atm35000342,5570,6605,Friday
atm35000343,3025,6985,Friday
atm35000344,1670,3875,Friday
atm35000345,5055,3500,Friday
atm35000346,5155,5325,Friday
atm35000347,3200,3655,Friday
atm35000348,3845,4320,Friday
atm35000349,5875,6140,Friday
atm35000350,2745,3810,Friday
atm35000351,4955,3515,Friday
atm35000352,3490,3465,Friday
atm35000353,5645,5590,Friday
atm35000354,5345,7225,Friday
atm35000355,5455,6000,Friday
atm35000356,4130,6235,Friday
atm35000357,4840,5725,Friday
atm35000358,5750,5190,Friday
atm0,0,0,Friday
atm350001,2290,4615,Friday
atm350002,4490,3385,Friday
atm350003,5845,4255,Friday
atm350004,3955,5390,Friday
atm350005,2645,4095,Friday
atm350006,6445,6685,Friday
atm350007,3365,4900,Friday
atm350008,2305,4620,Friday
atm350009,2455,3595,Friday
atm3500010,6380,4565,Friday
atm3500011,2670,5710,Friday
atm3500012,2950,3490,Friday
atm3500013,3005,6895,Friday
atm3500014,6090,3810,Friday
atm3500015,2430,5320,Friday
atm3500016,4065,3610,Friday
atm3500017,1985,4080,Friday
atm3500018,5745,4325,Friday
atm3500019,4310,3405,Friday
atm3500020,3875,4960,Friday
atm3500021,1810,3475,Friday
atm3500022,3280,3150,Friday
atm3500023,6025,7495,Friday
atm3500024,6130,5060,Friday
atm3500025,5665,5075,Friday
atm3500026,2335,6005,Friday
atm3500027,1845,4930,Friday
atm3500028,1625,3790,Friday
atm3500029,3750,4650,Friday
atm3500030,3475,3580,Friday
atm3500031,3090,6475,Friday
atm3500032,5525,3560,Friday
atm3500033,5865,4645,Friday
atm3500034,3485,6395,Friday
atm3500035,3180,6060,Friday
atm3500062,6655,3380,Friday
atm3500063,6095,6485,Friday
atm3500064,6590,6090,Friday
atm3500065,4075,4290,Friday
atm35000230,3810,4120,Friday
atm35000231,1840,5760,Friday
atm35000232,3155,4135,Friday
atm35000233,5975,5465,Friday
atm35000234,4885,4895,Friday
atm35000235,2345,7375,Friday
atm35000236,2420,3925,Friday
atm35000237,3750,4690,Friday
atm35000238,2895,4055,Friday
atm35000239,3850,3480,Friday
atm35000240,5625,3745,Friday
atm35000241,3215,2865,Friday
atm35000242,2765,4760,Friday
atm35000243,1405,5860,Friday
atm35000244,5160,5685,Friday
atm35000245,6020,5170,Friday
atm35000246,5985,4535,Friday
atm35000247,4810,5905,Friday
atm35000248,6260,4005,Friday
atm35000249,5970,4805,Friday
atm35000250,5655,4725,Friday
atm35000251,5650,5185,Friday
atm35000252,3305,2655,Friday
atm35000253,4300,5090,Friday
atm35000254,4475,4590,Friday
atm35000255,5515,4570,Friday
atm35000256,6375,4500,Friday
atm35000257,5295,5270,Friday
atm35000258,4185,4080,Friday
atm35000259,5140,5750,Friday
atm35000260,3930,6365,Friday
atm35000261,3690,6855,Friday
atm35000262,6480,4910,Friday
atm35000263,5570,4570,Friday
atm35000264,4075,4605,Friday
atm3500036,6055,3790,Friday
atm3500037,2095,5890,Friday
atm3500038,5290,6915,Friday
atm3500039,4300,6085,Friday
atm3500040,5135,4505,Friday
atm3500041,2550,5125,Friday
atm3500042,6220,5790,Friday
atm3500043,3490,5095,Friday
atm3500044,3225,6560,Friday
atm3500045,2075,5505,Friday
atm3500046,2290,6400,Friday
atm3500047,5625,4410,Friday
atm3500048,4800,6035,Friday
atm3500049,6395,7055,Friday
atm3500050,2530,4745,Friday
atm3500051,3145,4140,Friday
atm3500052,4945,4810,Friday
atm3500053,3635,4085,Friday
atm3500054,6490,6530,Friday
atm3500055,5905,3755,Friday
atm3500056,5355,5025,Friday
atm3500057,5805,4190,Friday
atm3500058,3800,4820,Friday
atm3500059,4740,4625,Friday
atm3500060,3835,3570,Friday
atm3500061,2925,5830,Friday
atm3500066,4475,3595,Friday
atm3500067,2105,7275,Friday
atm3500068,5900,4635,Friday
atm3500069,3915,4450,Friday
atm3500070,1795,3275,Friday
atm3500071,3720,5495,Friday
atm3500072,5170,5035,Friday
atm3500073,3445,5215,Friday
atm3500074,4175,5405,Friday
atm3500075,2675,3680,Friday
atm3500076,5235,4425,Friday
atm3500077,5710,5320,Friday
atm3500078,4700,2970,Friday
atm3500079,4660,4855,Friday
atm3500080,5065,7430,Friday
atm3500081,5200,3400,Friday
atm3500082,6255,5595,Friday
atm3500083,6475,6535,Friday
atm3500084,2095,4675,Friday
atm3500085,6000,3840,Friday
atm3500086,3265,6360,Friday
atm3500087,5240,7785,Friday
atm3500088,4605,4420,Friday
atm3500089,5295,5350,Friday
atm3500090,4945,3415,Friday
atm3500091,5075,5285,Friday
atm3500092,1735,4285,Friday
atm3500093,4385,7205,Friday
atm3500094,5730,5530,Friday
atm3500095,3525,2580,Friday
atm3500096,5245,4525,Friday
atm3500097,4670,3180,Friday
atm3500098,5425,2900,Friday
atm3500099,5800,6195,Friday
atm35000100,4810,6320,Friday
atm35000101,3750,3790,Friday
atm35000102,3345,4235,Friday
atm35000103,5245,6225,Friday
atm35000104,5915,4295,Friday
atm35000105,3795,4730,Friday
atm35000106,5575,3455,Friday
atm35000107,6115,7035,Friday
atm35000108,4290,2650,Friday
atm35000109,4770,3935,Friday
atm35000110,3270,3745,Friday
atm35000111,5670,4410,Friday
atm35000112,5150,4000,Friday
atm35000113,4240,3215,Friday
atm35000114,6445,6365,Friday
atm35000115,6755,4270,Friday
atm35000116,2390,4520,Friday
atm35000117,2335,4215,Friday
atm35000118,5095,6535,Friday
atm35000119,5915,3920,Friday
atm35000120,6000,3500,Friday
atm35000121,5105,4400,Friday
atm35000122,4760,3930,Friday
atm35000123,3800,4095,Friday
atm35000124,4895,5770,Friday
atm35000125,4660,6225,Friday
atm35000126,6225,4995,Friday
atm35000127,4010,4645,Friday
atm35000128,4870,4250,Friday
atm35000129,1570,6210,Friday
atm35000130,3975,3940,Friday
atm35000131,2895,3635,Friday
atm35000132,3905,4915,Friday
atm35000133,4285,6620,Friday
atm35000134,2340,2795,Friday
atm35000135,6475,4900,Friday
atm35000136,4380,3840,Friday
atm35000137,6120,5120,Friday
atm35000138,4460,6645,Friday
atm35000139,4785,3705,Friday
atm35000140,6175,6085,Friday
atm35000141,5510,3480,Friday
atm35000142,3795,6095,Friday
atm35000143,6660,5285,Friday
atm35000144,5600,4915,Friday
atm35000145,2300,3370,Friday
atm35000146,4340,4710,Friday
atm35000147,3520,6965,Friday
atm35000148,5475,3625,Friday
atm35000149,2340,3600,Friday
atm35000150,4225,3975,Friday
atm35000151,3205,6200,Friday
atm35000152,2700,4665,Friday
atm35000153,2685,4900,Friday
atm35000154,2625,7335,Friday
atm35000155,6110,6610,Friday
atm35000156,4285,4065,Friday
atm35000157,2670,2435,Friday
atm35000158,6385,6795,Friday
atm35000159,5560,5935,Friday
atm35000160,3160,5975,Friday
atm35000161,4500,5875,Friday
atm35000162,3350,3810,Friday
atm35000163,5840,5085,Friday
atm35000164,1890,3185,Friday
atm35000165,2030,4895,Friday
atm35000166,4845,3890,Friday
atm35000167,4295,5280,Friday
atm35000168,5365,4435,Friday
atm35000169,2260,5670,Friday
atm35000170,5145,4860,Friday
atm35000171,3970,6305,Friday
atm35000172,4535,4615,Friday
atm35000173,3410,5085,Friday
atm35000174,1805,7180,Friday
atm35000175,3985,4660,Friday
atm35000176,4740,5870,Friday
atm35000177,2205,4620,Friday
atm35000178,5845,4810,Friday
atm35000179,5680,3660,Friday
atm35000180,5050,4410,Friday
atm35000181,4395,2655,Friday
atm35000182,2310,4355,Friday
atm35000183,5525,5295,Friday
atm35000184,3550,4205,Friday
atm35000185,4865,3620,Friday
atm35000186,3505,3730,Friday
atm35000187,6460,6125,Friday
atm35000188,5700,6955,Friday
atm35000189,5945,4260,Friday
atm35000190,2990,5065,Friday
atm35000191,2075,5710,Friday
atm35000192,3155,7050,Friday
atm35000193,4535,3920,Friday
atm35000194,2495,4085,Friday
atm35000195,6395,4970,Friday
atm35000196,6985,3250,Friday
atm35000197,5080,6740,Friday
atm35000198,2340,6530,Friday
atm35000199,3060,6680,Friday
atm35000200,3885,5490,Friday
atm35000201,3820,3945,Friday
atm35000202,2555,5455,Friday
atm35000203,4395,4640,Friday
atm35000204,1740,3800,Friday
atm35000205,6390,3130,Friday
atm35000206,5420,6355,Friday
atm35000207,4525,4950,Friday
atm35000208,6310,6625,Friday
atm35000209,4835,3425,Friday
atm35000210,1520,5105,Friday
atm35000211,4595,4665,Friday
atm35000212,5260,6930,Friday
atm35000213,5735,4645,Friday
atm35000214,4480,3445,Friday
atm35000215,3980,5365,Friday
atm35000216,1270,5465,Friday
atm35000217,5370,6425,Friday
atm35000218,2575,7845,Friday
atm35000219,2645,3675,Friday
atm35000220,6340,3390,Friday
atm35000221,2360,5290,Friday
atm35000222,2385,2935,Friday
atm35000223,4680,5670,Friday
atm35000224,2245,4060,Friday
atm35000225,4130,5070,Friday
atm35000226,4145,4720,Friday
atm35000227,4725,5050,Friday
atm35000228,3960,4000,Friday
atm35000229,2195,3290,Friday
atm35000265,3160,4925,Friday
atm35000266,2325,6105,Friday
atm35000267,3755,2620,Friday
atm35000268,5895,5640,Friday
atm35000269,5795,4560,Friday
atm35000270,6160,6300,Friday
atm35000271,4790,3730,Friday
atm35000272,4625,5540,Friday
atm35000273,6610,3810,Friday
atm35000274,4905,4920,Friday
atm35000275,4035,5405,Friday
atm35000276,3775,4270,Friday
atm35000277,4140,5875,Friday
atm35000278,4170,4395,Friday
atm35000279,2220,4590,Friday
atm35000280,6085,4940,Friday
atm35000281,3965,4795,Friday
atm35000282,2195,5325,Friday
atm35000283,3235,3880,Friday
atm35000284,2260,5870,Friday
atm35000285,1755,3660,Friday
atm35000286,2525,3980,Friday
atm35000287,4665,5710,Friday
atm35000288,5600,5080,Friday
atm35000289,2370,7000,Friday
atm35000290,6010,3680,Friday
atm35000291,2565,7825,Friday
atm35000292,5275,3890,Friday
atm35000293,3525,3635,Friday
atm35000294,5490,5510,Friday
atm35000295,3790,4400,Friday
atm35000296,1965,4265,Friday
atm35000297,3280,5220,Friday
atm35000298,3105,5010,Friday
atm35000299,3090,3625,Friday
atm35000300,2980,5410,Friday
atm35000301,5275,5245,Friday
atm35000302,7870,3710,Friday
atm35000303,4550,5195,Friday
atm35000304,2470,4120,Friday
atm35000305,3655,5155,Friday
atm35000306,4255,6870,Friday
atm35000307,3905,5605,Friday
atm35000308,5375,3905,Friday
atm35000309,6010,6065,Friday
atm35000310,7100,4420,Friday
atm35000311,5330,4525,Friday
atm35000312,4780,4530,Friday
atm35000313,4335,4245,Friday
atm35000314,4960,6905,Friday
atm35000315,2970,3750,Friday
atm35000316,4005,5950,Friday
atm35000317,4005,6100,Friday
atm35000318,6640,6535,Friday
atm35000319,6320,4585,Friday
atm35000320,2710,6765,Friday
atm35000321,6715,4475,Friday
atm35000322,2720,5665,Friday
atm35000323,5390,5880,Friday
atm35000324,5920,5905,Friday
atm35000325,2510,6005,Friday
atm35000326,2010,7055,Friday
atm35000327,2055,5105,Friday
atm35000328,1940,5160,Friday
atm35000329,4480,3310,Friday
atm35000330,2145,3830,Friday
atm35000331,4845,3650,Friday
atm35000332,6470,4715,Friday
atm35000333,1845,5040,Friday
atm35000334,3560,4690,Friday
atm35000335,3350,4115,Friday
atm35000336,6450,4545,Friday
atm35000337,4535,3610,Friday
atm35000338,3025,4085,Friday
atm35000339,6040,6070,Friday
atm35000340,6725,4620,Friday
atm35000341,2860,4070,Friday
atm35000342,2245,6235,Friday
atm35000343,6340,4775,Friday
atm35000344,2385,7215,Friday
atm35000345,3140,4570,Friday
atm35000346,3390,6400,Friday
atm35000347,4080,3865,Friday
atm35000348,1425,3415,Friday
atm35000349,3185,6835,Friday
atm35000350,3550,4985,Friday
atm35000351,1705,4960,Friday
atm35000352,5000,3450,Friday
atm35000353,5425,4550,Friday
atm35000354,2135,4200,Friday
atm35000355,4460,4060,Friday
atm35000356,4365,5025,Friday
atm35000357,5300,3550,Friday
atm35000358,2385,4985,Friday
atm0,0,0,Friday
atm350001,2945,5325,Friday
atm350002,1720,4645,Friday
atm350003,5920,4750,Friday
atm350004,6295,4340,Friday
atm350005,3675,4090,Friday
atm350006,5790,5045,Friday
atm350007,2675,4725,Friday
atm350008,3035,4655,Friday
atm350009,4240,5065,Friday
atm3500010,4130,5645,Friday
atm3500011,2990,4535,Friday
atm3500012,3010,6875,Friday
atm3500013,3820,4960,Friday
atm3500014,3730,4305,Friday
atm3500015,5230,5285,Friday
atm3500016,4410,6040,Friday
atm3500017,2585,3700,Friday
atm3500018,4695,3750,Friday
atm3500019,5785,4585,Friday
atm3500020,6255,5810,Friday
atm3500021,2895,4055,Friday
atm3500022,1710,4720,Friday
atm3500023,1750,3345,Friday
atm3500024,3995,3715,Friday
atm3500025,2790,4420,Friday
atm3500026,3025,4380,Friday
atm3500027,3935,3145,Friday
atm3500028,3575,5510,Friday
atm3500029,4520,4505,Friday
atm3500030,6170,5340,Friday
atm3500031,4400,6275,Friday
atm3500032,6280,6230,Friday
atm3500033,3565,4025,Friday
atm3500034,4570,5415,Friday
atm3500035,4400,4560,Friday
atm3500062,5275,3575,Friday
atm3500063,3140,4715,Friday
atm3500064,7350,4230,Friday
atm3500065,5385,6505,Friday
atm35000230,1620,4650,Friday
atm35000231,5165,4320,Friday
atm35000232,2020,3655,Friday
atm35000233,3675,4780,Friday
atm35000234,2245,3240,Friday
atm35000235,6255,5690,Friday
atm35000236,5065,6790,Friday
atm35000237,1910,4190,Friday
atm35000238,1715,3575,Friday
atm35000239,5125,3150,Friday
atm35000240,2615,3845,Friday
atm35000241,2430,6085,Friday
atm35000242,4265,6350,Friday
atm35000243,3680,4130,Friday
atm35000244,5065,3010,Friday
atm35000245,2940,4210,Friday
atm35000246,2030,7120,Friday
atm35000247,6965,7150,Friday
atm35000248,2725,4020,Friday
atm35000249,4350,2575,Friday
atm35000250,3320,5920,Friday
atm35000251,2250,5855,Friday
atm35000252,1385,6310,Friday
atm35000253,2155,4030,Friday
atm35000254,3060,4450,Friday
atm35000255,2220,4485,Friday
atm35000256,5130,3220,Friday
atm35000257,2845,4790,Friday
atm35000258,3065,5825,Friday
atm35000259,4355,6010,Friday
atm35000260,6010,5230,Friday
atm35000261,3820,6770,Friday
atm35000262,2715,3540,Friday
atm35000263,2980,4480,Friday
atm35000264,4270,4315,Friday
atm3500036,3500,6770,Friday
atm3500037,6075,5835,Friday
atm3500038,4805,3080,Friday
atm3500039,2480,5035,Friday
atm3500040,3790,6095,Friday
atm3500041,4385,5145,Friday
atm3500042,4725,3200,Friday
atm3500043,4330,4735,Friday
atm3500044,5950,3050,Friday
atm3500045,4950,6070,Friday
atm3500046,5535,5195,Friday
atm3500047,3920,3345,Friday
atm3500048,4995,4245,Friday
atm3500049,6525,6360,Friday
atm3500050,3600,5550,Friday
atm3500051,4025,4375,Friday
atm3500052,5375,5235,Friday
atm3500053,3830,4135,Friday
atm3500054,2380,4600,Friday
atm3500055,4485,7650,Friday
atm3500056,4905,5965,Friday
atm3500057,5730,3120,Friday
atm3500058,4215,5100,Friday
atm3500059,5310,5665,Friday
atm3500060,6685,7130,Friday
atm3500061,3630,6015,Friday
atm3500066,5650,6430,Friday
atm3500067,7040,4650,Friday
atm3500068,1975,5530,Friday
atm3500069,2190,5355,Friday
atm3500070,5765,6470,Friday
atm3500071,3820,5020,Friday
atm3500072,5410,2930,Friday
atm3500073,5645,6455,Friday
atm3500074,4860,4040,Friday
atm3500075,3675,2150,Friday
atm3500076,6540,6065,Friday
atm3500077,4195,3570,Friday
atm3500078,4145,4540,Friday
atm3500079,4530,5105,Friday
atm3500080,6090,4105,Friday
atm3500081,2930,4310,Friday
atm3500082,3685,3440,Friday
atm3500083,2875,5120,Friday
atm3500084,6120,5565,Friday
atm3500085,4645,4020,Friday
atm3500086,4630,4190,Friday
atm3500087,5515,6550,Friday
atm3500088,3745,3360,Friday
atm3500089,4065,5000,Friday
atm3500090,4105,3205,Friday
atm3500091,6150,5830,Friday
atm3500092,5640,3800,Friday
atm3500093,4730,5530,Friday
atm3500094,4070,3840,Friday
atm3500095,1710,5790,Friday
atm3500096,3110,5735,Friday
atm3500097,4565,7060,Friday
atm3500098,5695,5510,Friday
atm3500099,4410,4030,Friday
atm35000100,4175,3865,Friday
atm35000101,6110,4050,Friday
atm35000102,3305,4345,Friday
atm35000103,5330,5790,Friday
atm35000104,4225,3595,Friday
atm35000105,6655,4355,Friday
atm35000106,2905,5250,Friday
atm35000107,6260,3790,Friday
atm35000108,7365,3315,Friday
atm35000109,6975,4015,Friday
atm35000110,6155,4955,Friday
atm35000111,7380,4135,Friday
atm35000112,6055,3755,Friday
atm35000113,5175,4845,Friday
atm35000114,5825,3930,Friday
atm35000115,5000,4205,Friday
atm35000116,4350,5045,Friday
atm35000117,1635,5065,Friday
atm35000118,7135,6075,Friday
atm35000119,5755,3835,Friday
atm35000120,6525,4770,Friday
atm35000121,4140,3875,Friday
atm35000122,5170,5530,Friday
atm35000123,4135,6520,Friday
atm35000124,5700,5950,Friday
atm35000125,3845,3015,Friday
atm35000126,5655,4995,Friday
atm35000127,3750,3355,Friday
atm35000128,6105,6595,Friday
atm35000129,3200,4370,Friday
atm35000130,5335,4055,Friday
atm35000131,4490,3835,Friday
atm35000132,4000,5190,Friday
atm35000133,3960,3610,Friday
atm35000134,3250,3355,Friday
atm35000135,5135,4405,Friday
atm35000136,6765,3105,Friday
atm35000137,5055,4135,Friday
atm35000138,5755,4845,Friday
atm35000139,5175,5360,Friday
atm35000140,4295,4025,Friday
atm35000141,5545,3800,Friday
atm35000142,5865,6950,Friday
atm35000143,4705,6115,Friday
atm35000144,3280,4495,Friday
atm35000145,4040,3975,Friday
atm35000146,3725,4130,Friday
atm35000147,2985,4920,Friday
atm35000148,1830,5365,Friday
atm35000149,3795,4555,Friday
atm35000150,2235,5445,Friday
atm35000151,4125,4195,Friday
atm35000152,4920,4105,Friday
atm35000153,5695,6455,Friday
atm35000154,6005,6680,Friday
atm35000155,3745,5790,Friday
atm35000156,3540,5050,Friday
atm35000157,5840,3420,Friday
atm35000158,4585,4610,Friday
atm35000159,3740,4005,Friday
atm35000160,1490,2480,Friday
atm35000161,3710,2990,Friday
atm35000162,6755,5675,Friday
atm35000163,5350,4535,Friday
atm35000164,4310,3390,Friday
atm35000165,6450,3475,Friday
atm35000166,4715,4085,Friday
atm35000167,5395,5440,Friday
atm35000168,5150,5385,Friday
atm35000169,3935,5100,Friday
atm35000170,1990,4675,Friday
atm35000171,5105,6015,Friday
atm35000172,6680,4120,Friday
atm35000173,3675,6920,Friday
atm35000174,4775,5640,Friday
atm35000175,2110,6475,Friday
atm35000176,2670,4840,Friday
atm35000177,6040,3805,Friday
atm35000178,2170,5635,Friday
atm35000179,3035,5165,Friday
atm35000180,4880,5015,Friday
atm35000181,3745,5010,Friday
atm35000182,2005,4415,Friday
atm35000183,7005,5965,Friday
atm35000184,5475,3815,Friday
atm35000185,6110,2910,Friday
atm35000186,4870,5980,Friday
atm35000187,3740,5655,Friday
atm35000188,4965,6610,Friday
atm35000189,3370,4260,Friday
atm35000190,4990,3435,Friday
atm35000191,3405,5545,Friday
atm35000192,5510,6135,Friday
atm35000193,4965,6780,Friday
atm35000194,4155,4500,Friday
atm35000195,5370,6860,Friday
atm35000196,5510,5405,Friday
atm35000197,2295,5010,Friday
atm35000198,5030,3780,Friday
atm35000199,4985,5320,Friday
atm35000200,5535,5690,Friday
atm35000201,4290,4305,Friday
atm35000202,5065,4720,Friday
atm35000203,2990,4440,Friday
atm35000204,4815,5890,Friday
atm35000205,4725,6575,Friday
atm35000206,5205,4100,Friday
atm35000207,5505,4670,Friday
atm35000208,5895,3245,Friday
atm35000209,7480,4520,Friday
atm35000210,5480,6730,Friday
atm35000211,4510,4650,Friday
atm35000212,1580,6945,Friday
atm35000213,2635,5375,Friday
atm35000214,5060,4280,Friday
atm35000215,3880,4405,Friday
atm35000216,2020,3375,Friday
atm35000217,3765,3475,Friday
atm35000218,3420,5455,Friday
atm35000219,5785,1860,Friday
atm35000220,4195,5135,Friday
atm35000221,2420,4775,Friday
atm35000222,6855,4705,Friday
atm35000223,4720,3510,Friday
atm35000224,2420,4805,Friday
atm35000225,2930,4235,Friday
atm35000226,5675,4185,Friday
atm35000227,5770,6165,Friday
atm35000228,4590,5090,Friday
atm35000229,4760,5835,Friday
atm35000265,6820,5445,Friday
atm35000266,5015,6080,Friday
atm35000267,3970,3860,Friday
atm35000268,4755,6760,Friday
atm35000269,3810,5225,Friday
atm35000270,1790,3685,Friday
atm35000271,3395,3635,Friday
atm35000272,3290,5070,Friday
atm35000273,6060,3165,Friday
atm35000274,5635,6860,Friday
atm35000275,5145,6280,Friday
atm35000276,5405,3980,Friday
atm35000277,7010,7550,Friday
atm35000278,3270,4375,Friday
atm35000279,5400,5690,Friday
atm35000280,2775,3795,Friday
atm35000281,4490,5675,Friday
atm35000282,3240,5070,Friday
atm35000283,5545,5190,Friday
atm35000284,5735,3825,Friday
atm35000285,4795,6300,Friday
atm35000286,5770,6275,Friday
atm35000287,6360,3925,Friday
atm35000288,6440,3965,Friday
atm35000289,1940,5960,Friday
atm35000290,3285,6505,Friday
atm35000291,2605,6980,Friday
atm35000292,6260,4555,Friday
atm35000293,5455,7385,Friday
atm35000294,4415,6470,Friday
atm35000295,2820,4785,Friday
atm35000296,2520,3605,Friday
atm35000297,3585,5190,Friday
atm35000298,2685,4970,Friday
atm35000299,3835,2715,Friday
atm35000300,4975,6210,Friday
atm35000301,5225,6420,Friday
atm35000302,5255,2870,Friday
atm35000303,3205,3395,Friday
atm35000304,5770,6105,Friday
atm35000305,2580,4765,Friday
atm35000306,2075,6235,Friday
atm35000307,2195,2655,Friday
atm35000308,4865,3925,Friday
atm35000309,5880,3680,Friday
atm35000310,5675,5130,Friday
atm35000311,2695,7600,Friday
atm35000312,4915,4855,Friday
atm35000313,4000,3515,Friday
atm35000314,4175,4940,Friday
atm35000315,3115,5635,Friday
atm35000316,3795,4355,Friday
atm35000317,3940,5655,Friday
atm35000318,3825,5455,Friday
atm35000319,2955,5660,Friday
atm35000320,6285,4495,Friday
atm35000321,5780,5675,Friday
atm35000322,3070,6110,Friday
atm35000323,5290,3815,Friday
atm35000324,4265,4975,Friday
atm35000325,5310,4270,Friday
atm35000326,4120,3915,Friday
atm35000327,6815,4430,Friday
atm35000328,2395,4610,Friday
atm35000329,4295,3620,Friday
atm35000330,3085,3225,Friday
atm35000331,5545,5610,Friday
atm35000332,2300,6580,Friday
atm35000333,5095,4720,Friday
atm35000334,6120,2985,Friday
atm35000335,5805,5035,Friday
atm35000336,4025,5760,Friday
atm35000337,4370,7760,Friday
atm35000338,5785,5425,Friday
atm35000339,3940,4885,Friday
atm35000340,3445,5980,Friday
atm35000341,4770,5825,Friday
atm35000342,2190,6025,Friday
atm35000343,4285,3890,Friday
atm35000344,6645,4325,Friday
atm35000345,4215,5245,Friday
atm35000346,5300,5840,Friday
atm35000347,6500,3230,Friday
atm35000348,5020,6270,Friday
atm35000349,3450,5035,Friday
atm35000350,5210,4025,Friday
atm35000351,3140,4760,Friday
atm35000352,3615,3765,Friday
atm35000353,5195,2690,Friday
atm35000354,3825,3705,Friday
atm35000355,3325,4880,Friday
atm35000356,4410,5985,Friday
atm35000357,2305,4405,Friday
atm35000358,4285,6020,Friday
atm0,0,0,Friday
atm350001,4115,3090,Friday
atm350002,2935,5475,Friday
atm350003,3240,6635,Friday
atm350004,3105,6485,Friday
atm350005,4010,3720,Friday
atm350006,5135,6435,Friday
atm350007,4465,5660,Friday
atm350008,5020,4490,Friday
atm350009,1530,5015,Friday
atm3500010,5520,5180,Friday
atm3500011,4825,5620,Friday
atm3500012,3150,4615,Friday
atm3500013,3015,3265,Friday
atm3500014,4410,3845,Friday
atm3500015,2810,5480,Friday
atm3500016,2420,3690,Friday
atm3500017,2470,4185,Friday
atm3500018,5310,5620,Friday
atm3500019,5005,3940,Friday
atm3500020,4475,6610,Friday
atm3500021,3080,6560,Friday
atm3500022,6025,5490,Friday
atm3500023,4265,4510,Friday
atm3500024,4655,4940,Friday
atm3500025,6245,4010,Friday
atm3500026,3040,3145,Friday
atm3500027,4840,5480,Friday
atm3500028,4370,3785,Friday
atm3500029,4185,4435,Friday
atm3500030,2615,4970,Friday
atm3500031,4370,4410,Friday
atm3500032,2370,5260,Friday
atm3500033,3440,6595,Friday
atm3500034,2500,3480,Friday
atm3500035,5960,4540,Friday
atm3500062,3875,6580,Friday
atm3500063,6095,6205,Friday
atm3500064,4595,3815,Friday
atm3500065,2925,4700,Friday
atm35000230,2150,3505,Friday
atm35000231,4135,4475,Friday
atm35000232,4125,5935,Friday
atm35000233,5200,5240,Friday
atm35000234,3240,3510,Friday
atm35000235,3170,7585,Friday
atm35000236,4655,6630,Friday
atm35000237,3270,5130,Friday
atm35000238,5710,5445,Friday
atm35000239,2295,4730,Friday
atm35000240,2080,4825,Friday
atm35000241,4855,3455,Friday
atm35000242,3640,4725,Friday
atm35000243,1655,4435,Friday
atm35000244,6060,3990,Friday
atm35000245,2225,4935,Friday
atm35000246,4505,6200,Friday
atm35000247,3115,7815,Friday
atm35000248,5540,6190,Friday
atm35000249,5975,6365,Friday
atm35000250,5415,5625,Friday
atm35000251,2605,6335,Friday
atm35000252,2295,4475,Friday
atm35000253,7015,4880,Friday
atm35000254,4545,5405,Friday
atm35000255,2020,6285,Friday
atm35000256,5925,5535,Friday
atm35000257,3005,4405,Friday
atm35000258,6480,3745,Friday
atm35000259,2140,3575,Friday
atm35000260,4175,4455,Friday
atm35000261,6130,4590,Friday
atm35000262,4300,5110,Friday
atm35000263,6255,4765,Friday
atm35000264,2885,3645,Friday
atm3500036,5695,4060,Friday
atm3500037,4270,3345,Friday
atm3500038,5060,5390,Friday
atm3500039,2360,4485,Friday
atm3500040,2715,3180,Friday
atm3500041,2365,6640,Friday
atm3500042,4370,4900,Friday
atm3500043,5130,4140,Friday
atm3500044,3645,5280,Friday
atm3500045,2990,5075,Friday
atm3500046,7170,3300,Friday
atm3500047,5315,5735,Friday
atm3500048,2560,3835,Friday
atm3500049,4440,6145,Friday
atm3500050,6205,5545,Friday
atm3500051,2635,4635,Friday
atm3500052,5300,2925,Friday
atm3500053,3255,5790,Friday
atm3500054,5390,5720,Friday
atm3500055,3655,4030,Friday
atm3500056,4375,5670,Friday
atm3500057,4015,5190,Friday
atm3500058,3340,5805,Friday
atm3500059,3450,4015,Friday
atm3500060,5745,6350,Friday
atm3500061,5040,5070,Friday
atm3500066,4100,3380,Friday
atm3500067,4410,4165,Friday
atm3500068,4735,5380,Friday
atm3500069,1860,3165,Friday
atm3500070,3150,5920,Friday
atm3500071,5680,6685,Friday
atm3500072,6440,5485,Friday
atm3500073,4530,5450,Friday
atm3500074,6755,2915,Friday
atm3500075,4585,5775,Friday
atm3500076,5190,5200,Friday
atm3500077,2195,5275,Friday
atm3500078,2450,3980,Friday
atm3500079,1620,5350,Friday
atm3500080,7245,5460,Friday
atm3500081,2370,4800,Friday
atm3500082,5945,4675,Friday
atm3500083,5230,5720,Friday
atm3500084,3465,4275,Friday
atm3500085,3280,6355,Friday
atm3500086,5410,4225,Friday
atm3500087,4920,6235,Friday
atm3500088,3640,3235,Friday
atm3500089,5320,4345,Friday
atm3500090,2080,3660,Friday
atm3500091,5045,5150,Friday
atm3500092,3360,4285,Friday
atm3500093,3320,4820,Friday
atm3500094,5940,6570,Friday
atm3500095,3635,4050,Friday
atm3500096,3305,3945,Friday
atm3500097,5760,3275,Friday
atm3500098,2620,7560,Friday
atm3500099,6525,4875,Friday
atm35000100,2495,3160,Friday
atm35000101,5770,4665,Friday
atm35000102,4565,5920,Friday
atm35000103,3560,3425,Friday
atm35000104,2035,4370,Friday
atm35000105,5650,4750,Friday
atm35000106,4315,3705,Friday
atm35000107,6205,3865,Friday
atm35000108,2350,3995,Friday
atm35000109,4630,5190,Friday
atm35000110,3040,3775,Friday
atm35000111,5210,3815,Friday
atm35000112,2030,4260,Friday
atm35000113,1675,3735,Friday
atm35000114,2850,4770,Friday
atm35000115,4875,4035,Friday
atm35000116,3040,4560,Friday
atm35000117,6250,3975,Friday
atm35000118,6810,5555,Friday
atm35000119,3820,5750,Friday
atm35000120,3900,5015,Friday
atm35000121,3600,4565,Friday
atm35000122,5285,4200,Friday
atm35000123,4365,3305,Friday
atm35000124,5580,6440,Friday
atm35000125,3390,5090,Friday
atm35000126,2460,4885,Friday
atm35000127,5140,4015,Friday
atm35000128,5040,5400,Friday
atm35000129,5765,2860,Friday
atm35000130,4635,6235,Friday
atm35000131,4995,4310,Friday
atm35000132,4225,3060,Friday
atm35000133,4130,5745,Friday
atm35000134,3510,4120,Friday
atm35000135,2200,4715,Friday
atm35000136,5995,5315,Friday
atm35000137,2245,5480,Friday
atm35000138,4965,3690,Friday
atm35000139,2080,6225,Friday
atm35000140,3615,4795,Friday
atm35000141,3665,4055,Friday
atm35000142,2835,6745,Friday
atm35000143,2140,4610,Friday
atm35000144,1935,3565,Friday
atm35000145,3775,5830,Friday
atm35000146,6360,3690,Friday
atm35000147,5785,3670,Friday
atm35000148,5210,4980,Friday
atm35000149,2450,4970,Friday
atm35000150,2915,4820,Friday
atm35000151,6235,5655,Friday
atm35000152,5395,3010,Friday
atm35000153,3410,6075,Friday
atm35000154,1765,3885,Friday
atm35000155,4700,5910,Friday
atm35000156,7190,5475,Friday
atm35000157,2175,4660,Friday
atm35000158,5540,6760,Friday
atm35000159,6450,4645,Friday
atm35000160,6345,3390,Friday
atm35000161,1865,4970,Friday
atm35000162,5650,4895,Friday
atm35000163,1850,5085,Friday
atm35000164,3930,6300,Friday
atm35000165,5645,4595,Friday
atm35000166,2250,3385,Friday
atm35000167,5730,5390,Friday
atm35000168,6590,5035,Friday
atm35000169,5690,5955,Friday
atm35000170,5620,6840,Friday
atm35000171,2970,5240,Friday
atm35000172,5010,3940,Friday
atm35000173,3920,3820,Friday
atm35000174,6230,6490,Friday
atm35000175,5515,7925,Friday
atm35000176,3140,5890,Friday
atm35000177,2090,4840,Friday
atm35000178,5195,4810,Friday
atm35000179,5560,6480,Friday
atm35000180,4655,3395,Friday
atm35000181,4315,3720,Friday
atm35000182,6265,4480,Friday
atm35000183,3085,5010,Friday
atm35000184,4745,6330,Friday
atm35000185,4140,3045,Friday
atm35000186,4610,3835,Friday
atm35000187,3105,6120,Friday
atm35000188,2220,4535,Friday
atm35000189,3575,5985,Friday
atm35000190,3320,5545,Friday
atm35000191,4285,3520,Friday
atm35000192,2000,5445,Friday
atm35000193,5030,3900,Friday
atm35000194,2315,4540,Friday
atm35000195,4930,5290,Friday
atm35000196,5345,2625,Friday
atm35000197,4945,6380,Friday
atm35000198,2625,4845,Friday
atm35000199,3385,5075,Friday
atm35000200,5765,4880,Friday
atm35000201,5690,5330,Friday
atm35000202,2570,5060,Friday
atm35000203,5735,4970,Friday
atm35000204,3350,5410,Friday
atm35000205,4100,6940,Friday
atm35000206,6190,5805,Friday
atm35000207,3955,5710,Friday
atm35000208,5435,3880,Friday
atm35000209,2270,3805,Friday
atm35000210,2945,3680,Friday
atm35000211,5835,6165,Friday
atm35000212,4940,6495,Friday
atm35000213,4070,6150,Friday
atm35000214,1730,3005,Friday
atm35000215,3095,4435,Friday
atm35000216,2585,2805,Friday
atm35000217,5755,7225,Friday
atm35000218,2200,3515,Friday
atm35000219,3235,5725,Friday
atm35000220,7120,4460,Friday
atm35000221,4405,3750,Friday
atm35000222,3290,3190,Friday
atm35000223,5350,4340,Friday
atm35000224,2885,2460,Friday
atm35000225,3830,6380,Friday
atm35000226,3845,6375,Friday
atm35000227,4695,6735,Friday
atm35000228,8225,6645,Friday
atm35000229,5905,7030,Friday
atm35000265,2915,4635,Friday
atm35000266,1615,6595,Friday
atm35000267,7200,5485,Friday
atm35000268,4030,5920,Friday
atm35000269,3085,3735,Friday
atm35000270,1800,5900,Friday
atm35000271,2555,6195,Friday
atm35000272,5555,4185,Friday
atm35000273,4555,3510,Friday
atm35000274,6465,6135,Friday
atm35000275,4140,5570,Friday
atm35000276,3900,5095,Friday
atm35000277,4505,3975,Friday
atm35000278,4700,5855,Friday
atm35000279,2650,6230,Friday
atm35000280,5805,3715,Friday
atm35000281,6370,4960,Friday
atm35000282,2690,4160,Friday
atm35000283,5480,5150,Friday
atm35000284,3360,4665,Friday
atm35000285,3135,5405,Friday
atm35000286,1735,4645,Friday
atm35000287,4540,6650,Friday
atm35000288,4375,3285,Friday
atm35000289,6435,5805,Friday
atm35000290,4785,3285,Friday
atm35000291,2770,4980,Friday
atm35000292,5050,3840,Friday
atm35000293,3730,3790,Friday
atm35000294,4430,6105,Friday
atm35000295,6970,4905,Friday
atm35000296,4120,5145,Friday
atm35000297,2245,3350,Friday
atm35000298,5760,6255,Friday
atm35000299,3445,3785,Friday
atm35000300,5200,4630,Friday
atm35000301,3865,6115,Friday
atm35000302,3150,3475,Friday
atm35000303,3770,3660,Friday
atm35000304,3220,3530,Friday
atm35000305,4350,4685,Friday
atm35000306,5725,3710,Friday
atm35000307,5480,6055,Friday
atm35000308,2040,4465,Friday
atm35000309,5550,4465,Friday
atm35000310,3245,3480,Friday
atm35000311,1815,3940,Friday
atm35000312,4660,6420,Friday
atm35000313,6670,5240,Friday
atm35000314,3895,6270,Friday
atm35000315,6170,5655,Friday
atm35000316,3915,6685,Friday
atm35000317,5460,6125,Friday
atm35000318,4880,4240,Friday
atm35000319,3950,4725,Friday
atm35000320,3825,3520,Friday
atm35000321,6545,5295,Friday
atm35000322,3365,5555,Friday
atm35000323,5405,2970,Friday
atm35000324,4845,5405,Friday
atm35000325,4060,4205,Friday
atm35000326,5450,6755,Friday
atm35000327,2495,6460,Friday
atm35000328,4770,5260,Friday
atm35000329,4610,5975,Friday
atm35000330,5895,5640,Friday
atm35000331,3715,6605,Friday
atm35000332,4780,4985,Friday
atm35000333,2280,5700,Friday
atm35000334,4955,6395,Friday
atm35000335,4615,4565,Friday
atm35000336,1670,3610,Friday
atm35000337,3280,4405,Friday
atm35000338,3190,5260,Friday
atm35000339,3440,6830,Friday
atm35000340,2225,4570,Friday
atm35000341,5465,4580,Friday
atm35000342,3200,4615,Friday
atm35000343,1965,5330,Friday
atm35000344,2645,2515,Friday
atm35000345,4595,5980,Friday
atm35000346,5025,5535,Friday
atm35000347,2585,3690,Friday
atm35000348,7040,5230,Friday
atm35000349,1900,4265,Friday
atm35000350,4325,4395,Friday
atm35000351,2310,4225,Friday
atm35000352,3430,3590,Friday
atm35000353,6155,4825,Friday
atm35000354,3280,4430,Friday
atm35000355,4705,5550,Friday
atm35000356,5195,6300,Friday
atm35000357,4630,5515,Friday
atm35000358,5155,3625,Friday
atm0,0,0,Friday
atm350001,3865,3640,Friday
atm350002,3190,5835,Friday
atm350003,2335,5935,Friday
atm350004,2100,5425,Friday
atm350005,5360,3140,Friday
atm350006,2500,4325,Friday
atm350007,5125,3115,Friday
atm350008,3245,4460,Friday
atm350009,4810,4905,Friday
atm3500010,3550,5190,Friday
atm3500011,4995,3310,Friday
atm3500012,4440,4205,Friday
atm3500013,3380,3690,Friday
atm3500014,5550,5055,Friday
atm3500015,4370,4300,Friday
atm3500016,5230,3185,Friday
atm3500017,3700,2880,Friday
atm3500018,4955,4080,Friday
atm3500019,3345,4800,Friday
atm3500020,5605,4205,Friday
atm3500021,2030,4485,Friday
atm3500022,2275,5630,Friday
atm3500023,3910,4305,Friday
atm3500024,4205,3340,Friday
atm3500025,2895,3935,Friday
atm3500026,1870,3955,Friday
atm3500027,3265,5440,Friday
atm3500028,4375,5935,Friday
atm3500029,5665,2805,Friday
atm3500030,6570,3545,Friday
atm3500031,4535,4540,Friday
atm3500032,4010,3030,Friday
atm3500033,5965,4315,Friday
atm3500034,4605,5535,Friday
atm3500035,5170,7880,Friday
atm3500062,5825,4950,Friday
atm3500063,5050,4100,Friday
atm3500064,2025,2320,Friday
atm3500065,4050,6155,Friday
atm35000230,5100,5390,Friday
atm35000231,6605,4935,Friday
atm35000232,5995,5550,Friday
atm35000233,4365,4040,Friday
atm35000234,4015,5610,Friday
atm35000235,4455,6410,Friday
atm35000236,3720,4745,Friday
atm35000237,3525,3845,Friday
atm35000238,2695,3005,Friday
atm35000239,4415,5055,Friday
atm35000240,3335,4060,Friday
atm35000241,1815,6790,Friday
atm35000242,3890,4550,Friday
atm35000243,2725,2900,Friday
atm35000244,3535,7545,Friday
atm35000245,3015,3625,Friday
atm35000246,4700,6675,Friday
atm35000247,5155,5205,Friday
atm35000248,3080,5680,Friday
atm35000249,2845,4250,Friday
atm35000250,2175,5390,Friday
atm35000251,3085,3025,Friday
atm35000252,5645,4410,Friday
atm35000253,4980,3720,Friday
atm35000254,3795,4085,Friday
atm35000255,5080,3730,Friday
atm35000256,6060,4615,Friday
atm35000257,3460,4100,Friday
atm35000258,5385,4730,Friday
atm35000259,4500,3925,Friday
atm35000260,3215,5650,Friday
atm35000261,3285,5010,Friday
atm35000262,4525,4625,Friday
atm35000263,2970,4345,Friday
atm35000264,4135,3330,Friday
atm3500036,3985,6520,Friday
atm3500037,1840,4690,Friday
atm3500038,3290,6900,Friday
atm3500039,4090,3185,Friday
atm3500040,2825,3845,Friday
atm3500041,6080,5950,Friday
atm3500042,6710,5130,Friday
atm3500043,4215,4660,Friday
atm3500044,3530,5445,Friday
atm3500045,4985,7550,Friday
atm3500046,4960,5920,Friday
atm3500047,1910,4620,Friday
atm3500048,2205,2780,Friday
atm3500049,5450,6010,Friday
atm3500050,3700,5590,Friday
atm3500051,3775,3835,Friday
atm3500052,5085,3890,Friday
atm3500053,2335,5540,Friday
atm3500054,4120,3550,Friday
atm3500055,3490,5555,Friday
atm3500056,4465,5670,Friday
atm3500057,4210,3630,Friday
atm3500058,2225,5125,Friday
atm3500059,3110,5075,Friday
atm3500060,6185,6300,Friday
atm3500061,4445,5370,Friday
atm3500066,4105,4175,Friday
atm3500067,6255,6205,Friday
atm3500068,2850,3770,Friday
atm3500069,5930,4805,Friday
atm3500070,2025,5635,Friday
atm3500071,3170,6050,Friday
atm3500072,4245,4410,Friday
atm3500073,2895,4825,Friday
atm3500074,5585,4645,Friday
atm3500075,4610,5710,Friday
atm3500076,4325,6590,Friday
atm3500077,1855,4535,Friday
atm3500078,4525,4600,Friday
atm3500079,2465,6595,Friday
atm3500080,4980,3215,Friday
atm3500081,3355,5980,Friday
atm3500082,2655,6270,Friday
atm3500083,3665,5010,Friday
atm3500084,6495,4900,Friday
atm3500085,4555,5580,Friday
atm3500086,4215,5970,Friday
atm3500087,5280,5775,Friday
atm3500088,3105,4610,Friday
atm3500089,3595,4635,Friday
atm3500090,6315,6805,Friday
atm3500091,4165,3505,Friday
atm3500092,5885,5520,Friday
atm3500093,6295,6235,Friday
atm3500094,3295,3200,Friday
atm3500095,5830,6050,Friday
atm3500096,4035,5930,Friday
atm3500097,2815,5865,Friday
atm3500098,6585,5075,Friday
atm3500099,3140,5310,Friday
atm35000100,3625,3160,Friday
atm35000101,6240,4305,Friday
atm35000102,5535,3670,Friday
atm35000103,1805,3470,Friday
atm35000104,6065,5040,Friday
atm35000105,3170,3480,Friday
atm35000106,4435,3515,Friday
atm35000107,3995,6050,Friday
atm35000108,2070,6170,Friday
atm35000109,5695,4005,Friday
atm35000110,5940,2955,Friday
atm35000111,5805,2745,Friday
atm35000112,2335,3005,Friday
atm35000113,5440,4415,Friday
atm35000114,6970,5275,Friday
atm35000115,5515,2755,Friday
atm35000116,6040,4950,Friday
atm35000117,6060,3575,Friday
atm35000118,5795,2345,Friday
atm35000119,6240,3725,Friday
atm35000120,4740,6010,Friday
atm35000121,3050,6425,Friday
atm35000122,2760,3730,Friday
atm35000123,4145,5310,Friday
atm35000124,5850,5845,Friday
atm35000125,5610,5555,Friday
atm35000126,1430,6760,Friday
atm35000127,2785,5330,Friday
atm35000128,4560,3525,Friday
atm35000129,8220,6150,Friday
atm35000130,2550,6035,Friday
atm35000131,3335,4180,Friday
atm35000132,4820,4555,Friday
atm35000133,5645,4590,Friday
atm35000134,7100,3410,Friday
atm35000135,4840,5940,Friday
atm35000136,3165,5530,Friday
atm35000137,2895,4175,Friday
atm35000138,6200,5325,Friday
atm35000139,4670,4205,Friday
atm35000140,3800,6040,Friday
atm35000141,3250,3415,Friday
atm35000142,2205,3895,Friday
atm35000143,3530,3015,Friday
atm35000144,5900,3570,Friday
atm35000145,2280,3590,Friday
atm35000146,2020,5135,Friday
atm35000147,3860,6285,Friday
atm35000148,3900,3715,Friday
atm35000149,4500,2870,Friday
atm35000150,3260,5525,Friday
atm35000151,4840,6230,Friday
atm35000152,5995,3125,Friday
atm35000153,2310,5545,Friday
atm35000154,4430,5990,Friday
atm35000155,2545,6535,Friday
atm35000156,3380,4780,Friday
atm35000157,2745,5025,Friday
atm35000158,4420,5385,Friday
atm35000159,5020,5800,Friday
atm35000160,3405,2985,Friday
atm35000161,3610,6440,Friday
atm35000162,3420,3875,Friday
atm35000163,3395,6115,Friday
atm35000164,6495,4340,Friday
atm35000165,2890,4755,Friday
atm35000166,4525,3805,Friday
atm35000167,4095,5035,Friday
atm35000168,5580,6280,Friday
atm35000169,6025,3795,Friday
atm35000170,4330,4120,Friday
atm35000171,4565,6325,Friday
atm35000172,3470,6355,Friday
atm35000173,4005,5080,Friday
atm35000174,3180,6030,Friday
atm35000175,2435,3670,Friday
atm35000176,4710,3825,Friday
atm35000177,3675,3730,Friday
atm35000178,1930,4625,Friday
atm35000179,3885,5435,Friday
atm35000180,1925,3820,Friday
atm35000181,4860,5710,Friday
atm35000182,2160,3495,Friday
atm35000183,4005,5035,Friday
atm35000184,3515,5290,Friday
atm35000185,4375,4545,Friday
atm35000186,3220,6325,Friday
atm35000187,4360,3795,Friday
atm35000188,6355,6925,Friday
atm35000189,4940,5430,Friday
atm35000190,3825,3485,Friday
atm35000191,3715,5645,Friday
atm35000192,3795,4080,Friday
atm35000193,1485,3540,Friday
atm35000194,5985,4390,Friday
atm35000195,2055,3815,Friday
atm35000196,4715,4390,Friday
atm35000197,3115,4150,Friday
atm35000198,3895,5765,Friday
atm35000199,3910,3995,Friday
atm35000200,2075,5575,Friday
atm35000201,4205,4420,Friday
atm35000202,3610,4510,Friday
atm35000203,3090,4975,Friday
atm35000204,3495,4625,Friday
atm35000205,3525,7020,Friday
atm35000206,4875,5010,Friday
atm35000207,5970,5550,Friday
atm35000208,3400,3850,Friday
atm35000209,5170,4255,Friday
atm35000210,3135,2665,Friday
atm35000211,3440,3505,Friday
atm35000212,5695,2885,Friday
atm35000213,3380,3250,Friday
atm35000214,3565,7115,Friday
atm35000215,5770,6630,Friday
atm35000216,3780,4625,Friday
atm35000217,6730,4745,Friday
atm35000218,4500,7515,Friday
atm35000219,2605,4970,Friday
atm35000220,3055,3140,Friday
atm35000221,2735,4810,Friday
atm35000222,4400,4425,Friday
atm35000223,5155,5670,Friday
atm35000224,5510,3985,Friday
atm35000225,5095,3805,Friday
atm35000226,3695,4300,Friday
atm35000227,6610,7175,Friday
atm35000228,4600,5300,Friday
atm35000229,1820,6535,Friday
atm35000265,4450,2930,Friday
atm35000266,3150,4855,Friday
atm35000267,3570,5495,Friday
atm35000268,2370,3450,Friday
atm35000269,3890,3605,Friday
atm35000270,5105,6245,Friday
atm35000271,2730,5155,Friday
atm35000272,4125,5080,Friday
atm35000273,3180,4460,Friday
atm35000274,5565,5685,Friday
atm35000275,4260,5350,Friday
atm35000276,2220,3180,Friday
atm35000277,4375,5725,Friday
atm35000278,4965,4625,Friday
atm35000279,6635,4550,Friday
atm35000280,1790,3080,Friday
atm35000281,6265,4810,Friday
atm35000282,3590,5295,Friday
atm35000283,6425,4600,Friday
atm35000284,2180,4860,Friday
atm35000285,5890,3330,Friday
atm35000286,2000,5120,Friday
atm35000287,4835,4370,Friday
atm35000288,3190,3410,Friday
atm35000289,3070,5330,Friday
atm35000290,4695,4050,Friday
atm35000291,4000,3710,Friday
atm35000292,4990,4825,Friday
atm35000293,4460,4485,Friday
atm35000294,2380,6230,Friday
atm35000295,5605,4005,Friday
atm35000296,5220,2915,Friday
atm35000297,1975,4860,Friday
atm35000298,5350,4260,Friday
atm35000299,3860,5070,Friday
atm35000300,2430,3645,Friday
atm35000301,4370,4025,Friday
atm35000302,3840,4025,Friday
atm35000303,6170,3825,Friday
atm35000304,4165,6880,Friday
atm35000305,2595,5220,Friday
atm35000306,5820,2415,Friday
atm35000307,1930,4305,Friday
atm35000308,4755,3600,Friday
atm35000309,4915,4215,Friday
atm35000310,2980,5820,Friday
atm35000311,3100,5510,Friday
atm35000312,2120,3330,Friday
atm35000313,3495,5180,Friday
atm35000314,3690,6010,Friday
atm35000315,4755,4470,Friday
atm35000316,5755,4640,Friday
atm35000317,4045,5345,Friday
atm35000318,3400,6375,Friday
atm35000319,4170,4675,Friday
atm35000320,3450,3130,Friday
atm35000321,5815,5465,Friday
atm35000322,4260,4890,Friday
atm35000323,3000,3735,Friday
atm35000324,1905,5700,Friday
atm35000325,4425,4205,Friday
atm35000326,6735,6315,Friday
atm35000327,5770,6585,Friday
atm35000328,3250,4300,Friday
atm35000329,2720,4410,Friday
atm35000330,5690,6005,Friday
atm35000331,2830,3115,Friday
atm35000332,5105,4305,Friday
atm35000333,6175,6100,Friday
atm35000334,3825,5000,Friday
atm35000335,5170,2555,Friday
atm35000336,2505,6080,Friday
atm35000337,1955,7320,Friday
atm35000338,3280,6515,Friday
atm35000339,5005,4660,Friday
atm35000340,5135,6755,Friday
atm35000341,3065,4445,Friday
atm35000342,1270,5910,Friday
atm35000343,3915,4020,Friday
atm35000344,4620,6055,Friday
atm35000345,4315,3765,Friday
atm35000346,5645,4135,Friday
atm35000347,5385,4450,Friday
atm35000348,2590,3220,Friday
atm35000349,4500,5385,Friday
atm35000350,6015,6370,Friday
atm35000351,5110,4735,Friday
atm35000352,2050,6345,Friday
atm35000353,6515,4515,Friday
atm35000354,2780,6660,Friday
atm35000355,1495,4115,Friday
atm35000356,6525,5155,Friday
atm35000357,3625,4580,Friday
atm35000358,2110,3630,Friday
atm0,0,0,Friday
atm350001,3305,5360,Friday
atm350002,3180,5760,Friday
atm350003,3150,5825,Friday
atm350004,2740,6385,Friday
atm350005,3405,4085,Friday
atm350006,4495,6780,Friday
atm350007,5190,3910,Friday
atm350008,4395,4135,Friday
atm350009,1870,3785,Friday
atm3500010,4970,6075,Friday
atm3500011,4560,4865,Friday
atm3500012,2740,3775,Friday
atm3500013,1940,4230,Friday
atm3500014,4750,4375,Friday
atm3500015,2160,3785,Friday
atm3500016,3445,3130,Friday
atm3500017,2455,3390,Friday
atm3500018,2965,6205,Friday
atm3500019,2005,6680,Friday
atm3500020,2565,4125,Friday
atm3500021,4605,5195,Friday
atm3500022,6575,4420,Friday
atm3500023,4510,4065,Friday
atm3500024,5450,5320,Friday
atm3500025,5720,4195,Friday
atm3500026,3520,5410,Friday
atm3500027,4005,4765,Friday
atm3500028,6725,4325,Friday
atm3500029,2805,3440,Friday
atm3500030,6070,2755,Friday
atm3500031,4850,4080,Friday
atm3500032,3235,4315,Friday
atm3500033,4350,4650,Friday
atm3500034,3765,6395,Friday
atm3500035,2140,2520,Friday
atm3500062,4590,5385,Friday
atm3500063,5815,6060,Friday
atm3500064,3985,5245,Friday
atm3500065,3855,4135,Friday
atm35000230,2190,4755,Friday
atm35000231,6455,6185,Friday
atm35000232,7005,3535,Friday
atm35000233,4710,4220,Friday
atm35000234,5085,5700,Friday
atm35000235,5845,6675,Friday
atm35000236,4530,6675,Friday
atm35000237,3495,3330,Friday
atm35000238,5780,2630,Friday
atm35000239,2450,2895,Friday
atm35000240,2905,5275,Friday
atm35000241,3825,3540,Friday
atm35000242,5220,7010,Friday
atm35000243,4620,3670,Friday
atm35000244,2740,6475,Friday
atm35000245,2170,4750,Friday
atm35000246,4415,3315,Friday
atm35000247,5025,4865,Friday
atm35000248,4700,3685,Friday
atm35000249,4595,4875,Friday
atm35000250,4260,6990,Friday
atm35000251,5715,5415,Friday
atm35000252,3065,4610,Friday
atm35000253,4770,6590,Friday
atm35000254,3890,2940,Friday
atm35000255,6340,3040,Friday
atm35000256,3930,5420,Friday
atm35000257,3720,5870,Friday
atm35000258,2655,6775,Friday
atm35000259,4165,3965,Friday
atm35000260,2500,2445,Friday
atm35000261,4800,5075,Friday
atm35000262,4635,5355,Friday
atm35000263,6065,4980,Friday
atm35000264,5430,3315,Friday
atm3500036,3175,2615,Friday
atm3500037,2375,3815,Friday
atm3500038,5550,6115,Friday
atm3500039,4930,6260,Friday
atm3500040,2625,6930,Friday
atm3500041,2935,7080,Friday
atm3500042,3000,5100,Friday
atm3500043,3070,5140,Friday
atm3500044,3795,5050,Friday
atm3500045,5270,6070,Friday
atm3500046,6220,6360,Friday
atm3500047,6580,4735,Friday
atm3500048,2180,3840,Friday
atm3500049,4085,5255,Friday
atm3500050,5775,6210,Friday
atm3500051,3245,3615,Friday
atm3500052,5355,4300,Friday
atm3500053,4200,6180,Friday
atm3500054,3145,7360,Friday
atm3500055,4360,5215,Friday
atm3500056,7455,6445,Friday
atm3500057,4365,5715,Friday
atm3500058,4650,5855,Friday
atm3500059,4275,6980,Friday
atm3500060,2495,4390,Friday
atm3500061,5040,6825,Friday
atm3500066,2215,4870,Friday
atm3500067,6565,4015,Friday
atm3500068,5035,5175,Friday
atm3500069,4350,3955,Friday
atm3500070,4520,3085,Friday
atm3500071,5040,3075,Friday
atm3500072,2945,4930,Friday
atm3500073,1795,4250,Friday
atm3500074,3610,5490,Friday
atm3500075,1920,4930,Friday
atm3500076,6180,5970,Friday
atm3500077,4755,4925,Friday
atm3500078,4085,5155,Friday
atm3500079,6185,4745,Friday
atm3500080,2960,3430,Friday
atm3500081,2445,6165,Friday
atm3500082,2055,3320,Friday
atm3500083,4600,6530,Friday
atm3500084,2275,3885,Friday
atm3500085,4510,4825,Friday
atm3500086,2160,6775,Friday
atm3500087,4575,5020,Friday
atm3500088,3890,3360,Friday
atm3500089,2735,4060,Friday
atm3500090,3780,4430,Friday
atm3500091,4795,4560,Friday
atm3500092,2705,6320,Friday
atm3500093,6320,6145,Friday
atm3500094,3730,7395,Friday
atm3500095,3330,5285,Friday
atm3500096,4900,5665,Friday
atm3500097,3455,5160,Friday
atm3500098,4325,6055,Friday
atm3500099,5520,4835,Friday
atm35000100,5045,3885,Friday
atm35000101,1840,5850,Friday
atm35000102,4315,5815,Friday
atm35000103,2870,5310,Friday
atm35000104,2530,5785,Friday
atm35000105,3585,6820,Friday
atm35000106,4005,4540,Friday
atm35000107,3025,3660,Friday
atm35000108,5320,3515,Friday
atm35000109,4985,4555,Friday
atm35000110,6320,3405,Friday
atm35000111,4455,4880,Friday
atm35000112,4400,5660,Friday
atm35000113,6380,3255,Friday
atm35000114,6080,6220,Friday
atm35000115,1350,5255,Friday
atm35000116,3185,4190,Friday
atm35000117,5955,5350,Friday
atm35000118,5685,6570,Friday
atm35000119,5265,4505,Friday
atm35000120,2700,5185,Friday
atm35000121,5305,3475,Friday
atm35000122,4620,5040,Friday
atm35000123,6585,6185,Friday
atm35000124,4690,5000,Friday
atm35000125,4130,5415,Friday
atm35000126,4090,4195,Friday
atm35000127,3140,6425,Friday
atm35000128,4465,4070,Friday
atm35000129,3035,4105,Friday
atm35000130,5710,4370,Friday
atm35000131,3980,5340,Friday
atm35000132,3075,5215,Friday
atm35000133,2350,4770,Friday
atm35000134,5620,4610,Friday
atm35000135,5560,5795,Friday
atm35000136,5140,6295,Friday
atm35000137,2980,4490,Friday
atm35000138,4455,5160,Friday
atm35000139,3345,5075,Friday
atm35000140,6010,3480,Friday
atm35000141,1900,5770,Friday
atm35000142,6010,5225,Friday
atm35000143,2880,5650,Friday
atm35000144,3645,5290,Friday
atm35000145,3375,4225,Friday
atm35000146,6000,4105,Friday
atm35000147,4000,5605,Friday
atm35000148,5845,4700,Friday
atm35000149,5925,4380,Friday
atm35000150,3165,4065,Friday
atm35000151,6125,5495,Friday
atm35000152,4560,3070,Friday
atm35000153,5510,3460,Friday
atm35000154,4020,4220,Friday
atm35000155,3935,4835,Friday
atm35000156,3180,2725,Friday
atm35000157,4325,4355,Friday
atm35000158,3365,5100,Friday
atm35000159,2040,2370,Friday
atm35000160,5260,3905,Friday
atm35000161,6910,4440,Friday
atm35000162,4355,5335,Friday
atm35000163,4445,5750,Friday
atm35000164,5050,3865,Friday
atm35000165,4695,5365,Friday
atm35000166,3295,4495,Friday
atm35000167,4200,6565,Friday
atm35000168,5015,4755,Friday
atm35000169,3020,3230,Friday
atm35000170,4880,4220,Friday
atm35000171,4230,6180,Friday
atm35000172,3390,3310,Friday
atm35000173,3805,5305,Friday
atm35000174,5550,6275,Friday
atm35000175,4060,6115,Friday
atm35000176,4140,4160,Friday
atm35000177,6585,3785,Friday
atm35000178,4125,3290,Friday
atm35000179,4505,6945,Friday
atm35000180,4040,6095,Friday
atm35000181,5675,5380,Friday
atm35000182,3815,3005,Friday
atm35000183,3065,4025,Friday
atm35000184,2435,6440,Friday
atm35000185,4905,4075,Friday
atm35000186,3585,4655,Friday
atm35000187,4670,3975,Friday
atm35000188,5095,2930,Friday
atm35000189,4230,5370,Friday
atm35000190,1890,6080,Friday
atm35000191,3930,4140,Friday
atm35000192,7230,3370,Friday
atm35000193,1990,5645,Friday
atm35000194,4830,4675,Friday
atm35000195,5145,4975,Friday
atm35000196,5885,5690,Friday
atm35000197,5955,5955,Friday
atm35000198,5130,6450,Friday
atm35000199,4680,4780,Friday
atm35000200,5555,6925,Friday
atm35000201,1965,5670,Friday
atm35000202,4720,3735,Friday
atm35000203,3200,4790,Friday
atm35000204,3775,5240,Friday
atm35000205,5185,4450,Friday
atm35000206,4065,6265,Friday
atm35000207,5285,5010,Friday
atm35000208,2180,2940,Friday
atm35000209,3375,4985,Friday
atm35000210,2460,4290,Friday
atm35000211,2385,3190,Friday
atm35000212,2740,3885,Friday
atm35000213,4075,5500,Friday
atm35000214,1695,4810,Friday
atm35000215,3065,5245,Friday
atm35000216,3970,4375,Friday
atm35000217,2410,4105,Friday
atm35000218,4910,4055,Friday
atm35000219,5355,4295,Friday
atm35000220,2550,5475,Friday
atm35000221,4890,4145,Friday
atm35000222,2680,4835,Friday
atm35000223,2165,5875,Friday
atm35000224,3080,3135,Friday
atm35000225,5030,3025,Friday
atm35000226,2070,4630,Friday
atm35000227,4255,5475,Friday
atm35000228,3060,4740,Friday
atm35000229,3050,4920,Friday
atm35000265,6030,5055,Friday
atm35000266,5065,5210,Friday
atm35000267,2175,4280,Friday
atm35000268,5180,4910,Friday
atm35000269,2670,6675,Friday
atm35000270,2825,4350,Friday
atm35000271,4395,5650,Friday
atm35000272,5840,5650,Friday
atm35000273,6240,6300,Friday
atm35000274,4070,4725,Friday
atm35000275,4875,5705,Friday
atm35000276,3175,4390,Friday
atm35000277,4225,7400,Friday
atm35000278,5780,2200,Friday
atm35000279,5680,5060,Friday
atm35000280,3425,3875,Friday
atm35000281,3825,4710,Friday
atm35000282,4865,3030,Friday
atm35000283,5500,3275,Friday
atm35000284,5155,3310,Friday
atm35000285,3065,3715,Friday
atm35000286,3345,4735,Friday
atm35000287,4000,5045,Friday
atm35000288,4145,5945,Friday
atm35000289,5315,3885,Friday
atm35000290,5100,5030,Friday
atm35000291,3145,3750,Friday
atm35000292,2545,3775,Friday
atm35000293,6840,4435,Friday
atm35000294,1905,4540,Friday
atm35000295,5070,5415,Friday
atm35000296,2420,3215,Friday
atm35000297,4595,3515,Friday
atm35000298,1660,4135,Friday
atm35000299,3650,6020,Friday
atm35000300,5430,6270,Friday
atm35000301,3260,5465,Friday
atm35000302,3460,5015,Friday
atm35000303,2920,4895,Friday
atm35000304,3590,3745,Friday
atm35000305,1925,7200,Friday
atm35000306,2770,5180,Friday
atm35000307,6440,5505,Friday
atm35000308,3805,5850,Friday
atm35000309,4950,5835,Friday
atm35000310,4795,4500,Friday
atm35000311,4020,3485,Friday
atm35000312,4900,4155,Friday
atm35000313,5180,6620,Friday
atm35000314,4950,7035,Friday
atm35000315,2810,3485,Friday
atm35000316,4670,4200,Friday
atm35000317,5175,4620,Friday
atm35000318,5895,6545,Friday
atm35000319,3030,4050,Friday
atm35000320,2305,4020,Friday
atm35000321,3460,3850,Friday
atm35000322,3350,4940,Friday
atm35000323,4630,4420,Friday
atm35000324,2875,5690,Friday
atm35000325,5515,4505,Friday
atm35000326,1760,3235,Friday
atm35000327,3715,4560,Friday
atm35000328,2395,3420,Friday
atm35000329,4330,5420,Friday
atm35000330,5665,5535,Friday
atm35000331,6480,5840,Friday
atm35000332,3990,6890,Friday
atm35000333,4590,3440,Friday
atm35000334,2090,4050,Friday
atm35000335,4345,5015,Friday
atm35000336,6380,3415,Friday
atm35000337,3310,6565,Friday
atm35000338,3480,4020,Friday
atm35000339,6275,5165,Friday
atm35000340,4105,5495,Friday
atm35000341,2445,5190,Friday
atm35000342,3640,4700,Friday
atm35000343,4720,5090,Friday
atm35000344,4960,4420,Friday
atm35000345,2365,4280,Friday
atm35000346,4370,6340,Friday
atm35000347,2895,5065,Friday
atm35000348,4160,5140,Friday
atm35000349,4420,4230,Friday
atm35000350,3675,7030,Friday
atm35000351,3665,4880,Friday
atm35000352,3425,5500,Friday
atm35000353,5445,5915,Friday
atm35000354,1495,5130,Friday
atm35000355,4860,3385,Friday
atm35000356,5305,6530,Friday
atm35000357,3040,4870,Friday
atm35000358,4325,5070,Friday
atm0,0,0,Saturday
atm350001,1000,235,Saturday
atm350002,900,0,Saturday
atm350003,210,5,Saturday
atm350004,5,475,Saturday
atm350005,205,1375,Saturday
atm350006,515,200,Saturday
atm350007,835,0,Saturday
atm350008,1225,795,Saturday
atm350009,215,615,Saturday
atm3500010,4910,6330,Saturday
atm3500011,275,475,Saturday
atm3500012,1020,935,Saturday
atm3500013,715,1290,Saturday
atm3500014,50,1460,Saturday
atm3500015,830,0,Saturday
atm3500016,390,700,Saturday
atm3500017,1205,105,Saturday
atm3500018,1090,1715,Saturday
atm3500019,380,915,Saturday
atm3500020,1450,220,Saturday
atm3500021,375,1025,Saturday
atm3500022,620,265,Saturday
atm3500023,660,735,Saturday
atm3500024,25,870,Saturday
atm3500025,315,760,Saturday
atm3500026,280,810,Saturday
atm3500027,1210,945,Saturday
atm3500028,50,1415,Saturday
atm3500029,1340,985,Saturday
atm3500030,485,495,Saturday
atm3500031,285,925,Saturday
atm3500032,1280,600,Saturday
atm3500033,105,760,Saturday
atm3500034,435,0,Saturday
atm3500035,695,250,Saturday
atm3500062,235,1125,Saturday
atm3500063,50,840,Saturday
atm3500064,370,1440,Saturday
atm3500065,560,405,Saturday
atm35000230,695,310,Saturday
atm35000231,2185,865,Saturday
atm35000232,430,1180,Saturday
atm35000233,165,1240,Saturday
atm35000234,435,1140,Saturday
atm35000235,995,670,Saturday
atm35000236,345,495,Saturday
atm35000237,290,490,Saturday
atm35000238,755,1010,Saturday
atm35000239,1085,1510,Saturday
atm35000240,645,1310,Saturday
atm35000241,0,175,Saturday
atm35000242,200,210,Saturday
atm35000243,320,595,Saturday
atm35000244,1005,220,Saturday
atm35000245,630,930,Saturday
atm35000246,510,120,Saturday
atm35000247,1005,475,Saturday
atm35000248,365,975,Saturday
atm35000249,635,100,Saturday
atm35000250,1725,1160,Saturday
atm35000251,165,235,Saturday
atm35000252,675,1500,Saturday
atm35000253,455,200,Saturday
atm35000254,800,1765,Saturday
atm35000255,1205,1400,Saturday
atm35000256,125,1930,Saturday
atm35000257,170,555,Saturday
atm35000258,905,725,Saturday
atm35000259,315,1140,Saturday
atm35000260,165,1135,Saturday
atm35000261,160,790,Saturday
atm35000262,405,1270,Saturday
atm35000263,970,1160,Saturday
atm35000264,615,1345,Saturday
atm3500036,1300,400,Saturday
atm3500037,660,210,Saturday
atm3500038,635,0,Saturday
atm3500039,1155,0,Saturday
atm3500040,85,1080,Saturday
atm3500041,415,910,Saturday
atm3500042,1315,180,Saturday
atm3500043,950,0,Saturday
atm3500044,205,515,Saturday
atm3500045,465,720,Saturday
atm3500046,320,870,Saturday
atm3500047,0,290,Saturday
atm3500048,310,160,Saturday
atm3500049,1280,360,Saturday
atm3500050,980,370,Saturday
atm3500051,310,40,Saturday
atm3500052,0,1225,Saturday
atm3500053,20,0,Saturday
atm3500054,705,210,Saturday
atm3500055,615,980,Saturday
atm3500056,4100,6330,Saturday
atm3500057,770,250,Saturday
atm3500058,275,830,Saturday
atm3500059,245,0,Saturday
atm3500060,0,35,Saturday
atm3500061,975,415,Saturday
atm3500066,760,995,Saturday
atm3500067,100,40,Saturday
atm3500068,0,245,Saturday
atm3500069,30,930,Saturday
atm3500070,50,980,Saturday
atm3500071,950,945,Saturday
atm3500072,670,570,Saturday
atm3500073,970,800,Saturday
atm3500074,670,5,Saturday
atm3500075,1555,910,Saturday
atm3500076,4275,5065,Saturday
atm3500077,100,710,Saturday
atm3500078,220,720,Saturday
atm3500079,10,625,Saturday
atm3500080,55,700,Saturday
atm3500081,1275,910,Saturday
atm3500082,590,425,Saturday
atm3500083,5560,6955,Saturday
atm3500084,910,375,Saturday
atm3500085,985,1015,Saturday
atm3500086,750,100,Saturday
atm3500087,5985,6285,Saturday
atm3500088,1335,325,Saturday
atm3500089,1330,200,Saturday
atm3500090,120,0,Saturday
atm3500091,560,1235,Saturday
atm3500092,100,1080,Saturday
atm3500093,980,200,Saturday
atm3500094,580,460,Saturday
atm3500095,0,1690,Saturday
atm3500096,980,1440,Saturday
atm3500097,880,0,Saturday
atm3500098,345,0,Saturday
atm3500099,560,1145,Saturday
atm35000100,630,120,Saturday
atm35000101,400,740,Saturday
atm35000102,105,570,Saturday
atm35000103,1090,1220,Saturday
atm35000104,505,100,Saturday
atm35000105,1280,525,Saturday
atm35000106,620,535,Saturday
atm35000107,660,1320,Saturday
atm35000108,1195,5,Saturday
atm35000109,950,0,Saturday
atm35000110,95,850,Saturday
atm35000111,0,750,Saturday
atm35000112,1465,280,Saturday
atm35000113,1185,1455,Saturday
atm35000114,1065,500,Saturday
atm35000115,165,1380,Saturday
atm35000116,20,600,Saturday
atm35000117,165,165,Saturday
atm35000118,650,755,Saturday
atm35000119,830,1040,Saturday
atm35000120,880,615,Saturday
atm35000121,145,220,Saturday
atm35000122,0,1335,Saturday
atm35000123,120,930,Saturday
atm35000124,5415,5000,Saturday
atm35000125,210,685,Saturday
atm35000126,505,0,Saturday
atm35000127,475,960,Saturday
atm35000128,755,830,Saturday
atm35000129,500,910,Saturday
atm35000130,1500,530,Saturday
atm35000131,360,300,Saturday
atm35000132,590,870,Saturday
atm35000133,525,440,Saturday
atm35000134,780,605,Saturday
atm35000135,1105,1705,Saturday
atm35000136,365,955,Saturday
atm35000137,640,1005,Saturday
atm35000138,400,0,Saturday
atm35000139,310,265,Saturday
atm35000140,10,1280,Saturday
atm35000141,0,1090,Saturday
atm35000142,50,770,Saturday
atm35000143,895,1620,Saturday
atm35000144,390,0,Saturday
atm35000145,710,20,Saturday
atm35000146,980,715,Saturday
atm35000147,1450,215,Saturday
atm35000148,70,1235,Saturday
atm35000149,265,50,Saturday
atm35000150,475,1160,Saturday
atm35000151,1520,200,Saturday
atm35000152,325,545,Saturday
atm35000153,0,970,Saturday
atm35000154,830,460,Saturday
atm35000155,265,970,Saturday
atm35000156,385,205,Saturday
atm35000157,580,1545,Saturday
atm35000158,300,725,Saturday
atm35000159,590,770,Saturday
atm35000160,220,900,Saturday
atm35000161,635,2080,Saturday
atm35000162,1060,665,Saturday
atm35000163,500,1070,Saturday
atm35000164,610,625,Saturday
atm35000165,660,740,Saturday
atm35000166,1330,1795,Saturday
atm35000167,4430,6250,Saturday
atm35000168,4410,7555,Saturday
atm35000169,200,1265,Saturday
atm35000170,450,655,Saturday
atm35000171,205,510,Saturday
atm35000172,1010,865,Saturday
atm35000173,1040,515,Saturday
atm35000174,670,160,Saturday
atm35000175,435,430,Saturday
atm35000176,635,260,Saturday
atm35000177,825,1580,Saturday
atm35000178,650,545,Saturday
atm35000179,890,370,Saturday
atm35000180,100,440,Saturday
atm35000181,425,1280,Saturday
atm35000182,470,110,Saturday
atm35000183,860,1715,Saturday
atm35000184,1025,1020,Saturday
atm35000185,290,1040,Saturday
atm35000186,615,225,Saturday
atm35000187,940,1200,Saturday
atm35000188,430,765,Saturday
atm35000189,1105,225,Saturday
atm35000190,20,190,Saturday
atm35000191,770,1370,Saturday
atm35000192,275,220,Saturday
atm35000193,320,705,Saturday
atm35000194,0,995,Saturday
atm35000195,70,740,Saturday
atm35000196,1025,1055,Saturday
atm35000197,670,225,Saturday
atm35000198,390,845,Saturday
atm35000199,105,1755,Saturday
atm35000200,115,1425,Saturday
atm35000201,940,820,Saturday
atm35000202,1775,635,Saturday
atm35000203,635,0,Saturday
atm35000204,1490,0,Saturday
atm35000205,0,0,Saturday
atm35000206,6175,5090,Saturday
atm35000207,410,1110,Saturday
atm35000208,355,590,Saturday
atm35000209,310,650,Saturday
atm35000210,930,5,Saturday
atm35000211,1020,825,Saturday
atm35000212,470,870,Saturday
atm35000213,505,260,Saturday
atm35000214,750,1685,Saturday
atm35000215,1190,365,Saturday
atm35000216,1150,385,Saturday
atm35000217,1080,275,Saturday
atm35000218,420,375,Saturday
atm35000219,1015,320,Saturday
atm35000220,420,1455,Saturday
atm35000221,795,355,Saturday
atm35000222,55,260,Saturday
atm35000223,845,170,Saturday
atm35000224,0,615,Saturday
atm35000225,245,825,Saturday
atm35000226,705,605,Saturday
atm35000227,3445,5495,Saturday
atm35000228,290,510,Saturday
atm35000229,1230,1310,Saturday
atm35000265,780,855,Saturday
atm35000266,1620,20,Saturday
atm35000267,775,160,Saturday
atm35000268,610,845,Saturday
atm35000269,0,0,Saturday
atm35000270,270,560,Saturday
atm35000271,0,570,Saturday
atm35000272,3555,5605,Saturday
atm35000273,10,1365,Saturday
atm35000274,3350,7465,Saturday
atm35000275,3880,6240,Saturday
atm35000276,55,1095,Saturday
atm35000277,935,0,Saturday
atm35000278,20,60,Saturday
atm35000279,100,920,Saturday
atm35000280,330,1000,Saturday
atm35000281,260,1060,Saturday
atm35000282,0,0,Saturday
atm35000283,1420,895,Saturday
atm35000284,45,1075,Saturday
atm35000285,20,485,Saturday
atm35000286,770,620,Saturday
atm35000287,565,560,Saturday
atm35000288,815,1395,Saturday
atm35000289,555,675,Saturday
atm35000290,820,260,Saturday
atm35000291,20,120,Saturday
atm35000292,370,0,Saturday
atm35000293,950,1025,Saturday
atm35000294,935,1315,Saturday
atm35000295,1015,515,Saturday
atm35000296,905,265,Saturday
atm35000297,700,0,Saturday
atm35000298,230,985,Saturday
atm35000299,1280,900,Saturday
atm35000300,510,260,Saturday
atm35000301,770,640,Saturday
atm35000302,1085,1495,Saturday
atm35000303,1200,0,Saturday
atm35000304,1065,705,Saturday
atm35000305,150,1170,Saturday
atm35000306,1240,670,Saturday
atm35000307,5,425,Saturday
atm35000308,230,1000,Saturday
atm35000309,1005,230,Saturday
atm35000310,740,1255,Saturday
atm35000311,20,1125,Saturday
atm35000312,230,880,Saturday
atm35000313,1005,620,Saturday
atm35000314,6695,4465,Saturday
atm35000315,0,415,Saturday
atm35000316,100,365,Saturday
atm35000317,5435,5670,Saturday
atm35000318,915,825,Saturday
atm35000319,575,845,Saturday
atm35000320,1570,35,Saturday
atm35000321,280,480,Saturday
atm35000322,450,520,Saturday
atm35000323,790,1630,Saturday
atm35000324,275,470,Saturday
atm35000325,1105,970,Saturday
atm35000326,1240,1110,Saturday
atm35000327,945,885,Saturday
atm35000328,100,225,Saturday
atm35000329,905,1325,Saturday
atm35000330,220,830,Saturday
atm35000331,340,0,Saturday
atm35000332,230,1030,Saturday
atm35000333,1050,1880,Saturday
atm35000334,1435,875,Saturday
atm35000335,170,700,Saturday
atm35000336,1155,0,Saturday
atm35000337,70,400,Saturday
atm35000338,1665,95,Saturday
atm35000339,3865,5655,Saturday
atm35000340,900,1055,Saturday
atm35000341,655,545,Saturday
atm35000342,2145,900,Saturday
atm35000343,410,1680,Saturday
atm35000344,900,1435,Saturday
atm35000345,275,260,Saturday
atm35000346,1750,565,Saturday
atm35000347,1555,325,Saturday
atm35000348,705,20,Saturday
atm35000349,360,295,Saturday
atm35000350,785,1005,Saturday
atm35000351,820,965,Saturday
atm35000352,1000,35,Saturday
atm35000353,695,105,Saturday
atm35000354,960,625,Saturday
atm35000355,680,1085,Saturday
atm35000356,5050,6015,Saturday
atm35000357,635,0,Saturday
atm35000358,1175,695,Saturday
atm0,0,0,Saturday
atm350001,600,230,Saturday
atm350002,270,1045,Saturday
atm350003,1350,125,Saturday
atm350004,0,275,Saturday
atm350005,530,370,Saturday
atm350006,1360,160,Saturday
atm350007,625,765,Saturday
atm350008,1530,800,Saturday
atm350009,1415,995,Saturday
atm3500010,6375,7100,Saturday
atm3500011,640,1155,Saturday
atm3500012,325,765,Saturday
atm3500013,335,1500,Saturday
atm3500014,685,1385,Saturday
atm3500015,930,995,Saturday
atm3500016,1305,0,Saturday
atm3500017,635,1225,Saturday
atm3500018,455,575,Saturday
atm3500019,495,605,Saturday
atm3500020,0,840,Saturday
atm3500021,100,175,Saturday
atm3500022,755,960,Saturday
atm3500023,1400,340,Saturday
atm3500024,960,1010,Saturday
atm3500025,1345,1270,Saturday
atm3500026,890,0,Saturday
atm3500027,535,0,Saturday
atm3500028,0,1280,Saturday
atm3500029,215,175,Saturday
atm3500030,20,180,Saturday
atm3500031,585,935,Saturday
atm3500032,530,910,Saturday
atm3500033,410,915,Saturday
atm3500034,460,1115,Saturday
atm3500035,1100,1170,Saturday
atm3500062,395,100,Saturday
atm3500063,5,720,Saturday
atm3500064,1260,270,Saturday
atm3500065,0,755,Saturday
atm35000230,1180,150,Saturday
atm35000231,440,60,Saturday
atm35000232,0,180,Saturday
atm35000233,270,85,Saturday
atm35000234,640,10,Saturday
atm35000235,250,265,Saturday
atm35000236,495,0,Saturday
atm35000237,1735,305,Saturday
atm35000238,0,410,Saturday
atm35000239,760,0,Saturday
atm35000240,955,425,Saturday
atm35000241,160,160,Saturday
atm35000242,305,825,Saturday
atm35000243,1100,160,Saturday
atm35000244,665,390,Saturday
atm35000245,390,1235,Saturday
atm35000246,420,1770,Saturday
atm35000247,1395,650,Saturday
atm35000248,550,715,Saturday
atm35000249,700,150,Saturday
atm35000250,1110,1660,Saturday
atm35000251,795,955,Saturday
atm35000252,270,1355,Saturday
atm35000253,445,560,Saturday
atm35000254,50,570,Saturday
atm35000255,1420,645,Saturday
atm35000256,955,205,Saturday
atm35000257,220,10,Saturday
atm35000258,345,225,Saturday
atm35000259,685,865,Saturday
atm35000260,770,525,Saturday
atm35000261,320,1805,Saturday
atm35000262,435,210,Saturday
atm35000263,1285,1020,Saturday
atm35000264,0,575,Saturday
atm3500036,560,795,Saturday
atm3500037,655,1405,Saturday
atm3500038,480,240,Saturday
atm3500039,440,585,Saturday
atm3500040,375,655,Saturday
atm3500041,745,840,Saturday
atm3500042,470,150,Saturday
atm3500043,0,890,Saturday
atm3500044,1015,1015,Saturday
atm3500045,0,205,Saturday
atm3500046,405,270,Saturday
atm3500047,480,795,Saturday
atm3500048,730,1290,Saturday
atm3500049,520,1090,Saturday
atm3500050,110,1035,Saturday
atm3500051,0,280,Saturday
atm3500052,125,735,Saturday
atm3500053,1065,295,Saturday
atm3500054,640,0,Saturday
atm3500055,980,910,Saturday
atm3500056,6385,5110,Saturday
atm3500057,100,340,Saturday
atm3500058,910,765,Saturday
atm3500059,440,520,Saturday
atm3500060,370,820,Saturday
atm3500061,745,290,Saturday
atm3500066,1085,1195,Saturday
atm3500067,710,120,Saturday
atm3500068,720,755,Saturday
atm3500069,285,1025,Saturday
atm3500070,5,1235,Saturday
atm3500071,800,60,Saturday
atm3500072,1095,955,Saturday
atm3500073,925,655,Saturday
atm3500074,1315,830,Saturday
atm3500075,280,1130,Saturday
atm3500076,6195,5580,Saturday
atm3500077,555,225,Saturday
atm3500078,215,1160,Saturday
atm3500079,1655,110,Saturday
atm3500080,280,10,Saturday
atm3500081,665,250,Saturday
atm3500082,1135,10,Saturday
atm3500083,5005,6720,Saturday
atm3500084,490,580,Saturday
atm3500085,775,250,Saturday
atm3500086,690,5,Saturday
atm3500087,6570,5540,Saturday
atm3500088,1635,1085,Saturday
atm3500089,860,1030,Saturday
atm3500090,1035,120,Saturday
atm3500091,210,45,Saturday
atm3500092,1305,565,Saturday
atm3500093,375,780,Saturday
atm3500094,990,730,Saturday
atm3500095,440,455,Saturday
atm3500096,885,615,Saturday
atm3500097,160,1210,Saturday
atm3500098,515,615,Saturday
atm3500099,715,1040,Saturday
atm35000100,495,955,Saturday
atm35000101,800,245,Saturday
atm35000102,1585,550,Saturday
atm35000103,700,0,Saturday
atm35000104,660,465,Saturday
atm35000105,470,1140,Saturday
atm35000106,695,780,Saturday
atm35000107,0,1025,Saturday
atm35000108,0,810,Saturday
atm35000109,0,50,Saturday
atm35000110,945,1265,Saturday
atm35000111,0,585,Saturday
atm35000112,120,575,Saturday
atm35000113,1085,325,Saturday
atm35000114,265,345,Saturday
atm35000115,625,1335,Saturday
atm35000116,220,340,Saturday
atm35000117,880,1215,Saturday
atm35000118,420,915,Saturday
atm35000119,715,325,Saturday
atm35000120,70,410,Saturday
atm35000121,800,1410,Saturday
atm35000122,1295,85,Saturday
atm35000123,1480,1085,Saturday
atm35000124,4635,4345,Saturday
atm35000125,380,540,Saturday
atm35000126,250,775,Saturday
atm35000127,1275,50,Saturday
atm35000128,105,1265,Saturday
atm35000129,1365,665,Saturday
atm35000130,940,200,Saturday
atm35000131,380,660,Saturday
atm35000132,665,355,Saturday
atm35000133,395,1295,Saturday
atm35000134,1145,1220,Saturday
atm35000135,1060,515,Saturday
atm35000136,1440,15,Saturday
atm35000137,615,980,Saturday
atm35000138,1995,830,Saturday
atm35000139,410,1010,Saturday
atm35000140,280,1640,Saturday
atm35000141,10,825,Saturday
atm35000142,1035,150,Saturday
atm35000143,425,740,Saturday
atm35000144,645,430,Saturday
atm35000145,700,1160,Saturday
atm35000146,120,360,Saturday
atm35000147,105,450,Saturday
atm35000148,605,545,Saturday
atm35000149,625,120,Saturday
atm35000150,1550,1350,Saturday
atm35000151,1315,440,Saturday
atm35000152,1200,1455,Saturday
atm35000153,675,350,Saturday
atm35000154,530,885,Saturday
atm35000155,445,1385,Saturday
atm35000156,10,855,Saturday
atm35000157,965,1030,Saturday
atm35000158,100,825,Saturday
atm35000159,250,990,Saturday
atm35000160,780,1090,Saturday
atm35000161,1145,665,Saturday
atm35000162,640,5,Saturday
atm35000163,215,50,Saturday
atm35000164,960,800,Saturday
atm35000165,355,325,Saturday
atm35000166,230,985,Saturday
atm35000167,6695,4710,Saturday
atm35000168,6280,4925,Saturday
atm35000169,450,230,Saturday
atm35000170,710,1060,Saturday
atm35000171,310,880,Saturday
atm35000172,510,915,Saturday
atm35000173,1170,545,Saturday
atm35000174,75,1305,Saturday
atm35000175,220,1460,Saturday
atm35000176,375,750,Saturday
atm35000177,1055,110,Saturday
atm35000178,795,735,Saturday
atm35000179,400,940,Saturday
atm35000180,355,475,Saturday
atm35000181,345,255,Saturday
atm35000182,20,20,Saturday
atm35000183,1545,715,Saturday
atm35000184,225,755,Saturday
atm35000185,215,0,Saturday
atm35000186,1410,620,Saturday
atm35000187,340,470,Saturday
atm35000188,400,410,Saturday
atm35000189,860,1600,Saturday
atm35000190,110,425,Saturday
atm35000191,250,865,Saturday
atm35000192,290,730,Saturday
atm35000193,1025,1320,Saturday
atm35000194,1375,565,Saturday
atm35000195,855,365,Saturday
atm35000196,1200,0,Saturday
atm35000197,20,875,Saturday
atm35000198,70,255,Saturday
atm35000199,775,675,Saturday
atm35000200,640,5,Saturday
atm35000201,215,1330,Saturday
atm35000202,400,1100,Saturday
atm35000203,775,1300,Saturday
atm35000204,1005,860,Saturday
atm35000205,465,235,Saturday
atm35000206,4525,6950,Saturday
atm35000207,235,505,Saturday
atm35000208,590,870,Saturday
atm35000209,710,75,Saturday
atm35000210,1305,910,Saturday
atm35000211,290,55,Saturday
atm35000212,200,730,Saturday
atm35000213,485,50,Saturday
atm35000214,680,675,Saturday
atm35000215,280,1610,Saturday
atm35000216,1205,1330,Saturday
atm35000217,1415,0,Saturday
atm35000218,265,130,Saturday
atm35000219,865,10,Saturday
atm35000220,805,715,Saturday
atm35000221,280,565,Saturday
atm35000222,835,500,Saturday
atm35000223,970,735,Saturday
atm35000224,665,95,Saturday
atm35000225,615,575,Saturday
atm35000226,25,855,Saturday
atm35000227,5635,5725,Saturday
atm35000228,975,0,Saturday
atm35000229,490,840,Saturday
atm35000265,0,620,Saturday
atm35000266,260,435,Saturday
atm35000267,320,575,Saturday
atm35000268,1145,520,Saturday
atm35000269,630,1345,Saturday
atm35000270,1540,445,Saturday
atm35000271,560,695,Saturday
atm35000272,4285,6360,Saturday
atm35000273,520,5,Saturday
atm35000274,3795,4715,Saturday
atm35000275,4625,5775,Saturday
atm35000276,1515,80,Saturday
atm35000277,185,155,Saturday
atm35000278,1300,1025,Saturday
atm35000279,10,300,Saturday
atm35000280,1595,910,Saturday
atm35000281,915,560,Saturday
atm35000282,1040,520,Saturday
atm35000283,540,5,Saturday
atm35000284,270,350,Saturday
atm35000285,995,265,Saturday
atm35000286,1220,845,Saturday
atm35000287,1260,415,Saturday
atm35000288,200,70,Saturday
atm35000289,890,710,Saturday
atm35000290,0,0,Saturday
atm35000291,1295,625,Saturday
atm35000292,665,990,Saturday
atm35000293,545,485,Saturday
atm35000294,825,435,Saturday
atm35000295,380,775,Saturday
atm35000296,1035,10,Saturday
atm35000297,1335,530,Saturday
atm35000298,290,100,Saturday
atm35000299,100,900,Saturday
atm35000300,1015,560,Saturday
atm35000301,570,345,Saturday
atm35000302,235,750,Saturday
atm35000303,120,580,Saturday
atm35000304,450,755,Saturday
atm35000305,155,1235,Saturday
atm35000306,1330,465,Saturday
atm35000307,10,1260,Saturday
atm35000308,1250,690,Saturday
atm35000309,410,1070,Saturday
atm35000310,0,660,Saturday
atm35000311,250,345,Saturday
atm35000312,595,1125,Saturday
atm35000313,1040,1420,Saturday
atm35000314,6795,7395,Saturday
atm35000315,130,105,Saturday
atm35000316,865,1045,Saturday
atm35000317,5205,4785,Saturday
atm35000318,945,1080,Saturday
atm35000319,0,870,Saturday
atm35000320,375,120,Saturday
atm35000321,810,795,Saturday
atm35000322,120,700,Saturday
atm35000323,140,560,Saturday
atm35000324,20,215,Saturday
atm35000325,320,25,Saturday
atm35000326,590,780,Saturday
atm35000327,320,1550,Saturday
atm35000328,745,960,Saturday
atm35000329,1800,70,Saturday
atm35000330,550,935,Saturday
atm35000331,870,195,Saturday
atm35000332,1225,545,Saturday
atm35000333,1265,250,Saturday
atm35000334,590,1010,Saturday
atm35000335,355,0,Saturday
atm35000336,780,780,Saturday
atm35000337,10,55,Saturday
atm35000338,135,970,Saturday
atm35000339,5395,4715,Saturday
atm35000340,120,490,Saturday
atm35000341,500,1245,Saturday
atm35000342,315,525,Saturday
atm35000343,880,420,Saturday
atm35000344,335,775,Saturday
atm35000345,1180,520,Saturday
atm35000346,530,895,Saturday
atm35000347,800,905,Saturday
atm35000348,285,375,Saturday
atm35000349,1245,565,Saturday
atm35000350,700,820,Saturday
atm35000351,200,715,Saturday
atm35000352,995,500,Saturday
atm35000353,630,905,Saturday
atm35000354,280,55,Saturday
atm35000355,470,620,Saturday
atm35000356,4440,4750,Saturday
atm35000357,1140,220,Saturday
atm35000358,460,740,Saturday
atm0,0,0,Saturday
atm350001,1120,325,Saturday
atm350002,310,1775,Saturday
atm350003,300,0,Saturday
atm350004,1105,1225,Saturday
atm350005,205,465,Saturday
atm350006,970,830,Saturday
atm350007,250,600,Saturday
atm350008,830,1360,Saturday
atm350009,1790,850,Saturday
atm3500010,4785,6055,Saturday
atm3500011,270,590,Saturday
atm3500012,355,520,Saturday
atm3500013,50,235,Saturday
atm3500014,65,1530,Saturday
atm3500015,310,885,Saturday
atm3500016,280,1675,Saturday
atm3500017,370,560,Saturday
atm3500018,10,250,Saturday
atm3500019,380,225,Saturday
atm3500020,535,400,Saturday
atm3500021,100,80,Saturday
atm3500022,1620,1005,Saturday
atm3500023,670,0,Saturday
atm3500024,120,1230,Saturday
atm3500025,1815,625,Saturday
atm3500026,250,970,Saturday
atm3500027,1705,60,Saturday
atm3500028,865,390,Saturday
atm3500029,850,1145,Saturday
atm3500030,470,220,Saturday
atm3500031,955,50,Saturday
atm3500032,230,960,Saturday
atm3500033,420,605,Saturday
atm3500034,1210,675,Saturday
atm3500035,695,1075,Saturday
atm3500062,605,535,Saturday
atm3500063,1055,10,Saturday
atm3500064,135,825,Saturday
atm3500065,105,955,Saturday
atm35000230,625,930,Saturday
atm35000231,910,115,Saturday
atm35000232,510,840,Saturday
atm35000233,5,1560,Saturday
atm35000234,715,1110,Saturday
atm35000235,535,600,Saturday
atm35000236,1290,1130,Saturday
atm35000237,780,585,Saturday
atm35000238,815,685,Saturday
atm35000239,485,840,Saturday
atm35000240,325,0,Saturday
atm35000241,860,1365,Saturday
atm35000242,815,1030,Saturday
atm35000243,615,1100,Saturday
atm35000244,1310,530,Saturday
atm35000245,790,1375,Saturday
atm35000246,720,590,Saturday
atm35000247,1270,1165,Saturday
atm35000248,855,45,Saturday
atm35000249,245,1370,Saturday
atm35000250,0,450,Saturday
atm35000251,0,990,Saturday
atm35000252,100,135,Saturday
atm35000253,925,770,Saturday
atm35000254,320,70,Saturday
atm35000255,1150,815,Saturday
atm35000256,1390,50,Saturday
atm35000257,1105,605,Saturday
atm35000258,575,940,Saturday
atm35000259,1025,205,Saturday
atm35000260,885,170,Saturday
atm35000261,940,205,Saturday
atm35000262,595,730,Saturday
atm35000263,775,570,Saturday
atm35000264,280,200,Saturday
atm3500036,520,1220,Saturday
atm3500037,0,780,Saturday
atm3500038,675,845,Saturday
atm3500039,0,170,Saturday
atm3500040,150,360,Saturday
atm3500041,835,795,Saturday
atm3500042,1000,475,Saturday
atm3500043,200,480,Saturday
atm3500044,1580,1375,Saturday
atm3500045,665,100,Saturday
atm3500046,435,865,Saturday
atm3500047,805,595,Saturday
atm3500048,230,1365,Saturday
atm3500049,230,0,Saturday
atm3500050,75,490,Saturday
atm3500051,0,1290,Saturday
atm3500052,675,35,Saturday
atm3500053,420,500,Saturday
atm3500054,765,1115,Saturday
atm3500055,915,365,Saturday
atm3500056,5375,5245,Saturday
atm3500057,880,165,Saturday
atm3500058,675,1340,Saturday
atm3500059,1075,25,Saturday
atm3500060,720,230,Saturday
atm3500061,520,0,Saturday
atm3500066,120,680,Saturday
atm3500067,915,1375,Saturday
atm3500068,150,1030,Saturday
atm3500069,205,970,Saturday
atm3500070,55,20,Saturday
atm3500071,1675,70,Saturday
atm3500072,1090,730,Saturday
atm3500073,1670,805,Saturday
atm3500074,790,580,Saturday
atm3500075,820,1210,Saturday
atm3500076,5965,4820,Saturday
atm3500077,585,70,Saturday
atm3500078,745,870,Saturday
atm3500079,1515,550,Saturday
atm3500080,585,630,Saturday
atm3500081,1370,515,Saturday
atm3500082,630,545,Saturday
atm3500083,4630,5325,Saturday
atm3500084,1210,230,Saturday
atm3500085,40,1035,Saturday
atm3500086,595,1590,Saturday
atm3500087,5650,6810,Saturday
atm3500088,1405,235,Saturday
atm3500089,985,1375,Saturday
atm3500090,1495,1090,Saturday
atm3500091,930,420,Saturday
atm3500092,50,865,Saturday
atm3500093,5,335,Saturday
atm3500094,250,510,Saturday
atm3500095,70,210,Saturday
atm3500096,1290,725,Saturday
atm3500097,50,1040,Saturday
atm3500098,295,90,Saturday
atm3500099,1470,0,Saturday
atm35000100,210,1405,Saturday
atm35000101,20,385,Saturday
atm35000102,775,1155,Saturday
atm35000103,1250,1110,Saturday
atm35000104,450,1060,Saturday
atm35000105,330,1290,Saturday
atm35000106,215,570,Saturday
atm35000107,1600,1200,Saturday
atm35000108,910,1165,Saturday
atm35000109,150,405,Saturday
atm35000110,380,600,Saturday
atm35000111,1025,1560,Saturday
atm35000112,305,700,Saturday
atm35000113,970,1085,Saturday
atm35000114,1050,895,Saturday
atm35000115,540,245,Saturday
atm35000116,335,550,Saturday
atm35000117,820,700,Saturday
atm35000118,100,100,Saturday
atm35000119,0,620,Saturday
atm35000120,365,1015,Saturday
atm35000121,805,240,Saturday
atm35000122,940,805,Saturday
atm35000123,65,250,Saturday
atm35000124,5895,5790,Saturday
atm35000125,80,500,Saturday
atm35000126,155,50,Saturday
atm35000127,1855,955,Saturday
atm35000128,400,635,Saturday
atm35000129,515,1215,Saturday
atm35000130,5,0,Saturday
atm35000131,675,1225,Saturday
atm35000132,25,835,Saturday
atm35000133,710,600,Saturday
atm35000134,1040,300,Saturday
atm35000135,270,650,Saturday
atm35000136,690,1035,Saturday
atm35000137,120,60,Saturday
atm35000138,655,230,Saturday
atm35000139,1470,850,Saturday
atm35000140,235,305,Saturday
atm35000141,1500,780,Saturday
atm35000142,700,60,Saturday
atm35000143,230,60,Saturday
atm35000144,440,720,Saturday
atm35000145,1350,1175,Saturday
atm35000146,705,425,Saturday
atm35000147,120,200,Saturday
atm35000148,1705,830,Saturday
atm35000149,840,520,Saturday
atm35000150,65,70,Saturday
atm35000151,465,5,Saturday
atm35000152,635,790,Saturday
atm35000153,785,0,Saturday
atm35000154,95,695,Saturday
atm35000155,1505,0,Saturday
atm35000156,20,1440,Saturday
atm35000157,1185,750,Saturday
atm35000158,200,835,Saturday
atm35000159,655,1325,Saturday
atm35000160,710,270,Saturday
atm35000161,5,190,Saturday
atm35000162,630,555,Saturday
atm35000163,855,265,Saturday
atm35000164,670,230,Saturday
atm35000165,580,330,Saturday
atm35000166,1135,400,Saturday
atm35000167,6500,5830,Saturday
atm35000168,7040,5575,Saturday
atm35000169,60,620,Saturday
atm35000170,405,1100,Saturday
atm35000171,570,1705,Saturday
atm35000172,5,420,Saturday
atm35000173,1070,860,Saturday
atm35000174,410,645,Saturday
atm35000175,435,960,Saturday
atm35000176,440,20,Saturday
atm35000177,1230,700,Saturday
atm35000178,785,1260,Saturday
atm35000179,1185,345,Saturday
atm35000180,105,905,Saturday
atm35000181,855,330,Saturday
atm35000182,1460,1145,Saturday
atm35000183,105,20,Saturday
atm35000184,390,495,Saturday
atm35000185,1735,945,Saturday
atm35000186,720,465,Saturday
atm35000187,1115,195,Saturday
atm35000188,275,670,Saturday
atm35000189,0,225,Saturday
atm35000190,210,630,Saturday
atm35000191,210,255,Saturday
atm35000192,720,85,Saturday
atm35000193,460,1235,Saturday
atm35000194,870,945,Saturday
atm35000195,20,1315,Saturday
atm35000196,1015,575,Saturday
atm35000197,830,480,Saturday
atm35000198,1175,605,Saturday
atm35000199,1450,475,Saturday
atm35000200,400,980,Saturday
atm35000201,650,1160,Saturday
atm35000202,30,910,Saturday
atm35000203,570,190,Saturday
atm35000204,700,610,Saturday
atm35000205,815,1020,Saturday
atm35000206,6065,7150,Saturday
atm35000207,120,635,Saturday
atm35000208,500,635,Saturday
atm35000209,1275,25,Saturday
atm35000210,990,235,Saturday
atm35000211,510,340,Saturday
atm35000212,910,1595,Saturday
atm35000213,45,5,Saturday
atm35000214,20,45,Saturday
atm35000215,395,1275,Saturday
atm35000216,1030,1955,Saturday
atm35000217,660,1175,Saturday
atm35000218,305,705,Saturday
atm35000219,1175,440,Saturday
atm35000220,85,120,Saturday
atm35000221,175,655,Saturday
atm35000222,480,235,Saturday
atm35000223,1015,300,Saturday
atm35000224,20,1075,Saturday
atm35000225,105,605,Saturday
atm35000226,180,490,Saturday
atm35000227,4290,6085,Saturday
atm35000228,735,75,Saturday
atm35000229,240,1190,Saturday
atm35000265,115,0,Saturday
atm35000266,700,465,Saturday
atm35000267,1065,560,Saturday
atm35000268,940,465,Saturday
atm35000269,70,690,Saturday
atm35000270,215,460,Saturday
atm35000271,515,200,Saturday
atm35000272,4920,5765,Saturday
atm35000273,900,35,Saturday
atm35000274,5605,5005,Saturday
atm35000275,4990,6400,Saturday
atm35000276,755,1165,Saturday
atm35000277,1165,910,Saturday
atm35000278,660,1185,Saturday
atm35000279,1310,180,Saturday
atm35000280,10,1485,Saturday
atm35000281,520,1440,Saturday
atm35000282,250,1225,Saturday
atm35000283,720,0,Saturday
atm35000284,510,1060,Saturday
atm35000285,820,1345,Saturday
atm35000286,780,1340,Saturday
atm35000287,400,575,Saturday
atm35000288,250,100,Saturday
atm35000289,1400,520,Saturday
atm35000290,655,1110,Saturday
atm35000291,1620,950,Saturday
atm35000292,440,570,Saturday
atm35000293,255,1150,Saturday
atm35000294,1110,850,Saturday
atm35000295,20,225,Saturday
atm35000296,295,290,Saturday
atm35000297,0,300,Saturday
atm35000298,635,100,Saturday
atm35000299,1520,1075,Saturday
atm35000300,150,170,Saturday
atm35000301,1580,1500,Saturday
atm35000302,790,890,Saturday
atm35000303,520,1165,Saturday
atm35000304,1025,710,Saturday
atm35000305,60,415,Saturday
atm35000306,1160,490,Saturday
atm35000307,1435,10,Saturday
atm35000308,805,390,Saturday
atm35000309,200,1010,Saturday
atm35000310,520,855,Saturday
atm35000311,980,20,Saturday
atm35000312,1035,700,Saturday
atm35000313,250,395,Saturday
atm35000314,3825,5335,Saturday
atm35000315,1220,230,Saturday
atm35000316,580,420,Saturday
atm35000317,5410,5110,Saturday
atm35000318,475,680,Saturday
atm35000319,5,155,Saturday
atm35000320,810,1480,Saturday
atm35000321,75,1170,Saturday
atm35000322,910,925,Saturday
atm35000323,125,120,Saturday
atm35000324,1500,0,Saturday
atm35000325,875,615,Saturday
atm35000326,1860,1625,Saturday
atm35000327,480,920,Saturday
atm35000328,650,640,Saturday
atm35000329,600,360,Saturday
atm35000330,70,210,Saturday
atm35000331,1900,355,Saturday
atm35000332,0,175,Saturday
atm35000333,1285,1345,Saturday
atm35000334,225,1110,Saturday
atm35000335,480,1390,Saturday
atm35000336,730,150,Saturday
atm35000337,0,625,Saturday
atm35000338,425,730,Saturday
atm35000339,6595,5545,Saturday
atm35000340,855,1175,Saturday
atm35000341,1250,420,Saturday
atm35000342,715,535,Saturday
atm35000343,825,0,Saturday
atm35000344,780,600,Saturday
atm35000345,55,1455,Saturday
atm35000346,975,200,Saturday
atm35000347,1130,575,Saturday
atm35000348,530,225,Saturday
atm35000349,1125,220,Saturday
atm35000350,0,1165,Saturday
atm35000351,740,600,Saturday
atm35000352,0,115,Saturday
atm35000353,1440,560,Saturday
atm35000354,800,650,Saturday
atm35000355,405,230,Saturday
atm35000356,4945,4880,Saturday
atm35000357,965,350,Saturday
atm35000358,1270,1195,Saturday
atm0,0,0,Saturday
atm350001,510,800,Saturday
atm350002,855,675,Saturday
atm350003,140,0,Saturday
atm350004,175,55,Saturday
atm350005,315,1620,Saturday
atm350006,925,850,Saturday
atm350007,450,905,Saturday
atm350008,840,310,Saturday
atm350009,760,565,Saturday
atm3500010,5280,4835,Saturday
atm3500011,590,635,Saturday
atm3500012,1225,1020,Saturday
atm3500013,680,905,Saturday
atm3500014,770,600,Saturday
atm3500015,975,825,Saturday
atm3500016,1670,280,Saturday
atm3500017,805,925,Saturday
atm3500018,465,765,Saturday
atm3500019,25,705,Saturday
atm3500020,520,255,Saturday
atm3500021,360,465,Saturday
atm3500022,205,1370,Saturday
atm3500023,620,785,Saturday
atm3500024,0,1375,Saturday
atm3500025,955,205,Saturday
atm3500026,765,180,Saturday
atm3500027,495,155,Saturday
atm3500028,210,180,Saturday
atm3500029,650,860,Saturday
atm3500030,565,915,Saturday
atm3500031,185,1070,Saturday
atm3500032,820,135,Saturday
atm3500033,1300,1680,Saturday
atm3500034,1430,340,Saturday
atm3500035,190,125,Saturday
atm3500062,975,1115,Saturday
atm3500063,725,80,Saturday
atm3500064,565,160,Saturday
atm3500065,820,450,Saturday
atm35000230,215,30,Saturday
atm35000231,885,940,Saturday
atm35000232,345,0,Saturday
atm35000233,40,565,Saturday
atm35000234,220,645,Saturday
atm35000235,770,885,Saturday
atm35000236,1145,540,Saturday
atm35000237,920,610,Saturday
atm35000238,2250,945,Saturday
atm35000239,245,295,Saturday
atm35000240,855,110,Saturday
atm35000241,50,1405,Saturday
atm35000242,275,360,Saturday
atm35000243,1950,165,Saturday
atm35000244,910,0,Saturday
atm35000245,660,445,Saturday
atm35000246,895,850,Saturday
atm35000247,475,900,Saturday
atm35000248,370,780,Saturday
atm35000249,1125,260,Saturday
atm35000250,70,190,Saturday
atm35000251,120,1105,Saturday
atm35000252,0,65,Saturday
atm35000253,1390,280,Saturday
atm35000254,650,340,Saturday
atm35000255,1265,1450,Saturday
atm35000256,520,210,Saturday
atm35000257,1175,845,Saturday
atm35000258,860,0,Saturday
atm35000259,1355,1170,Saturday
atm35000260,395,535,Saturday
atm35000261,865,240,Saturday
atm35000262,270,1035,Saturday
atm35000263,1010,1050,Saturday
atm35000264,435,215,Saturday
atm3500036,340,0,Saturday
atm3500037,330,245,Saturday
atm3500038,330,905,Saturday
atm3500039,1380,80,Saturday
atm3500040,240,185,Saturday
atm3500041,1390,575,Saturday
atm3500042,630,885,Saturday
atm3500043,315,540,Saturday
atm3500044,400,840,Saturday
atm3500045,20,875,Saturday
atm3500046,420,445,Saturday
atm3500047,610,490,Saturday
atm3500048,1220,890,Saturday
atm3500049,570,220,Saturday
atm3500050,145,420,Saturday
atm3500051,375,25,Saturday
atm3500052,100,700,Saturday
atm3500053,20,950,Saturday
atm3500054,835,225,Saturday
atm3500055,555,270,Saturday
atm3500056,4070,6560,Saturday
atm3500057,1035,1775,Saturday
atm3500058,610,1545,Saturday
atm3500059,1020,480,Saturday
atm3500060,580,0,Saturday
atm3500061,595,580,Saturday
atm3500066,70,300,Saturday
atm3500067,1050,430,Saturday
atm3500068,630,295,Saturday
atm3500069,0,0,Saturday
atm3500070,40,785,Saturday
atm3500071,525,50,Saturday
atm3500072,155,620,Saturday
atm3500073,460,630,Saturday
atm3500074,980,70,Saturday
atm3500075,755,290,Saturday
atm3500076,4890,5045,Saturday
atm3500077,855,450,Saturday
atm3500078,200,415,Saturday
atm3500079,245,305,Saturday
atm3500080,50,525,Saturday
atm3500081,450,125,Saturday
atm3500082,980,320,Saturday
atm3500083,3710,5715,Saturday
atm3500084,0,110,Saturday
atm3500085,635,405,Saturday
atm3500086,935,200,Saturday
atm3500087,6090,6845,Saturday
atm3500088,0,450,Saturday
atm3500089,795,1045,Saturday
atm3500090,695,1305,Saturday
atm3500091,305,1000,Saturday
atm3500092,570,145,Saturday
atm3500093,1275,360,Saturday
atm3500094,35,1790,Saturday
atm3500095,675,980,Saturday
atm3500096,810,930,Saturday
atm3500097,920,805,Saturday
atm3500098,320,760,Saturday
atm3500099,1370,70,Saturday
atm35000100,465,705,Saturday
atm35000101,425,1090,Saturday
atm35000102,795,460,Saturday
atm35000103,30,0,Saturday
atm35000104,0,290,Saturday
atm35000105,310,1400,Saturday
atm35000106,1330,80,Saturday
atm35000107,305,945,Saturday
atm35000108,620,1515,Saturday
atm35000109,1665,100,Saturday
atm35000110,25,440,Saturday
atm35000111,90,1260,Saturday
atm35000112,55,310,Saturday
atm35000113,230,565,Saturday
atm35000114,425,215,Saturday
atm35000115,600,405,Saturday
atm35000116,815,1285,Saturday
atm35000117,430,275,Saturday
atm35000118,120,785,Saturday
atm35000119,795,445,Saturday
atm35000120,475,50,Saturday
atm35000121,1640,0,Saturday
atm35000122,65,450,Saturday
atm35000123,215,0,Saturday
atm35000124,6705,5350,Saturday
atm35000125,1265,300,Saturday
atm35000126,385,1400,Saturday
atm35000127,705,100,Saturday
atm35000128,685,1200,Saturday
atm35000129,555,965,Saturday
atm35000130,750,220,Saturday
atm35000131,1430,260,Saturday
atm35000132,925,1230,Saturday
atm35000133,75,810,Saturday
atm35000134,0,245,Saturday
atm35000135,1165,140,Saturday
atm35000136,80,430,Saturday
atm35000137,450,430,Saturday
atm35000138,730,275,Saturday
atm35000139,1135,975,Saturday
atm35000140,390,785,Saturday
atm35000141,170,375,Saturday
atm35000142,1355,110,Saturday
atm35000143,245,1620,Saturday
atm35000144,905,1430,Saturday
atm35000145,1095,430,Saturday
atm35000146,1355,1185,Saturday
atm35000147,0,1475,Saturday
atm35000148,465,1255,Saturday
atm35000149,1045,0,Saturday
atm35000150,390,405,Saturday
atm35000151,70,585,Saturday
atm35000152,270,345,Saturday
atm35000153,1060,25,Saturday
atm35000154,890,430,Saturday
atm35000155,1815,1035,Saturday
atm35000156,430,1025,Saturday
atm35000157,320,615,Saturday
atm35000158,1130,1860,Saturday
atm35000159,55,280,Saturday
atm35000160,650,985,Saturday
atm35000161,1535,660,Saturday
atm35000162,970,1080,Saturday
atm35000163,590,965,Saturday
atm35000164,960,280,Saturday
atm35000165,80,455,Saturday
atm35000166,760,0,Saturday
atm35000167,4550,5450,Saturday
atm35000168,5940,6825,Saturday
atm35000169,420,585,Saturday
atm35000170,855,460,Saturday
atm35000171,430,120,Saturday
atm35000172,1130,805,Saturday
atm35000173,525,5,Saturday
atm35000174,1070,465,Saturday
atm35000175,1240,695,Saturday
atm35000176,725,100,Saturday
atm35000177,155,480,Saturday
atm35000178,200,25,Saturday
atm35000179,355,530,Saturday
atm35000180,320,525,Saturday
atm35000181,720,300,Saturday
atm35000182,425,630,Saturday
atm35000183,590,25,Saturday
atm35000184,170,450,Saturday
atm35000185,625,1200,Saturday
atm35000186,655,10,Saturday
atm35000187,1020,535,Saturday
atm35000188,1245,780,Saturday
atm35000189,695,710,Saturday
atm35000190,10,955,Saturday
atm35000191,5,460,Saturday
atm35000192,1395,460,Saturday
atm35000193,535,540,Saturday
atm35000194,275,555,Saturday
atm35000195,0,605,Saturday
atm35000196,1470,1050,Saturday
atm35000197,505,760,Saturday
atm35000198,390,120,Saturday
atm35000199,1095,145,Saturday
atm35000200,395,1125,Saturday
atm35000201,785,150,Saturday
atm35000202,790,875,Saturday
atm35000203,5,545,Saturday
atm35000204,120,325,Saturday
atm35000205,375,440,Saturday
atm35000206,5505,6320,Saturday
atm35000207,200,745,Saturday
atm35000208,280,845,Saturday
atm35000209,1170,805,Saturday
atm35000210,985,645,Saturday
atm35000211,20,100,Saturday
atm35000212,1125,200,Saturday
atm35000213,1650,605,Saturday
atm35000214,545,200,Saturday
atm35000215,1515,0,Saturday
atm35000216,0,830,Saturday
atm35000217,860,625,Saturday
atm35000218,405,450,Saturday
atm35000219,1100,550,Saturday
atm35000220,270,230,Saturday
atm35000221,675,895,Saturday
atm35000222,10,1625,Saturday
atm35000223,735,40,Saturday
atm35000224,1200,725,Saturday
atm35000225,790,320,Saturday
atm35000226,1785,480,Saturday
atm35000227,3970,4970,Saturday
atm35000228,710,765,Saturday
atm35000229,265,660,Saturday
atm35000265,125,0,Saturday
atm35000266,380,480,Saturday
atm35000267,1125,525,Saturday
atm35000268,815,745,Saturday
atm35000269,1060,1230,Saturday
atm35000270,260,1410,Saturday
atm35000271,5,1460,Saturday
atm35000272,4560,7175,Saturday
atm35000273,460,200,Saturday
atm35000274,5500,5590,Saturday
atm35000275,5045,6140,Saturday
atm35000276,120,225,Saturday
atm35000277,680,1615,Saturday
atm35000278,305,1055,Saturday
atm35000279,680,540,Saturday
atm35000280,1460,320,Saturday
atm35000281,1160,1290,Saturday
atm35000282,1450,685,Saturday
atm35000283,530,55,Saturday
atm35000284,1220,860,Saturday
atm35000285,300,1295,Saturday
atm35000286,1070,340,Saturday
atm35000287,670,545,Saturday
atm35000288,620,305,Saturday
atm35000289,890,750,Saturday
atm35000290,625,0,Saturday
atm35000291,810,375,Saturday
atm35000292,705,355,Saturday
atm35000293,785,200,Saturday
atm35000294,110,1045,Saturday
atm35000295,220,320,Saturday
atm35000296,230,920,Saturday
atm35000297,1200,125,Saturday
atm35000298,675,640,Saturday
atm35000299,1600,265,Saturday
atm35000300,15,545,Saturday
atm35000301,855,0,Saturday
atm35000302,510,1155,Saturday
atm35000303,955,830,Saturday
atm35000304,1160,0,Saturday
atm35000305,950,540,Saturday
atm35000306,635,990,Saturday
atm35000307,0,400,Saturday
atm35000308,110,505,Saturday
atm35000309,555,805,Saturday
atm35000310,455,715,Saturday
atm35000311,975,955,Saturday
atm35000312,0,680,Saturday
atm35000313,1040,1255,Saturday
atm35000314,5995,5820,Saturday
atm35000315,630,555,Saturday
atm35000316,490,0,Saturday
atm35000317,5230,5420,Saturday
atm35000318,320,885,Saturday
atm35000319,770,1375,Saturday
atm35000320,490,1410,Saturday
atm35000321,1040,1465,Saturday
atm35000322,685,55,Saturday
atm35000323,605,1110,Saturday
atm35000324,150,1075,Saturday
atm35000325,1145,725,Saturday
atm35000326,110,810,Saturday
atm35000327,1380,875,Saturday
atm35000328,960,210,Saturday
atm35000329,1500,865,Saturday
atm35000330,1135,230,Saturday
atm35000331,365,410,Saturday
atm35000332,495,380,Saturday
atm35000333,5,815,Saturday
atm35000334,790,95,Saturday
atm35000335,920,915,Saturday
atm35000336,310,345,Saturday
atm35000337,265,375,Saturday
atm35000338,160,790,Saturday
atm35000339,7010,5640,Saturday
atm35000340,975,1230,Saturday
atm35000341,1280,1120,Saturday
atm35000342,120,0,Saturday
atm35000343,240,0,Saturday
atm35000344,1725,0,Saturday
atm35000345,955,950,Saturday
atm35000346,1680,1270,Saturday
atm35000347,0,220,Saturday
atm35000348,1160,1375,Saturday
atm35000349,750,20,Saturday
atm35000350,965,425,Saturday
atm35000351,1010,290,Saturday
atm35000352,815,0,Saturday
atm35000353,280,0,Saturday
atm35000354,20,505,Saturday
atm35000355,430,1190,Saturday
atm35000356,4130,5560,Saturday
atm35000357,835,1520,Saturday
atm35000358,390,550,Saturday
atm0,0,0,Saturday
atm350001,4100,4060,Saturday
atm350002,5880,4760,Saturday
atm350003,5195,2405,Saturday
atm350004,3390,6330,Saturday
atm350005,5815,4595,Saturday
atm350006,5910,6060,Saturday
atm350007,5565,6075,Saturday
atm350008,1365,7090,Saturday
atm350009,4515,5685,Saturday
atm3500010,4860,4565,Saturday
atm3500011,5450,5315,Saturday
atm3500012,4130,3380,Saturday
atm3500013,6590,4590,Saturday
atm3500014,5785,4230,Saturday
atm3500015,3815,5575,Saturday
atm3500016,6915,4350,Saturday
atm3500017,3640,3670,Saturday
atm3500018,3645,5345,Saturday
atm3500019,2445,5710,Saturday
atm3500020,4250,6270,Saturday
atm3500021,3560,4275,Saturday
atm3500022,5880,4675,Saturday
atm3500023,5530,6515,Saturday
atm3500024,5415,4625,Saturday
atm3500025,5525,4200,Saturday
atm3500026,3265,6405,Saturday
atm3500027,6330,4620,Saturday
atm3500028,5685,4520,Saturday
atm3500029,6860,6340,Saturday
atm3500030,3685,5215,Saturday
atm3500031,2365,4190,Saturday
atm3500032,6320,7120,Saturday
atm3500033,3675,2520,Saturday
atm3500034,4775,6530,Saturday
atm3500035,3125,4575,Saturday
atm3500062,2145,3995,Saturday
atm3500063,4235,4140,Saturday
atm3500064,5985,4110,Saturday
atm3500065,5555,5065,Saturday
atm35000230,2260,6645,Saturday
atm35000231,2510,8370,Saturday
atm35000232,3955,2730,Saturday
atm35000233,2590,5180,Saturday
atm35000234,1860,6085,Saturday
atm35000235,4290,5555,Saturday
atm35000236,1670,6795,Saturday
atm35000237,3595,4090,Saturday
atm35000238,2710,4945,Saturday
atm35000239,6185,6355,Saturday
atm35000240,5125,3940,Saturday
atm35000241,3915,3510,Saturday
atm35000242,4135,6725,Saturday
atm35000243,5970,5720,Saturday
atm35000244,3745,5680,Saturday
atm35000245,2190,6160,Saturday
atm35000246,5610,6165,Saturday
atm35000247,7185,5290,Saturday
atm35000248,3370,4025,Saturday
atm35000249,2830,4240,Saturday
atm35000250,3530,6720,Saturday
atm35000251,1500,5545,Saturday
atm35000252,4105,3085,Saturday
atm35000253,4740,5440,Saturday
atm35000254,3230,6480,Saturday
atm35000255,3135,6740,Saturday
atm35000256,5145,4465,Saturday
atm35000257,2055,6485,Saturday
atm35000258,2335,3850,Saturday
atm35000259,2765,4505,Saturday
atm35000260,6650,6675,Saturday
atm35000261,3045,4090,Saturday
atm35000262,3905,6135,Saturday
atm35000263,3310,3875,Saturday
atm35000264,7360,3185,Saturday
atm3500036,3855,5350,Saturday
atm3500037,7545,3835,Saturday
atm3500038,2395,7455,Saturday
atm3500039,3845,4995,Saturday
atm3500040,4625,5730,Saturday
atm3500041,3515,4075,Saturday
atm3500042,5470,5415,Saturday
atm3500043,4020,5500,Saturday
atm3500044,5305,4890,Saturday
atm3500045,6165,6300,Saturday
atm3500046,4795,5280,Saturday
atm3500047,4105,6140,Saturday
atm3500048,4655,4535,Saturday
atm3500049,4995,4260,Saturday
atm3500050,3750,4470,Saturday
atm3500051,3410,5410,Saturday
atm3500052,4680,3835,Saturday
atm3500053,6210,6420,Saturday
atm3500054,4710,4075,Saturday
atm3500055,5840,3865,Saturday
atm3500056,3435,4650,Saturday
atm3500057,6585,6545,Saturday
atm3500058,3760,4660,Saturday
atm3500059,3740,4785,Saturday
atm3500060,6570,5785,Saturday
atm3500061,5645,4140,Saturday
atm3500066,5715,5960,Saturday
atm3500067,3965,2480,Saturday
atm3500068,2755,4510,Saturday
atm3500069,1945,3450,Saturday
atm3500070,3030,6240,Saturday
atm3500071,5165,5480,Saturday
atm3500072,5855,5715,Saturday
atm3500073,6430,2970,Saturday
atm3500074,4525,4505,Saturday
atm3500075,3450,4040,Saturday
atm3500076,3705,4075,Saturday
atm3500077,6570,7435,Saturday
atm3500078,1555,7270,Saturday
atm3500079,5275,5395,Saturday
atm3500080,2310,4235,Saturday
atm3500081,3775,3745,Saturday
atm3500082,4250,3410,Saturday
atm3500083,4605,6285,Saturday
atm3500084,3100,2495,Saturday
atm3500085,5250,4920,Saturday
atm3500086,2585,6115,Saturday
atm3500087,4600,6450,Saturday
atm3500088,3080,5000,Saturday
atm3500089,3100,4610,Saturday
atm3500090,6295,5465,Saturday
atm3500091,2795,4600,Saturday
atm3500092,5340,4885,Saturday
atm3500093,6750,3995,Saturday
atm3500094,3375,3650,Saturday
atm3500095,5460,2855,Saturday
atm3500096,6415,4990,Saturday
atm3500097,3045,2825,Saturday
atm3500098,3955,3990,Saturday
atm3500099,4540,5795,Saturday
atm35000100,1915,6000,Saturday
atm35000101,3275,3065,Saturday
atm35000102,5095,4490,Saturday
atm35000103,3830,4490,Saturday
atm35000104,5135,4310,Saturday
atm35000105,6955,4630,Saturday
atm35000106,1870,4390,Saturday
atm35000107,5500,5145,Saturday
atm35000108,6390,7675,Saturday
atm35000109,6480,3985,Saturday
atm35000110,2845,4865,Saturday
atm35000111,5985,4020,Saturday
atm35000112,5590,3885,Saturday
atm35000113,3435,3430,Saturday
atm35000114,3210,3270,Saturday
atm35000115,4115,5360,Saturday
atm35000116,4950,4425,Saturday
atm35000117,1575,2835,Saturday
atm35000118,3640,6390,Saturday
atm35000119,3085,3350,Saturday
atm35000120,2025,4525,Saturday
atm35000121,5070,5690,Saturday
atm35000122,2785,5910,Saturday
atm35000123,3660,6405,Saturday
atm35000124,3670,6780,Saturday
atm35000125,2685,2835,Saturday
atm35000126,5730,5875,Saturday
atm35000127,5245,2700,Saturday
atm35000128,3835,4395,Saturday
atm35000129,5475,5690,Saturday
atm35000130,3225,4785,Saturday
atm35000131,2805,6230,Saturday
atm35000132,5815,3885,Saturday
atm35000133,2045,4045,Saturday
atm35000134,2100,4525,Saturday
atm35000135,5685,3935,Saturday
atm35000136,2790,7340,Saturday
atm35000137,4080,3840,Saturday
atm35000138,6135,3760,Saturday
atm35000139,4900,3610,Saturday
atm35000140,2605,4905,Saturday
atm35000141,3375,3405,Saturday
atm35000142,2610,5915,Saturday
atm35000143,4405,3660,Saturday
atm35000144,3925,5430,Saturday
atm35000145,3255,3070,Saturday
atm35000146,7480,3945,Saturday
atm35000147,6340,3560,Saturday
atm35000148,2275,3390,Saturday
atm35000149,5040,6515,Saturday
atm35000150,3290,3765,Saturday
atm35000151,2915,5110,Saturday
atm35000152,2325,5315,Saturday
atm35000153,3720,6050,Saturday
atm35000154,5875,6325,Saturday
atm35000155,3660,5260,Saturday
atm35000156,7950,2705,Saturday
atm35000157,5910,5870,Saturday
atm35000158,4250,3660,Saturday
atm35000159,2855,3485,Saturday
atm35000160,6505,5180,Saturday
atm35000161,6430,4590,Saturday
atm35000162,5400,4975,Saturday
atm35000163,2495,5700,Saturday
atm35000164,5300,3805,Saturday
atm35000165,3910,4895,Saturday
atm35000166,5310,3735,Saturday
atm35000167,5585,5670,Saturday
atm35000168,5490,4720,Saturday
atm35000169,2335,2710,Saturday
atm35000170,3650,5155,Saturday
atm35000171,3510,5105,Saturday
atm35000172,4055,5185,Saturday
atm35000173,5870,5860,Saturday
atm35000174,2775,6085,Saturday
atm35000175,2895,5195,Saturday
atm35000176,4120,4095,Saturday
atm35000177,3145,4635,Saturday
atm35000178,4235,4310,Saturday
atm35000179,1880,4080,Saturday
atm35000180,2515,4015,Saturday
atm35000181,4330,3610,Saturday
atm35000182,2340,7100,Saturday
atm35000183,2990,4145,Saturday
atm35000184,3785,3920,Saturday
atm35000185,5480,5270,Saturday
atm35000186,5910,3305,Saturday
atm35000187,3105,5950,Saturday
atm35000188,5560,2730,Saturday
atm35000189,1920,3620,Saturday
atm35000190,5595,4465,Saturday
atm35000191,5465,5680,Saturday
atm35000192,3550,4675,Saturday
atm35000193,3170,4505,Saturday
atm35000194,4920,3430,Saturday
atm35000195,4485,4745,Saturday
atm35000196,1980,3525,Saturday
atm35000197,5965,6090,Saturday
atm35000198,6195,6010,Saturday
atm35000199,3475,5415,Saturday
atm35000200,3460,5560,Saturday
atm35000201,5240,3965,Saturday
atm35000202,4605,5715,Saturday
atm35000203,3770,6900,Saturday
atm35000204,3885,5600,Saturday
atm35000205,2205,4520,Saturday
atm35000206,4670,4625,Saturday
atm35000207,3245,5850,Saturday
atm35000208,4825,3795,Saturday
atm35000209,4620,5525,Saturday
atm35000210,6045,3410,Saturday
atm35000211,4090,5445,Saturday
atm35000212,2885,5685,Saturday
atm35000213,4250,4745,Saturday
atm35000214,4145,2415,Saturday
atm35000215,5010,4965,Saturday
atm35000216,3775,3920,Saturday
atm35000217,4170,4090,Saturday
atm35000218,4415,4820,Saturday
atm35000219,3085,5720,Saturday
atm35000220,4970,4780,Saturday
atm35000221,4925,3935,Saturday
atm35000222,1875,5230,Saturday
atm35000223,3420,6175,Saturday
atm35000224,4335,3860,Saturday
atm35000225,3185,3315,Saturday
atm35000226,4110,3475,Saturday
atm35000227,6560,5065,Saturday
atm35000228,6085,4080,Saturday
atm35000229,3255,6550,Saturday
atm35000265,5735,5050,Saturday
atm35000266,4975,4675,Saturday
atm35000267,6040,4235,Saturday
atm35000268,6185,4360,Saturday
atm35000269,2850,4965,Saturday
atm35000270,4095,4200,Saturday
atm35000271,1935,4010,Saturday
atm35000272,5375,5385,Saturday
atm35000273,2540,4385,Saturday
atm35000274,5620,6925,Saturday
atm35000275,6220,5750,Saturday
atm35000276,2110,4090,Saturday
atm35000277,4095,5585,Saturday
atm35000278,2585,4110,Saturday
atm35000279,5095,5890,Saturday
atm35000280,4870,6260,Saturday
atm35000281,5005,5230,Saturday
atm35000282,4145,4630,Saturday
atm35000283,3095,4805,Saturday
atm35000284,5185,5040,Saturday
atm35000285,3425,5835,Saturday
atm35000286,3275,3805,Saturday
atm35000287,4430,4530,Saturday
atm35000288,1835,4695,Saturday
atm35000289,2340,4230,Saturday
atm35000290,6015,5275,Saturday
atm35000291,3940,5200,Saturday
atm35000292,3110,4875,Saturday
atm35000293,5315,3385,Saturday
atm35000294,1850,3750,Saturday
atm35000295,2890,7345,Saturday
atm35000296,6050,2605,Saturday
atm35000297,3370,5915,Saturday
atm35000298,4935,4280,Saturday
atm35000299,2715,4140,Saturday
atm35000300,1560,3945,Saturday
atm35000301,3125,5365,Saturday
atm35000302,5180,4215,Saturday
atm35000303,5590,3280,Saturday
atm35000304,6950,5770,Saturday
atm35000305,5595,3425,Saturday
atm35000306,3510,5190,Saturday
atm35000307,3470,5080,Saturday
atm35000308,5660,5835,Saturday
atm35000309,2950,4850,Saturday
atm35000310,2955,4565,Saturday
atm35000311,4075,4405,Saturday
atm35000312,5165,4210,Saturday
atm35000313,3940,5635,Saturday
atm35000314,6055,5680,Saturday
atm35000315,4510,5125,Saturday
atm35000316,5930,2885,Saturday
atm35000317,3835,6515,Saturday
atm35000318,6645,3630,Saturday
atm35000319,5895,4050,Saturday
atm35000320,2570,4745,Saturday
atm35000321,2850,4230,Saturday
atm35000322,4060,3170,Saturday
atm35000323,5500,4130,Saturday
atm35000324,4690,4510,Saturday
atm35000325,1530,5315,Saturday
atm35000326,2485,5575,Saturday
atm35000327,3730,3165,Saturday
atm35000328,5470,4075,Saturday
atm35000329,3535,6870,Saturday
atm35000330,2005,4365,Saturday
atm35000331,2510,4475,Saturday
atm35000332,3465,3010,Saturday
atm35000333,5925,5500,Saturday
atm35000334,3465,6325,Saturday
atm35000335,5975,4700,Saturday
atm35000336,6290,6285,Saturday
atm35000337,5150,6090,Saturday
atm35000338,1840,3945,Saturday
atm35000339,4905,5295,Saturday
atm35000340,1635,4945,Saturday
atm35000341,1565,6145,Saturday
atm35000342,6135,5010,Saturday
atm35000343,2205,3355,Saturday
atm35000344,5680,4555,Saturday
atm35000345,6260,3225,Saturday
atm35000346,5275,5145,Saturday
atm35000347,4370,5000,Saturday
atm35000348,3525,3165,Saturday
atm35000349,3420,4535,Saturday
atm35000350,2450,4720,Saturday
atm35000351,4355,3450,Saturday
atm35000352,6115,6980,Saturday
atm35000353,4520,6415,Saturday
atm35000354,2950,4550,Saturday
atm35000355,3035,5185,Saturday
atm35000356,5870,6660,Saturday
atm35000357,2740,4205,Saturday
atm35000358,3845,4365,Saturday
atm0,0,0,Saturday
atm350001,3680,4665,Saturday
atm350002,5630,3655,Saturday
atm350003,3805,3720,Saturday
atm350004,3305,4110,Saturday
atm350005,3145,5740,Saturday
atm350006,6195,6405,Saturday
atm350007,3785,4350,Saturday
atm350008,3615,3880,Saturday
atm350009,2370,3510,Saturday
atm3500010,5655,5255,Saturday
atm3500011,7500,5200,Saturday
atm3500012,4105,6570,Saturday
atm3500013,2475,4430,Saturday
atm3500014,5725,5555,Saturday
atm3500015,5350,5745,Saturday
atm3500016,4580,4540,Saturday
atm3500017,4955,7900,Saturday
atm3500018,5555,3600,Saturday
atm3500019,3180,5600,Saturday
atm3500020,1835,6370,Saturday
atm3500021,5160,4310,Saturday
atm3500022,4410,4460,Saturday
atm3500023,1520,5655,Saturday
atm3500024,4885,4545,Saturday
atm3500025,4580,4435,Saturday
atm3500026,5275,5880,Saturday
atm3500027,7225,4110,Saturday
atm3500028,3330,3170,Saturday
atm3500029,2770,5220,Saturday
atm3500030,3160,4515,Saturday
atm3500031,6820,5880,Saturday
atm3500032,6655,5955,Saturday
atm3500033,3960,4350,Saturday
atm3500034,6620,3930,Saturday
atm3500035,2935,3990,Saturday
atm3500062,5935,2320,Saturday
atm3500063,3365,4895,Saturday
atm3500064,5330,4185,Saturday
atm3500065,6030,3380,Saturday
atm35000230,2710,5205,Saturday
atm35000231,7445,4295,Saturday
atm35000232,5025,3435,Saturday
atm35000233,5795,3835,Saturday
atm35000234,5510,5040,Saturday
atm35000235,2145,4960,Saturday
atm35000236,2535,3855,Saturday
atm35000237,6715,3545,Saturday
atm35000238,3860,5180,Saturday
atm35000239,3665,5455,Saturday
atm35000240,6275,3880,Saturday
atm35000241,2095,4935,Saturday
atm35000242,7305,5190,Saturday
atm35000243,2620,6270,Saturday
atm35000244,6760,5245,Saturday
atm35000245,3755,4120,Saturday
atm35000246,4035,3680,Saturday
atm35000247,3810,4175,Saturday
atm35000248,2695,5820,Saturday
atm35000249,3795,3440,Saturday
atm35000250,5890,4745,Saturday
atm35000251,2040,4795,Saturday
atm35000252,5770,6350,Saturday
atm35000253,4225,3825,Saturday
atm35000254,2640,6360,Saturday
atm35000255,2995,6830,Saturday
atm35000256,6715,4075,Saturday
atm35000257,3870,3455,Saturday
atm35000258,6595,6815,Saturday
atm35000259,5410,3455,Saturday
atm35000260,3845,4080,Saturday
atm35000261,1805,4485,Saturday
atm35000262,4055,4285,Saturday
atm35000263,2080,6160,Saturday
atm35000264,1980,4860,Saturday
atm3500036,3780,6095,Saturday
atm3500037,4715,5040,Saturday
atm3500038,1705,4900,Saturday
atm3500039,3725,5725,Saturday
atm3500040,4125,3310,Saturday
atm3500041,1755,4265,Saturday
atm3500042,3285,3915,Saturday
atm3500043,3240,2915,Saturday
atm3500044,5055,7405,Saturday
atm3500045,5260,4235,Saturday
atm3500046,3255,5710,Saturday
atm3500047,3620,4115,Saturday
atm3500048,4360,5490,Saturday
atm3500049,6305,4930,Saturday
atm3500050,4850,4690,Saturday
atm3500051,3265,6340,Saturday
atm3500052,2120,5175,Saturday
atm3500053,4095,7240,Saturday
atm3500054,3680,3730,Saturday
atm3500055,5995,2700,Saturday
atm3500056,5485,6820,Saturday
atm3500057,2050,5500,Saturday
atm3500058,5360,3120,Saturday
atm3500059,6855,5265,Saturday
atm3500060,3545,3970,Saturday
atm3500061,3495,6505,Saturday
atm3500066,2250,3300,Saturday
atm3500067,3140,6690,Saturday
atm3500068,3990,3485,Saturday
atm3500069,2270,4125,Saturday
atm3500070,5890,4870,Saturday
atm3500071,5100,5230,Saturday
atm3500072,2385,5595,Saturday
atm3500073,3940,3480,Saturday
atm3500074,2850,5655,Saturday
atm3500075,6650,4670,Saturday
atm3500076,5545,5815,Saturday
atm3500077,5845,4735,Saturday
atm3500078,2405,5415,Saturday
atm3500079,5415,4310,Saturday
atm3500080,5445,3725,Saturday
atm3500081,3030,4470,Saturday
atm3500082,4995,5045,Saturday
atm3500083,4105,6180,Saturday
atm3500084,5055,6050,Saturday
atm3500085,3640,6495,Saturday
atm3500086,6560,5500,Saturday
atm3500087,5345,5540,Saturday
atm3500088,2510,4210,Saturday
atm3500089,6435,5345,Saturday
atm3500090,3795,5405,Saturday
atm3500091,5870,4480,Saturday
atm3500092,3385,3540,Saturday
atm3500093,2450,5150,Saturday
atm3500094,6060,3065,Saturday
atm3500095,5915,5805,Saturday
atm3500096,6580,5225,Saturday
atm3500097,6285,3115,Saturday
atm3500098,4085,5765,Saturday
atm3500099,2205,3910,Saturday
atm35000100,4970,6250,Saturday
atm35000101,3005,5225,Saturday
atm35000102,4110,5120,Saturday
atm35000103,3430,3415,Saturday
atm35000104,1740,3800,Saturday
atm35000105,4455,5260,Saturday
atm35000106,1770,4230,Saturday
atm35000107,2615,4970,Saturday
atm35000108,5215,4340,Saturday
atm35000109,6045,4125,Saturday
atm35000110,3115,4980,Saturday
atm35000111,6145,4385,Saturday
atm35000112,6280,3305,Saturday
atm35000113,2595,5670,Saturday
atm35000114,4685,4940,Saturday
atm35000115,5950,4655,Saturday
atm35000116,1995,5315,Saturday
atm35000117,2875,5975,Saturday
atm35000118,5190,4850,Saturday
atm35000119,6410,4265,Saturday
atm35000120,6230,3590,Saturday
atm35000121,5150,5155,Saturday
atm35000122,3320,4655,Saturday
atm35000123,5090,5175,Saturday
atm35000124,5230,6290,Saturday
atm35000125,3380,5995,Saturday
atm35000126,2715,5420,Saturday
atm35000127,6015,5800,Saturday
atm35000128,4710,5675,Saturday
atm35000129,5860,3740,Saturday
atm35000130,3295,4650,Saturday
atm35000131,2875,4260,Saturday
atm35000132,2350,4260,Saturday
atm35000133,5735,6185,Saturday
atm35000134,1950,3765,Saturday
atm35000135,6310,4155,Saturday
atm35000136,3345,6375,Saturday
atm35000137,2915,4815,Saturday
atm35000138,2780,3575,Saturday
atm35000139,4770,3525,Saturday
atm35000140,3065,6655,Saturday
atm35000141,4265,5265,Saturday
atm35000142,2355,4435,Saturday
atm35000143,3595,4450,Saturday
atm35000144,5275,3450,Saturday
atm35000145,3905,3785,Saturday
atm35000146,5345,5110,Saturday
atm35000147,6055,5925,Saturday
atm35000148,2510,3835,Saturday
atm35000149,5840,3455,Saturday
atm35000150,3085,4130,Saturday
atm35000151,3270,4170,Saturday
atm35000152,4300,6125,Saturday
atm35000153,5505,6060,Saturday
atm35000154,2125,3980,Saturday
atm35000155,4575,4375,Saturday
atm35000156,3280,3455,Saturday
atm35000157,5055,4865,Saturday
atm35000158,4230,3710,Saturday
atm35000159,6075,6945,Saturday
atm35000160,5530,4405,Saturday
atm35000161,5000,4995,Saturday
atm35000162,5205,5355,Saturday
atm35000163,2970,4450,Saturday
atm35000164,4420,5265,Saturday
atm35000165,6775,2990,Saturday
atm35000166,4935,4730,Saturday
atm35000167,4845,6175,Saturday
atm35000168,4055,5195,Saturday
atm35000169,3305,4050,Saturday
atm35000170,2255,3220,Saturday
atm35000171,5385,4970,Saturday
atm35000172,5220,4425,Saturday
atm35000173,1950,5090,Saturday
atm35000174,4165,6705,Saturday
atm35000175,5965,4015,Saturday
atm35000176,3765,3925,Saturday
atm35000177,2710,4485,Saturday
atm35000178,4630,5095,Saturday
atm35000179,1590,5700,Saturday
atm35000180,2795,3275,Saturday
atm35000181,5505,3745,Saturday
atm35000182,3295,5800,Saturday
atm35000183,3950,7115,Saturday
atm35000184,3025,3595,Saturday
atm35000185,4980,4365,Saturday
atm35000186,2450,3730,Saturday
atm35000187,3550,5680,Saturday
atm35000188,4035,5820,Saturday
atm35000189,4770,4300,Saturday
atm35000190,4695,4370,Saturday
atm35000191,3710,5765,Saturday
atm35000192,5550,3710,Saturday
atm35000193,6150,3275,Saturday
atm35000194,5585,5130,Saturday
atm35000195,3590,3670,Saturday
atm35000196,4165,6100,Saturday
atm35000197,2425,4575,Saturday
atm35000198,4185,4160,Saturday
atm35000199,5045,4725,Saturday
atm35000200,3135,5700,Saturday
atm35000201,4535,7455,Saturday
atm35000202,3755,4540,Saturday
atm35000203,4255,6425,Saturday
atm35000204,4100,3640,Saturday
atm35000205,3245,3875,Saturday
atm35000206,4520,5170,Saturday
atm35000207,3640,6790,Saturday
atm35000208,3580,5620,Saturday
atm35000209,5185,6125,Saturday
atm35000210,5280,4995,Saturday
atm35000211,4515,6980,Saturday
atm35000212,2660,5650,Saturday
atm35000213,2530,7190,Saturday
atm35000214,4105,5530,Saturday
atm35000215,4805,4060,Saturday
atm35000216,6155,3980,Saturday
atm35000217,3785,4170,Saturday
atm35000218,3450,5345,Saturday
atm35000219,7040,5150,Saturday
atm35000220,4055,3485,Saturday
atm35000221,2635,3570,Saturday
atm35000222,6880,4010,Saturday
atm35000223,2245,6500,Saturday
atm35000224,5515,5630,Saturday
atm35000225,5590,6275,Saturday
atm35000226,1800,5385,Saturday
atm35000227,3965,7235,Saturday
atm35000228,1390,5720,Saturday
atm35000229,2320,6380,Saturday
atm35000265,7460,5595,Saturday
atm35000266,3845,4195,Saturday
atm35000267,2075,6105,Saturday
atm35000268,6440,4325,Saturday
atm35000269,4845,2760,Saturday
atm35000270,4685,5205,Saturday
atm35000271,1245,6925,Saturday
atm35000272,5215,6425,Saturday
atm35000273,4745,5065,Saturday
atm35000274,3135,5320,Saturday
atm35000275,6975,5295,Saturday
atm35000276,3675,5975,Saturday
atm35000277,6530,4210,Saturday
atm35000278,4515,5065,Saturday
atm35000279,4555,4520,Saturday
atm35000280,2210,4475,Saturday
atm35000281,3405,6040,Saturday
atm35000282,5020,6695,Saturday
atm35000283,5145,5135,Saturday
atm35000284,5290,6070,Saturday
atm35000285,5635,4130,Saturday
atm35000286,4215,4165,Saturday
atm35000287,4615,4485,Saturday
atm35000288,2895,6715,Saturday
atm35000289,4120,5215,Saturday
atm35000290,5840,5375,Saturday
atm35000291,4435,5135,Saturday
atm35000292,1900,5390,Saturday
atm35000293,3505,6420,Saturday
atm35000294,1185,6610,Saturday
atm35000295,3675,4515,Saturday
atm35000296,3175,4560,Saturday
atm35000297,2895,6110,Saturday
atm35000298,1535,4920,Saturday
atm35000299,5390,5860,Saturday
atm35000300,2870,5205,Saturday
atm35000301,5175,3890,Saturday
atm35000302,2940,2955,Saturday
atm35000303,4665,3595,Saturday
atm35000304,7140,3270,Saturday
atm35000305,3360,6815,Saturday
atm35000306,3920,5985,Saturday
atm35000307,6835,4600,Saturday
atm35000308,1725,6175,Saturday
atm35000309,4235,2760,Saturday
atm35000310,4290,4245,Saturday
atm35000311,6770,6455,Saturday
atm35000312,4880,4005,Saturday
atm35000313,3640,4130,Saturday
atm35000314,3790,5835,Saturday
atm35000315,5930,3765,Saturday
atm35000316,2740,4815,Saturday
atm35000317,5105,4870,Saturday
atm35000318,4255,3385,Saturday
atm35000319,3035,3725,Saturday
atm35000320,3505,5315,Saturday
atm35000321,2800,5520,Saturday
atm35000322,3310,5205,Saturday
atm35000323,1875,4185,Saturday
atm35000324,2405,6465,Saturday
atm35000325,4560,3455,Saturday
atm35000326,3005,3425,Saturday
atm35000327,5420,5530,Saturday
atm35000328,3090,6495,Saturday
atm35000329,3720,4635,Saturday
atm35000330,3675,6035,Saturday
atm35000331,1665,3715,Saturday
atm35000332,3355,4625,Saturday
atm35000333,7020,6820,Saturday
atm35000334,6305,3520,Saturday
atm35000335,5435,5060,Saturday
atm35000336,4700,4945,Saturday
atm35000337,3385,4690,Saturday
atm35000338,2415,3820,Saturday
atm35000339,6800,5620,Saturday
atm35000340,1725,6585,Saturday
atm35000341,1895,6345,Saturday
atm35000342,6235,3575,Saturday
atm35000343,2575,4705,Saturday
atm35000344,3500,3155,Saturday
atm35000345,1855,4475,Saturday
atm35000346,3605,5785,Saturday
atm35000347,3390,6465,Saturday
atm35000348,2760,4075,Saturday
atm35000349,3835,4585,Saturday
atm35000350,2400,3455,Saturday
atm35000351,1720,4025,Saturday
atm35000352,5710,4565,Saturday
atm35000353,3825,3860,Saturday
atm35000354,3275,2705,Saturday
atm35000355,3835,3835,Saturday
atm35000356,4630,6015,Saturday
atm35000357,3195,5130,Saturday
atm35000358,2200,3810,Saturday
atm0,0,0,Saturday
atm350001,3380,4110,Saturday
atm350002,3450,5670,Saturday
atm350003,3460,5985,Saturday
atm350004,7290,5895,Saturday
atm350005,2095,3175,Saturday
atm350006,4815,4840,Saturday
atm350007,1385,5365,Saturday
atm350008,4485,6720,Saturday
atm350009,3155,7035,Saturday
atm3500010,3165,5810,Saturday
atm3500011,4135,5310,Saturday
atm3500012,3640,5490,Saturday
atm3500013,3935,2770,Saturday
atm3500014,1690,5520,Saturday
atm3500015,4985,6170,Saturday
atm3500016,1125,3620,Saturday
atm3500017,4050,4070,Saturday
atm3500018,3680,4255,Saturday
atm3500019,5635,2855,Saturday
atm3500020,2350,3070,Saturday
atm3500021,2750,4465,Saturday
atm3500022,3115,5675,Saturday
atm3500023,3945,4475,Saturday
atm3500024,3350,3530,Saturday
atm3500025,5885,6295,Saturday
atm3500026,5525,4415,Saturday
atm3500027,6740,4725,Saturday
atm3500028,4940,3500,Saturday
atm3500029,2885,4360,Saturday
atm3500030,4265,2670,Saturday
atm3500031,5585,6375,Saturday
atm3500032,4225,6095,Saturday
atm3500033,6100,4230,Saturday
atm3500034,2355,5265,Saturday
atm3500035,2370,5190,Saturday
atm3500062,6145,4785,Saturday
atm3500063,4560,5080,Saturday
atm3500064,2880,4515,Saturday
atm3500065,3860,5760,Saturday
atm35000230,2815,3685,Saturday
atm35000231,4825,3390,Saturday
atm35000232,2640,4255,Saturday
atm35000233,5140,4075,Saturday
atm35000234,4940,2920,Saturday
atm35000235,5930,4395,Saturday
atm35000236,2255,5740,Saturday
atm35000237,5350,4165,Saturday
atm35000238,5240,4230,Saturday
atm35000239,6980,4930,Saturday
atm35000240,5640,2520,Saturday
atm35000241,6750,6080,Saturday
atm35000242,4065,3950,Saturday
atm35000243,2595,6065,Saturday
atm35000244,2220,5430,Saturday
atm35000245,3325,4720,Saturday
atm35000246,5305,5565,Saturday
atm35000247,3055,3595,Saturday
atm35000248,5370,5765,Saturday
atm35000249,2670,4670,Saturday
atm35000250,2850,5055,Saturday
atm35000251,4235,4320,Saturday
atm35000252,6180,3005,Saturday
atm35000253,4885,6290,Saturday
atm35000254,3625,5660,Saturday
atm35000255,4410,6045,Saturday
atm35000256,5265,5850,Saturday
atm35000257,5830,6225,Saturday
atm35000258,3085,4945,Saturday
atm35000259,1980,6255,Saturday
atm35000260,5335,5885,Saturday
atm35000261,5290,3640,Saturday
atm35000262,2690,3470,Saturday
atm35000263,6375,3325,Saturday
atm35000264,2145,3130,Saturday
atm3500036,3325,5970,Saturday
atm3500037,3540,3890,Saturday
atm3500038,2890,4645,Saturday
atm3500039,2750,5000,Saturday
atm3500040,6345,6495,Saturday
atm3500041,2210,4370,Saturday
atm3500042,4685,3005,Saturday
atm3500043,5170,4650,Saturday
atm3500044,4660,3955,Saturday
atm3500045,4035,3725,Saturday
atm3500046,5280,3005,Saturday
atm3500047,2040,5495,Saturday
atm3500048,5465,3075,Saturday
atm3500049,6115,5225,Saturday
atm3500050,4765,6720,Saturday
atm3500051,6010,6145,Saturday
atm3500052,3425,3390,Saturday
atm3500053,2865,3185,Saturday
atm3500054,6405,3545,Saturday
atm3500055,2200,6085,Saturday
atm3500056,5145,7080,Saturday
atm3500057,5070,6190,Saturday
atm3500058,4450,4800,Saturday
atm3500059,4140,4815,Saturday
atm3500060,3225,6915,Saturday
atm3500061,6415,4450,Saturday
atm3500066,4165,6855,Saturday
atm3500067,4875,2900,Saturday
atm3500068,3190,5255,Saturday
atm3500069,2200,4565,Saturday
atm3500070,3065,4405,Saturday
atm3500071,4920,6290,Saturday
atm3500072,6065,3680,Saturday
atm3500073,3340,5285,Saturday
atm3500074,5840,4570,Saturday
atm3500075,1910,5245,Saturday
atm3500076,6665,4585,Saturday
atm3500077,2895,7565,Saturday
atm3500078,5285,4545,Saturday
atm3500079,4655,2515,Saturday
atm3500080,3140,6125,Saturday
atm3500081,3615,4135,Saturday
atm3500082,2055,6065,Saturday
atm3500083,4315,6760,Saturday
atm3500084,2220,6430,Saturday
atm3500085,4415,4900,Saturday
atm3500086,6345,5420,Saturday
atm3500087,7170,6300,Saturday
atm3500088,4925,3645,Saturday
atm3500089,3905,7055,Saturday
atm3500090,7615,3975,Saturday
atm3500091,5425,6510,Saturday
atm3500092,3060,5540,Saturday
atm3500093,3545,6460,Saturday
atm3500094,6765,4650,Saturday
atm3500095,2980,5670,Saturday
atm3500096,4995,4620,Saturday
atm3500097,2070,3450,Saturday
atm3500098,2945,4145,Saturday
atm3500099,5785,3855,Saturday
atm35000100,5125,6535,Saturday
atm35000101,5265,4560,Saturday
atm35000102,5770,3155,Saturday
atm35000103,2820,5490,Saturday
atm35000104,4720,2900,Saturday
atm35000105,4360,3985,Saturday
atm35000106,3085,3680,Saturday
atm35000107,2090,4275,Saturday
atm35000108,5950,3955,Saturday
atm35000109,5800,4385,Saturday
atm35000110,1840,6245,Saturday
atm35000111,5300,3335,Saturday
atm35000112,4925,4785,Saturday
atm35000113,4985,6550,Saturday
atm35000114,1920,5485,Saturday
atm35000115,4920,6030,Saturday
atm35000116,2225,3015,Saturday
atm35000117,3585,4830,Saturday
atm35000118,6445,3650,Saturday
atm35000119,2400,5275,Saturday
atm35000120,5480,3065,Saturday
atm35000121,4820,5120,Saturday
atm35000122,4490,4690,Saturday
atm35000123,4415,3610,Saturday
atm35000124,4820,5920,Saturday
atm35000125,2930,4955,Saturday
atm35000126,5720,5935,Saturday
atm35000127,3910,3610,Saturday
atm35000128,7030,6690,Saturday
atm35000129,5155,4260,Saturday
atm35000130,5865,5285,Saturday
atm35000131,3905,3085,Saturday
atm35000132,3005,3670,Saturday
atm35000133,4955,4830,Saturday
atm35000134,4645,4445,Saturday
atm35000135,3500,4265,Saturday
atm35000136,4770,4855,Saturday
atm35000137,2900,3845,Saturday
atm35000138,3055,4720,Saturday
atm35000139,6820,3845,Saturday
atm35000140,2085,2785,Saturday
atm35000141,4460,3225,Saturday
atm35000142,3845,5940,Saturday
atm35000143,1965,5385,Saturday
atm35000144,4205,5395,Saturday
atm35000145,5580,5430,Saturday
atm35000146,5930,3620,Saturday
atm35000147,5445,4900,Saturday
atm35000148,2440,4630,Saturday
atm35000149,3145,4845,Saturday
atm35000150,3310,3300,Saturday
atm35000151,3695,5585,Saturday
atm35000152,4945,5535,Saturday
atm35000153,6490,4855,Saturday
atm35000154,4985,3155,Saturday
atm35000155,2540,2915,Saturday
atm35000156,2540,4990,Saturday
atm35000157,2485,3520,Saturday
atm35000158,3060,4140,Saturday
atm35000159,7310,4785,Saturday
atm35000160,4495,3885,Saturday
atm35000161,6130,6050,Saturday
atm35000162,3765,6710,Saturday
atm35000163,5705,5370,Saturday
atm35000164,4730,4995,Saturday
atm35000165,3235,3220,Saturday
atm35000166,5345,6420,Saturday
atm35000167,6395,6165,Saturday
atm35000168,3180,6065,Saturday
atm35000169,6130,3760,Saturday
atm35000170,4790,5000,Saturday
atm35000171,3490,5180,Saturday
atm35000172,6180,3600,Saturday
atm35000173,4770,4350,Saturday
atm35000174,5040,4300,Saturday
atm35000175,2550,5090,Saturday
atm35000176,2355,5470,Saturday
atm35000177,3710,3900,Saturday
atm35000178,5990,3865,Saturday
atm35000179,4275,5940,Saturday
atm35000180,1705,3725,Saturday
atm35000181,5815,6065,Saturday
atm35000182,5655,6020,Saturday
atm35000183,4940,3860,Saturday
atm35000184,3095,7360,Saturday
atm35000185,3545,5140,Saturday
atm35000186,4530,3695,Saturday
atm35000187,4690,4495,Saturday
atm35000188,4180,4130,Saturday
atm35000189,3160,3955,Saturday
atm35000190,4500,5335,Saturday
atm35000191,3420,4945,Saturday
atm35000192,3765,4260,Saturday
atm35000193,3220,5015,Saturday
atm35000194,3650,3135,Saturday
atm35000195,4440,4530,Saturday
atm35000196,5210,4460,Saturday
atm35000197,4180,4670,Saturday
atm35000198,1535,5655,Saturday
atm35000199,5370,4175,Saturday
atm35000200,2480,5745,Saturday
atm35000201,5065,5555,Saturday
atm35000202,5775,5370,Saturday
atm35000203,6250,6035,Saturday
atm35000204,4200,2640,Saturday
atm35000205,5990,5780,Saturday
atm35000206,5850,7080,Saturday
atm35000207,3795,5780,Saturday
atm35000208,5750,5830,Saturday
atm35000209,4650,5660,Saturday
atm35000210,3005,6820,Saturday
atm35000211,5130,4835,Saturday
atm35000212,3730,4580,Saturday
atm35000213,4925,3715,Saturday
atm35000214,5950,3115,Saturday
atm35000215,4025,5665,Saturday
atm35000216,5895,3785,Saturday
atm35000217,3995,5170,Saturday
atm35000218,3665,5505,Saturday
atm35000219,4195,4925,Saturday
atm35000220,5865,3805,Saturday
atm35000221,3045,5650,Saturday
atm35000222,3715,5545,Saturday
atm35000223,2885,6105,Saturday
atm35000224,4095,5230,Saturday
atm35000225,4840,5510,Saturday
atm35000226,2380,4115,Saturday
atm35000227,4115,5780,Saturday
atm35000228,5225,3785,Saturday
atm35000229,7100,6830,Saturday
atm35000265,3825,5830,Saturday
atm35000266,4475,4505,Saturday
atm35000267,4430,3800,Saturday
atm35000268,5695,3675,Saturday
atm35000269,2100,5330,Saturday
atm35000270,2645,5420,Saturday
atm35000271,5665,4245,Saturday
atm35000272,5280,5650,Saturday
atm35000273,3560,3470,Saturday
atm35000274,3660,5650,Saturday
atm35000275,5705,5800,Saturday
atm35000276,6460,5590,Saturday
atm35000277,1360,4865,Saturday
atm35000278,5135,4125,Saturday
atm35000279,2790,6445,Saturday
atm35000280,3950,5900,Saturday
atm35000281,1840,4635,Saturday
atm35000282,3410,4875,Saturday
atm35000283,5185,4235,Saturday
atm35000284,6150,4140,Saturday
atm35000285,2605,4105,Saturday
atm35000286,4120,3865,Saturday
atm35000287,2580,4720,Saturday
atm35000288,2400,6165,Saturday
atm35000289,5975,3865,Saturday
atm35000290,5010,3205,Saturday
atm35000291,5770,3580,Saturday
atm35000292,6290,5705,Saturday
atm35000293,5780,5690,Saturday
atm35000294,4575,5120,Saturday
atm35000295,2920,4690,Saturday
atm35000296,3560,5290,Saturday
atm35000297,5005,3675,Saturday
atm35000298,2875,3370,Saturday
atm35000299,3810,3985,Saturday
atm35000300,6570,5850,Saturday
atm35000301,6130,6255,Saturday
atm35000302,3655,4660,Saturday
atm35000303,4670,4935,Saturday
atm35000304,3115,5560,Saturday
atm35000305,3625,5455,Saturday
atm35000306,4525,4365,Saturday
atm35000307,4825,5280,Saturday
atm35000308,3300,6415,Saturday
atm35000309,5930,3225,Saturday
atm35000310,4025,3865,Saturday
atm35000311,3060,3685,Saturday
atm35000312,2390,3505,Saturday
atm35000313,4845,4380,Saturday
atm35000314,5690,5585,Saturday
atm35000315,6005,5225,Saturday
atm35000316,5190,5455,Saturday
atm35000317,6050,4645,Saturday
atm35000318,3260,5750,Saturday
atm35000319,5990,6275,Saturday
atm35000320,2225,3485,Saturday
atm35000321,4815,3660,Saturday
atm35000322,2775,3645,Saturday
atm35000323,6200,5315,Saturday
atm35000324,1720,3970,Saturday
atm35000325,2620,2850,Saturday
atm35000326,3940,4280,Saturday
atm35000327,3735,4025,Saturday
atm35000328,4070,3520,Saturday
atm35000329,2285,3255,Saturday
atm35000330,2220,5685,Saturday
atm35000331,4500,5735,Saturday
atm35000332,4145,3890,Saturday
atm35000333,3055,6510,Saturday
atm35000334,3755,3935,Saturday
atm35000335,4875,4860,Saturday
atm35000336,5090,4385,Saturday
atm35000337,4705,5815,Saturday
atm35000338,5460,4190,Saturday
atm35000339,4305,5370,Saturday
atm35000340,2670,5915,Saturday
atm35000341,4840,2950,Saturday
atm35000342,6705,3340,Saturday
atm35000343,2560,4645,Saturday
atm35000344,3430,5680,Saturday
atm35000345,3565,5415,Saturday
atm35000346,4695,3790,Saturday
atm35000347,3650,6000,Saturday
atm35000348,5205,3455,Saturday
atm35000349,6165,3275,Saturday
atm35000350,5780,5510,Saturday
atm35000351,5565,5055,Saturday
atm35000352,3645,6480,Saturday
atm35000353,4695,5330,Saturday
atm35000354,5110,2830,Saturday
atm35000355,2925,5020,Saturday
atm35000356,4980,6275,Saturday
atm35000357,2230,4945,Saturday
atm35000358,2040,3185,Saturday
atm0,0,0,Saturday
atm350001,5305,4885,Saturday
atm350002,2250,3180,Saturday
atm350003,3680,4250,Saturday
atm350004,4415,3160,Saturday
atm350005,7060,5460,Saturday
atm350006,2365,4760,Saturday
atm350007,4005,4610,Saturday
atm350008,6720,4935,Saturday
atm350009,3285,4480,Saturday
atm3500010,7255,4470,Saturday
atm3500011,4840,5570,Saturday
atm3500012,1890,5505,Saturday
atm3500013,3130,6180,Saturday
atm3500014,5075,6455,Saturday
atm3500015,2325,6815,Saturday
atm3500016,5990,4625,Saturday
atm3500017,6590,6150,Saturday
atm3500018,2270,2970,Saturday
atm3500019,3590,2880,Saturday
atm3500020,1925,5735,Saturday
atm3500021,7625,4430,Saturday
atm3500022,4425,5940,Saturday
atm3500023,5110,4270,Saturday
atm3500024,4455,4535,Saturday
atm3500025,4295,5845,Saturday
atm3500026,5575,4405,Saturday
atm3500027,5300,6015,Saturday
atm3500028,5595,5630,Saturday
atm3500029,2200,3250,Saturday
atm3500030,2755,5640,Saturday
atm3500031,2310,3675,Saturday
atm3500032,2160,7160,Saturday
atm3500033,4570,2955,Saturday
atm3500034,1985,5355,Saturday
atm3500035,4650,6080,Saturday
atm3500062,5875,5130,Saturday
atm3500063,6160,4070,Saturday
atm3500064,2675,5545,Saturday
atm3500065,3465,3605,Saturday
atm35000230,5795,5190,Saturday
atm35000231,2625,5370,Saturday
atm35000232,5585,5555,Saturday
atm35000233,3660,5660,Saturday
atm35000234,3940,2815,Saturday
atm35000235,5375,4365,Saturday
atm35000236,3645,4180,Saturday
atm35000237,3020,4170,Saturday
atm35000238,4315,5065,Saturday
atm35000239,4665,4830,Saturday
atm35000240,4365,4595,Saturday
atm35000241,4210,5235,Saturday
atm35000242,3940,4765,Saturday
atm35000243,3080,4280,Saturday
atm35000244,5565,4765,Saturday
atm35000245,6165,4510,Saturday
atm35000246,5275,5775,Saturday
atm35000247,4480,3670,Saturday
atm35000248,3030,3110,Saturday
atm35000249,4925,4010,Saturday
atm35000250,5805,6510,Saturday
atm35000251,5755,3900,Saturday
atm35000252,4005,4525,Saturday
atm35000253,5480,4410,Saturday
atm35000254,3570,2740,Saturday
atm35000255,4670,3915,Saturday
atm35000256,6745,4465,Saturday
atm35000257,2990,3175,Saturday
atm35000258,1670,5330,Saturday
atm35000259,4505,3915,Saturday
atm35000260,5195,2975,Saturday
atm35000261,2720,5375,Saturday
atm35000262,2585,4810,Saturday
atm35000263,1950,4520,Saturday
atm35000264,4300,4985,Saturday
atm3500036,4840,6520,Saturday
atm3500037,2730,3940,Saturday
atm3500038,5580,6485,Saturday
atm3500039,4715,6360,Saturday
atm3500040,4650,5760,Saturday
atm3500041,5915,5550,Saturday
atm3500042,3290,6150,Saturday
atm3500043,6065,4510,Saturday
atm3500044,5920,5850,Saturday
atm3500045,1895,3535,Saturday
atm3500046,5715,4615,Saturday
atm3500047,3070,5265,Saturday
atm3500048,1905,5315,Saturday
atm3500049,1985,3910,Saturday
atm3500050,2925,5025,Saturday
atm3500051,1930,4115,Saturday
atm3500052,5440,5640,Saturday
atm3500053,5045,2620,Saturday
atm3500054,6275,5925,Saturday
atm3500055,1200,4330,Saturday
atm3500056,6400,7325,Saturday
atm3500057,5465,6145,Saturday
atm3500058,4500,5440,Saturday
atm3500059,2220,4755,Saturday
atm3500060,5570,3770,Saturday
atm3500061,4460,5625,Saturday
atm3500066,3125,4840,Saturday
atm3500067,4585,6160,Saturday
atm3500068,6555,4895,Saturday
atm3500069,4550,6090,Saturday
atm3500070,2470,4080,Saturday
atm3500071,4000,5595,Saturday
atm3500072,1460,5000,Saturday
atm3500073,3595,3890,Saturday
atm3500074,2445,5545,Saturday
atm3500075,5985,6915,Saturday
atm3500076,4375,5925,Saturday
atm3500077,5415,5620,Saturday
atm3500078,5770,3295,Saturday
atm3500079,4580,4180,Saturday
atm3500080,3255,4915,Saturday
atm3500081,2135,6975,Saturday
atm3500082,3910,6395,Saturday
atm3500083,5115,7205,Saturday
atm3500084,4230,4310,Saturday
atm3500085,4035,5325,Saturday
atm3500086,3910,4505,Saturday
atm3500087,5130,7090,Saturday
atm3500088,4645,5160,Saturday
atm3500089,3530,5140,Saturday
atm3500090,5020,3965,Saturday
atm3500091,5870,4375,Saturday
atm3500092,3885,3635,Saturday
atm3500093,3935,3100,Saturday
atm3500094,4495,6045,Saturday
atm3500095,5535,5230,Saturday
atm3500096,3925,3985,Saturday
atm3500097,6120,4775,Saturday
atm3500098,4965,3530,Saturday
atm3500099,2310,4085,Saturday
atm35000100,2990,4675,Saturday
atm35000101,2865,4135,Saturday
atm35000102,4000,3175,Saturday
atm35000103,3875,4295,Saturday
atm35000104,4880,4675,Saturday
atm35000105,2605,5065,Saturday
atm35000106,3130,5760,Saturday
atm35000107,3530,4090,Saturday
atm35000108,2750,4730,Saturday
atm35000109,3495,3680,Saturday
atm35000110,1700,6940,Saturday
atm35000111,3795,4500,Saturday
atm35000112,3760,4105,Saturday
atm35000113,5720,6690,Saturday
atm35000114,2915,4185,Saturday
atm35000115,4595,5715,Saturday
atm35000116,3335,6015,Saturday
atm35000117,3685,6210,Saturday
atm35000118,2975,5830,Saturday
atm35000119,6880,3425,Saturday
atm35000120,5780,4945,Saturday
atm35000121,3600,4945,Saturday
atm35000122,3130,2875,Saturday
atm35000123,4275,4540,Saturday
atm35000124,5310,5110,Saturday
atm35000125,2135,6405,Saturday
atm35000126,4575,4440,Saturday
atm35000127,4255,4420,Saturday
atm35000128,4440,4925,Saturday
atm35000129,2855,5230,Saturday
atm35000130,6575,3840,Saturday
atm35000131,6140,3955,Saturday
atm35000132,4395,5405,Saturday
atm35000133,2380,4505,Saturday
atm35000134,5125,3865,Saturday
atm35000135,6060,5125,Saturday
atm35000136,1875,6430,Saturday
atm35000137,5850,6405,Saturday
atm35000138,5235,4910,Saturday
atm35000139,4835,6140,Saturday
atm35000140,5545,6445,Saturday
atm35000141,5415,5790,Saturday
atm35000142,5415,6150,Saturday
atm35000143,7120,4670,Saturday
atm35000144,4220,5540,Saturday
atm35000145,5650,5520,Saturday
atm35000146,3985,3515,Saturday
atm35000147,6070,2120,Saturday
atm35000148,3890,3215,Saturday
atm35000149,4585,5940,Saturday
atm35000150,3280,5915,Saturday
atm35000151,5840,5510,Saturday
atm35000152,6300,4955,Saturday
atm35000153,2820,5265,Saturday
atm35000154,3500,6165,Saturday
atm35000155,1715,3380,Saturday
atm35000156,4465,4635,Saturday
atm35000157,6805,5890,Saturday
atm35000158,5900,4950,Saturday
atm35000159,2085,5205,Saturday
atm35000160,3870,4270,Saturday
atm35000161,3550,5240,Saturday
atm35000162,2135,3930,Saturday
atm35000163,6510,2735,Saturday
atm35000164,5390,4195,Saturday
atm35000165,6225,6385,Saturday
atm35000166,5785,6600,Saturday
atm35000167,6565,5555,Saturday
atm35000168,4300,5515,Saturday
atm35000169,2940,5555,Saturday
atm35000170,2355,6660,Saturday
atm35000171,2265,3115,Saturday
atm35000172,2880,3040,Saturday
atm35000173,2960,4370,Saturday
atm35000174,3170,6890,Saturday
atm35000175,5650,3575,Saturday
atm35000176,5955,5145,Saturday
atm35000177,1820,3455,Saturday
atm35000178,4410,4560,Saturday
atm35000179,5920,5430,Saturday
atm35000180,5535,3545,Saturday
atm35000181,3425,2835,Saturday
atm35000182,2180,3370,Saturday
atm35000183,2765,4950,Saturday
atm35000184,5910,3940,Saturday
atm35000185,2115,3540,Saturday
atm35000186,2100,2915,Saturday
atm35000187,3240,5445,Saturday
atm35000188,3515,4295,Saturday
atm35000189,5020,2975,Saturday
atm35000190,6100,4715,Saturday
atm35000191,4075,5665,Saturday
atm35000192,3100,7240,Saturday
atm35000193,6465,3910,Saturday
atm35000194,5335,5480,Saturday
atm35000195,1485,7275,Saturday
atm35000196,4640,6260,Saturday
atm35000197,5160,4480,Saturday
atm35000198,5840,4475,Saturday
atm35000199,5150,4215,Saturday
atm35000200,4350,4910,Saturday
atm35000201,5405,2595,Saturday
atm35000202,5375,5955,Saturday
atm35000203,4410,6690,Saturday
atm35000204,5175,4160,Saturday
atm35000205,7025,5045,Saturday
atm35000206,4005,5650,Saturday
atm35000207,3510,4740,Saturday
atm35000208,3970,4995,Saturday
atm35000209,3180,5565,Saturday
atm35000210,2375,5750,Saturday
atm35000211,5040,5780,Saturday
atm35000212,2385,4535,Saturday
atm35000213,4165,4510,Saturday
atm35000214,2580,4120,Saturday
atm35000215,4610,5770,Saturday
atm35000216,5585,5860,Saturday
atm35000217,5885,6180,Saturday
atm35000218,5655,5750,Saturday
atm35000219,5390,3840,Saturday
atm35000220,5820,3260,Saturday
atm35000221,5365,5280,Saturday
atm35000222,4795,4070,Saturday
atm35000223,2845,3440,Saturday
atm35000224,6315,3565,Saturday
atm35000225,2730,3450,Saturday
atm35000226,3600,4830,Saturday
atm35000227,5360,5960,Saturday
atm35000228,6035,4165,Saturday
atm35000229,3320,4295,Saturday
atm35000265,4100,5180,Saturday
atm35000266,5060,5400,Saturday
atm35000267,2880,4620,Saturday
atm35000268,2885,4845,Saturday
atm35000269,5095,4800,Saturday
atm35000270,6080,4730,Saturday
atm35000271,4860,7425,Saturday
atm35000272,6035,6575,Saturday
atm35000273,2515,4280,Saturday
atm35000274,5640,5720,Saturday
atm35000275,3545,5730,Saturday
atm35000276,6365,4560,Saturday
atm35000277,1450,3780,Saturday
atm35000278,2440,4950,Saturday
atm35000279,3175,3755,Saturday
atm35000280,4940,6235,Saturday
atm35000281,3445,6100,Saturday
atm35000282,3560,5640,Saturday
atm35000283,7315,5865,Saturday
atm35000284,5135,5610,Saturday
atm35000285,3165,4705,Saturday
atm35000286,2595,3675,Saturday
atm35000287,2570,4225,Saturday
atm35000288,2105,5505,Saturday
atm35000289,2420,4125,Saturday
atm35000290,7275,3875,Saturday
atm35000291,3620,5155,Saturday
atm35000292,2825,5850,Saturday
atm35000293,5820,3270,Saturday
atm35000294,1590,4210,Saturday
atm35000295,4655,4205,Saturday
atm35000296,2375,5955,Saturday
atm35000297,4595,4290,Saturday
atm35000298,4725,3070,Saturday
atm35000299,4435,6215,Saturday
atm35000300,3675,4070,Saturday
atm35000301,4095,3905,Saturday
atm35000302,6270,3790,Saturday
atm35000303,4630,6540,Saturday
atm35000304,3980,4725,Saturday
atm35000305,4290,4895,Saturday
atm35000306,5370,4905,Saturday
atm35000307,4410,5320,Saturday
atm35000308,4590,3710,Saturday
atm35000309,7565,5605,Saturday
atm35000310,4505,5575,Saturday
atm35000311,4415,3750,Saturday
atm35000312,5075,4335,Saturday
atm35000313,4805,6725,Saturday
atm35000314,6680,4130,Saturday
atm35000315,6635,3420,Saturday
atm35000316,5650,6515,Saturday
atm35000317,4890,5820,Saturday
atm35000318,6705,5245,Saturday
atm35000319,2695,6335,Saturday
atm35000320,4925,5345,Saturday
atm35000321,4075,6770,Saturday
atm35000322,2380,4450,Saturday
atm35000323,4255,3635,Saturday
atm35000324,4010,5970,Saturday
atm35000325,6355,5545,Saturday
atm35000326,5035,6545,Saturday
atm35000327,1900,6095,Saturday
atm35000328,3470,3935,Saturday
atm35000329,4925,6200,Saturday
atm35000330,4690,5275,Saturday
atm35000331,2085,3560,Saturday
atm35000332,2190,3510,Saturday
atm35000333,5755,3905,Saturday
atm35000334,2920,5515,Saturday
atm35000335,5970,4940,Saturday
atm35000336,5355,7535,Saturday
atm35000337,4950,6575,Saturday
atm35000338,6020,4630,Saturday
atm35000339,5965,5325,Saturday
atm35000340,3475,3050,Saturday
atm35000341,4515,4355,Saturday
atm35000342,4370,6700,Saturday
atm35000343,3125,3560,Saturday
atm35000344,4710,4730,Saturday
atm35000345,2390,3740,Saturday
atm35000346,5630,6250,Saturday
atm35000347,5780,4940,Saturday
atm35000348,1485,3575,Saturday
atm35000349,3370,5885,Saturday
atm35000350,5465,5865,Saturday
atm35000351,5660,4415,Saturday
atm35000352,2110,3950,Saturday
atm35000353,5140,3960,Saturday
atm35000354,6855,3245,Saturday
atm35000355,3745,2440,Saturday
atm35000356,4560,5450,Saturday
atm35000357,4035,5920,Saturday
atm35000358,3165,5805,Saturday
atm0,0,0,Saturday
atm350001,2325,2845,Saturday
atm350002,3215,4300,Saturday
atm350003,5480,5440,Saturday
atm350004,4915,3930,Saturday
atm350005,3815,3185,Saturday
atm350006,2080,5125,Saturday
atm350007,4220,4085,Saturday
atm350008,6795,5830,Saturday
atm350009,6150,5295,Saturday
atm3500010,4300,5280,Saturday
atm3500011,3620,4950,Saturday
atm3500012,6795,4970,Saturday
atm3500013,4360,6055,Saturday
atm3500014,3315,5180,Saturday
atm3500015,2315,4720,Saturday
atm3500016,5575,3850,Saturday
atm3500017,2735,4390,Saturday
atm3500018,3995,3650,Saturday
atm3500019,2330,5815,Saturday
atm3500020,2940,5875,Saturday
atm3500021,2620,5090,Saturday
atm3500022,4370,5275,Saturday
atm3500023,2380,4305,Saturday
atm3500024,4195,4250,Saturday
atm3500025,5955,5030,Saturday
atm3500026,3280,3415,Saturday
atm3500027,5350,5000,Saturday
atm3500028,7360,5950,Saturday
atm3500029,1965,6125,Saturday
atm3500030,2440,4385,Saturday
atm3500031,3270,5015,Saturday
atm3500032,3060,7235,Saturday
atm3500033,4340,4285,Saturday
atm3500034,5175,6295,Saturday
atm3500035,2945,2835,Saturday
atm3500062,6915,5810,Saturday
atm3500063,4565,4205,Saturday
atm3500064,3120,3530,Saturday
atm3500065,2625,5855,Saturday
atm35000230,4800,5270,Saturday
atm35000231,3155,5220,Saturday
atm35000232,3835,3865,Saturday
atm35000233,3670,3985,Saturday
atm35000234,5205,4070,Saturday
atm35000235,4640,5115,Saturday
atm35000236,4950,4400,Saturday
atm35000237,3965,5425,Saturday
atm35000238,3055,6080,Saturday
atm35000239,3435,2895,Saturday
atm35000240,4040,3160,Saturday
atm35000241,4965,2880,Saturday
atm35000242,5410,5705,Saturday
atm35000243,3550,4135,Saturday
atm35000244,3285,4045,Saturday
atm35000245,4865,4810,Saturday
atm35000246,5540,3560,Saturday
atm35000247,5595,6110,Saturday
atm35000248,5580,4425,Saturday
atm35000249,2195,6280,Saturday
atm35000250,6335,7080,Saturday
atm35000251,4645,6210,Saturday
atm35000252,2980,4785,Saturday
atm35000253,5525,5150,Saturday
atm35000254,4330,5905,Saturday
atm35000255,3935,4330,Saturday
atm35000256,6650,2440,Saturday
atm35000257,3955,6265,Saturday
atm35000258,5265,4185,Saturday
atm35000259,1875,3445,Saturday
atm35000260,4575,5495,Saturday
atm35000261,5285,5720,Saturday
atm35000262,4735,6060,Saturday
atm35000263,3825,5270,Saturday
atm35000264,2290,6240,Saturday
atm3500036,3350,6585,Saturday
atm3500037,2510,5080,Saturday
atm3500038,2655,3375,Saturday
atm3500039,2400,5890,Saturday
atm3500040,3340,5350,Saturday
atm3500041,4690,3310,Saturday
atm3500042,6075,5980,Saturday
atm3500043,5420,6065,Saturday
atm3500044,3435,7075,Saturday
atm3500045,4745,6025,Saturday
atm3500046,4660,2715,Saturday
atm3500047,5940,5005,Saturday
atm3500048,4455,3815,Saturday
atm3500049,1315,3115,Saturday
atm3500050,4735,4000,Saturday
atm3500051,5905,5470,Saturday
atm3500052,2625,6870,Saturday
atm3500053,3315,4975,Saturday
atm3500054,5255,6150,Saturday
atm3500055,2705,4420,Saturday
atm3500056,5125,4885,Saturday
atm3500057,7135,5550,Saturday
atm3500058,3145,4205,Saturday
atm3500059,4465,3845,Saturday
atm3500060,2015,4580,Saturday
atm3500061,4320,4165,Saturday
atm3500066,1975,6325,Saturday
atm3500067,3170,5975,Saturday
atm3500068,5140,3160,Saturday
atm3500069,3770,3755,Saturday
atm3500070,5235,5525,Saturday
atm3500071,3465,4770,Saturday
atm3500072,4280,2815,Saturday
atm3500073,4545,4970,Saturday
atm3500074,2400,6355,Saturday
atm3500075,6300,4665,Saturday
atm3500076,4155,5265,Saturday
atm3500077,3265,4625,Saturday
atm3500078,4470,4935,Saturday
atm3500079,3435,4315,Saturday
atm3500080,2950,6255,Saturday
atm3500081,3765,3850,Saturday
atm3500082,5600,4520,Saturday
atm3500083,4905,6155,Saturday
atm3500084,3855,4115,Saturday
atm3500085,2750,3765,Saturday
atm3500086,3830,3960,Saturday
atm3500087,6740,5125,Saturday
atm3500088,4770,2715,Saturday
atm3500089,3190,5260,Saturday
atm3500090,5185,4730,Saturday
atm3500091,3755,6740,Saturday
atm3500092,1280,4620,Saturday
atm3500093,4435,4450,Saturday
atm3500094,2215,4570,Saturday
atm3500095,3575,3475,Saturday
atm3500096,4070,6370,Saturday
atm3500097,2345,6365,Saturday
atm3500098,3950,4155,Saturday
atm3500099,4745,6255,Saturday
atm35000100,2295,6030,Saturday
atm35000101,3605,4440,Saturday
atm35000102,3065,3695,Saturday
atm35000103,5630,3795,Saturday
atm35000104,5340,3070,Saturday
atm35000105,3215,5040,Saturday
atm35000106,2495,5115,Saturday
atm35000107,6950,6460,Saturday
atm35000108,3420,3935,Saturday
atm35000109,4220,4015,Saturday
atm35000110,5050,4600,Saturday
atm35000111,4350,5005,Saturday
atm35000112,2585,4630,Saturday
atm35000113,2720,5010,Saturday
atm35000114,4780,6520,Saturday
atm35000115,3830,3810,Saturday
atm35000116,4525,5910,Saturday
atm35000117,3530,4650,Saturday
atm35000118,3455,4555,Saturday
atm35000119,6655,4845,Saturday
atm35000120,4840,4450,Saturday
atm35000121,6825,5405,Saturday
atm35000122,5135,5565,Saturday
atm35000123,2790,4835,Saturday
atm35000124,5575,5075,Saturday
atm35000125,2000,4760,Saturday
atm35000126,5690,4450,Saturday
atm35000127,6105,6065,Saturday
atm35000128,5655,3985,Saturday
atm35000129,1295,3635,Saturday
atm35000130,4295,6655,Saturday
atm35000131,2455,3980,Saturday
atm35000132,3360,3780,Saturday
atm35000133,3780,4405,Saturday
atm35000134,4985,4930,Saturday
atm35000135,6565,3380,Saturday
atm35000136,2885,3135,Saturday
atm35000137,6060,4870,Saturday
atm35000138,5785,5180,Saturday
atm35000139,3605,4705,Saturday
atm35000140,2030,5950,Saturday
atm35000141,4300,5475,Saturday
atm35000142,3055,5765,Saturday
atm35000143,4210,6065,Saturday
atm35000144,3790,3870,Saturday
atm35000145,5400,5020,Saturday
atm35000146,1885,4705,Saturday
atm35000147,3670,3855,Saturday
atm35000148,3675,4630,Saturday
atm35000149,4715,4545,Saturday
atm35000150,2535,4840,Saturday
atm35000151,2540,3290,Saturday
atm35000152,3655,2240,Saturday
atm35000153,5845,4395,Saturday
atm35000154,3415,7430,Saturday
atm35000155,2405,3535,Saturday
atm35000156,4710,6315,Saturday
atm35000157,2850,4860,Saturday
atm35000158,3360,5100,Saturday
atm35000159,3065,4795,Saturday
atm35000160,6365,5555,Saturday
atm35000161,5225,5840,Saturday
atm35000162,5725,5935,Saturday
atm35000163,2660,5510,Saturday
atm35000164,3750,3055,Saturday
atm35000165,5080,4660,Saturday
atm35000166,5320,4590,Saturday
atm35000167,6905,4830,Saturday
atm35000168,5215,5395,Saturday
atm35000169,6125,2965,Saturday
atm35000170,6585,4010,Saturday
atm35000171,7210,5190,Saturday
atm35000172,3395,6235,Saturday
atm35000173,5685,4240,Saturday
atm35000174,5830,4705,Saturday
atm35000175,4875,4350,Saturday
atm35000176,2685,5560,Saturday
atm35000177,4280,6950,Saturday
atm35000178,4900,5240,Saturday
atm35000179,4950,3660,Saturday
atm35000180,2870,6025,Saturday
atm35000181,5650,4160,Saturday
atm35000182,2365,4905,Saturday
atm35000183,2940,5155,Saturday
atm35000184,3700,4200,Saturday
atm35000185,4020,4010,Saturday
atm35000186,3655,4240,Saturday
atm35000187,6035,4990,Saturday
atm35000188,2790,5775,Saturday
atm35000189,4450,3910,Saturday
atm35000190,5765,6360,Saturday
atm35000191,7180,5370,Saturday
atm35000192,5020,5480,Saturday
atm35000193,2120,4165,Saturday
atm35000194,4205,3250,Saturday
atm35000195,6070,4265,Saturday
atm35000196,2435,3475,Saturday
atm35000197,2585,5945,Saturday
atm35000198,5680,6120,Saturday
atm35000199,3385,4995,Saturday
atm35000200,4230,5780,Saturday
atm35000201,3840,6960,Saturday
atm35000202,5200,6625,Saturday
atm35000203,2485,6340,Saturday
atm35000204,4700,3335,Saturday
atm35000205,2190,3955,Saturday
atm35000206,5775,7280,Saturday
atm35000207,2610,3175,Saturday
atm35000208,3110,6725,Saturday
atm35000209,2110,5685,Saturday
atm35000210,2765,5710,Saturday
atm35000211,4310,5925,Saturday
atm35000212,5530,3115,Saturday
atm35000213,3460,4600,Saturday
atm35000214,6035,4865,Saturday
atm35000215,2165,5040,Saturday
atm35000216,2875,6050,Saturday
atm35000217,3715,7895,Saturday
atm35000218,7690,5920,Saturday
atm35000219,5145,4375,Saturday
atm35000220,5105,4625,Saturday
atm35000221,3185,3560,Saturday
atm35000222,3610,5650,Saturday
atm35000223,3270,5820,Saturday
atm35000224,5040,3860,Saturday
atm35000225,5170,5570,Saturday
atm35000226,7150,3290,Saturday
atm35000227,4455,4680,Saturday
atm35000228,5660,5560,Saturday
atm35000229,6305,4235,Saturday
atm35000265,5730,5665,Saturday
atm35000266,2490,5355,Saturday
atm35000267,5905,3810,Saturday
atm35000268,7085,5320,Saturday
atm35000269,4255,5175,Saturday
atm35000270,3365,7020,Saturday
atm35000271,2930,5725,Saturday
atm35000272,4185,7305,Saturday
atm35000273,5680,3430,Saturday
atm35000274,3610,6225,Saturday
atm35000275,5150,6725,Saturday
atm35000276,5200,7150,Saturday
atm35000277,3175,4795,Saturday
atm35000278,1820,4755,Saturday
atm35000279,3355,4835,Saturday
atm35000280,4320,6165,Saturday
atm35000281,4445,3650,Saturday
atm35000282,4290,3420,Saturday
atm35000283,5150,5965,Saturday
atm35000284,2275,3870,Saturday
atm35000285,3210,3935,Saturday
atm35000286,5740,5750,Saturday
atm35000287,4700,5570,Saturday
atm35000288,6230,4565,Saturday
atm35000289,6055,3785,Saturday
atm35000290,3870,5835,Saturday
atm35000291,3920,4270,Saturday
atm35000292,2575,6055,Saturday
atm35000293,6350,4535,Saturday
atm35000294,4835,5495,Saturday
atm35000295,2920,5955,Saturday
atm35000296,3735,6230,Saturday
atm35000297,4095,4475,Saturday
atm35000298,5045,4290,Saturday
atm35000299,4130,4280,Saturday
atm35000300,5675,5765,Saturday
atm35000301,5445,3740,Saturday
atm35000302,2495,5435,Saturday
atm35000303,7035,5735,Saturday
atm35000304,6530,5885,Saturday
atm35000305,4075,6330,Saturday
atm35000306,6035,4590,Saturday
atm35000307,4315,5305,Saturday
atm35000308,5330,5030,Saturday
atm35000309,5690,4020,Saturday
atm35000310,2600,4680,Saturday
atm35000311,2435,4285,Saturday
atm35000312,4435,4730,Saturday
atm35000313,3695,4855,Saturday
atm35000314,5790,6735,Saturday
atm35000315,3365,4365,Saturday
atm35000316,2790,4005,Saturday
atm35000317,6505,4855,Saturday
atm35000318,5025,4985,Saturday
atm35000319,6325,6215,Saturday
atm35000320,6630,4645,Saturday
atm35000321,3610,3705,Saturday
atm35000322,2395,4595,Saturday
atm35000323,1995,4430,Saturday
atm35000324,5100,4855,Saturday
atm35000325,6630,5125,Saturday
atm35000326,2180,5735,Saturday
atm35000327,3255,5245,Saturday
atm35000328,3670,6130,Saturday
atm35000329,5490,4805,Saturday
atm35000330,2255,5195,Saturday
atm35000331,4945,3990,Saturday
atm35000332,2825,4530,Saturday
atm35000333,2540,4290,Saturday
atm35000334,2325,3755,Saturday
atm35000335,5115,7690,Saturday
atm35000336,6075,3290,Saturday
atm35000337,5445,6265,Saturday
atm35000338,2560,3840,Saturday
atm35000339,6055,5705,Saturday
atm35000340,4055,3895,Saturday
atm35000341,5005,6125,Saturday
atm35000342,2875,7390,Saturday
atm35000343,7355,3830,Saturday
atm35000344,4450,5770,Saturday
atm35000345,5345,6200,Saturday
atm35000346,5550,5870,Saturday
atm35000347,2350,6260,Saturday
atm35000348,4425,4570,Saturday
atm35000349,5070,4910,Saturday
atm35000350,6075,4510,Saturday
atm35000351,3700,3135,Saturday
atm35000352,2805,2780,Saturday
atm35000353,3610,2950,Saturday
atm35000354,1750,3325,Saturday
atm35000355,1490,3310,Saturday
atm35000356,6400,5410,Saturday
atm35000357,5410,4665,Saturday
atm35000358,6080,4165,Saturday
atm0,0,0,Saturday
atm350001,4310,3225,Saturday
atm350002,6050,5120,Saturday
atm350003,2380,6485,Saturday
atm350004,6265,5745,Saturday
atm350005,1800,2910,Saturday
atm350006,3600,5535,Saturday
atm350007,2030,4470,Saturday
atm350008,2645,4420,Saturday
atm350009,4065,3580,Saturday
atm3500010,4055,5285,Saturday
atm3500011,6475,4490,Saturday
atm3500012,4855,4125,Saturday
atm3500013,7670,4160,Saturday
atm3500014,2910,4750,Saturday
atm3500015,6100,4540,Saturday
atm3500016,5920,6980,Saturday
atm3500017,2415,5435,Saturday
atm3500018,3035,4540,Saturday
atm3500019,6715,6050,Saturday
atm3500020,3560,3275,Saturday
atm3500021,1860,5740,Saturday
atm3500022,4865,5975,Saturday
atm3500023,4735,5920,Saturday
atm3500024,4000,5325,Saturday
atm3500025,5810,5130,Saturday
atm3500026,3190,6835,Saturday
atm3500027,1735,4305,Saturday
atm3500028,2465,3975,Saturday
atm3500029,6395,6555,Saturday
atm3500030,5830,6940,Saturday
atm3500031,3750,4075,Saturday
atm3500032,2475,3325,Saturday
atm3500033,3090,2900,Saturday
atm3500034,2120,3535,Saturday
atm3500035,2355,4045,Saturday
atm3500062,6520,4655,Saturday
atm3500063,3045,6560,Saturday
atm3500064,4280,5245,Saturday
atm3500065,5265,3030,Saturday
atm35000230,2665,3695,Saturday
atm35000231,5885,4770,Saturday
atm35000232,1840,5430,Saturday
atm35000233,4955,6675,Saturday
atm35000234,5275,5820,Saturday
atm35000235,5605,6525,Saturday
atm35000236,4860,4340,Saturday
atm35000237,2800,3300,Saturday
atm35000238,6925,7095,Saturday
atm35000239,5335,6010,Saturday
atm35000240,3545,5595,Saturday
atm35000241,2900,3580,Saturday
atm35000242,5025,6450,Saturday
atm35000243,4640,3210,Saturday
atm35000244,3335,4335,Saturday
atm35000245,5750,6910,Saturday
atm35000246,4500,3870,Saturday
atm35000247,4395,4115,Saturday
atm35000248,3435,7025,Saturday
atm35000249,5640,3600,Saturday
atm35000250,4740,4185,Saturday
atm35000251,4595,5345,Saturday
atm35000252,4180,4845,Saturday
atm35000253,3420,6110,Saturday
atm35000254,2345,4955,Saturday
atm35000255,5840,4985,Saturday
atm35000256,2430,4255,Saturday
atm35000257,5830,6240,Saturday
atm35000258,3760,4870,Saturday
atm35000259,2310,3650,Saturday
atm35000260,4785,4555,Saturday
atm35000261,3700,3695,Saturday
atm35000262,2960,5660,Saturday
atm35000263,5590,5035,Saturday
atm35000264,3850,4885,Saturday
atm3500036,5730,4605,Saturday
atm3500037,6035,6140,Saturday
atm3500038,4695,6160,Saturday
atm3500039,5695,3310,Saturday
atm3500040,1840,4040,Saturday
atm3500041,2105,3590,Saturday
atm3500042,5535,5725,Saturday
atm3500043,3045,5945,Saturday
atm3500044,2170,3460,Saturday
atm3500045,6025,4585,Saturday
atm3500046,1480,3610,Saturday
atm3500047,5230,3670,Saturday
atm3500048,4515,6290,Saturday
atm3500049,4265,5465,Saturday
atm3500050,3425,5580,Saturday
atm3500051,2445,5855,Saturday
atm3500052,2860,4765,Saturday
atm3500053,3720,5745,Saturday
atm3500054,6615,6440,Saturday
atm3500055,4475,4675,Saturday
atm3500056,5230,5645,Saturday
atm3500057,4735,3640,Saturday
atm3500058,3570,5280,Saturday
atm3500059,4955,3900,Saturday
atm3500060,5315,4425,Saturday
atm3500061,5155,3445,Saturday
atm3500066,4940,6415,Saturday
atm3500067,5015,4030,Saturday
atm3500068,2345,5630,Saturday
atm3500069,3130,5225,Saturday
atm3500070,3280,5025,Saturday
atm3500071,4495,7030,Saturday
atm3500072,4755,3990,Saturday
atm3500073,2245,2350,Saturday
atm3500074,5220,3645,Saturday
atm3500075,5250,6550,Saturday
atm3500076,4095,4960,Saturday
atm3500077,4230,7115,Saturday
atm3500078,2995,7835,Saturday
atm3500079,4585,6400,Saturday
atm3500080,2235,6180,Saturday
atm3500081,5850,3995,Saturday
atm3500082,5175,5585,Saturday
atm3500083,7005,6400,Saturday
atm3500084,5355,3160,Saturday
atm3500085,2190,1870,Saturday
atm3500086,2215,6775,Saturday
atm3500087,6255,5770,Saturday
atm3500088,1615,3315,Saturday
atm3500089,5370,4640,Saturday
atm3500090,4065,5485,Saturday
atm3500091,3880,2665,Saturday
atm3500092,4565,5715,Saturday
atm3500093,2675,3710,Saturday
atm3500094,5720,3050,Saturday
atm3500095,5470,5610,Saturday
atm3500096,2470,5680,Saturday
atm3500097,3130,3870,Saturday
atm3500098,5730,3840,Saturday
atm3500099,3740,3175,Saturday
atm35000100,1285,3745,Saturday
atm35000101,3115,4615,Saturday
atm35000102,2070,5250,Saturday
atm35000103,4215,7015,Saturday
atm35000104,4190,3860,Saturday
atm35000105,5990,5765,Saturday
atm35000106,3305,4395,Saturday
atm35000107,4135,3875,Saturday
atm35000108,3775,6620,Saturday
atm35000109,4305,3125,Saturday
atm35000110,4710,5175,Saturday
atm35000111,5175,5235,Saturday
atm35000112,4330,5090,Saturday
atm35000113,6545,3425,Saturday
atm35000114,5440,4170,Saturday
atm35000115,2880,4600,Saturday
atm35000116,4010,5185,Saturday
atm35000117,4085,4835,Saturday
atm35000118,2670,6020,Saturday
atm35000119,1555,4385,Saturday
atm35000120,5445,3165,Saturday
atm35000121,1515,5355,Saturday
atm35000122,2830,6180,Saturday
atm35000123,2750,4985,Saturday
atm35000124,5265,5970,Saturday
atm35000125,5540,5670,Saturday
atm35000126,2160,3520,Saturday
atm35000127,5040,3225,Saturday
atm35000128,4970,3205,Saturday
atm35000129,2020,2850,Saturday
atm35000130,1575,4080,Saturday
atm35000131,1720,4775,Saturday
atm35000132,3265,5100,Saturday
atm35000133,4275,3905,Saturday
atm35000134,3775,4320,Saturday
atm35000135,2145,6060,Saturday
atm35000136,3280,4330,Saturday
atm35000137,4805,4855,Saturday
atm35000138,2650,3945,Saturday
atm35000139,3890,2530,Saturday
atm35000140,3690,4000,Saturday
atm35000141,5895,4085,Saturday
atm35000142,5060,4125,Saturday
atm35000143,3260,6455,Saturday
atm35000144,7635,4280,Saturday
atm35000145,3900,4535,Saturday
atm35000146,5430,4190,Saturday
atm35000147,4905,3480,Saturday
atm35000148,5385,3670,Saturday
atm35000149,8055,4290,Saturday
atm35000150,1295,5125,Saturday
atm35000151,4075,5220,Saturday
atm35000152,1885,3235,Saturday
atm35000153,6095,2480,Saturday
atm35000154,3930,6530,Saturday
atm35000155,7000,6065,Saturday
atm35000156,6180,6470,Saturday
atm35000157,3020,5020,Saturday
atm35000158,5795,5830,Saturday
atm35000159,6295,5260,Saturday
atm35000160,3985,5375,Saturday
atm35000161,2955,3610,Saturday
atm35000162,5830,2935,Saturday
atm35000163,6985,7465,Saturday
atm35000164,3450,3265,Saturday
atm35000165,4905,4730,Saturday
atm35000166,4270,5860,Saturday
atm35000167,6680,7020,Saturday
atm35000168,4055,4470,Saturday
atm35000169,3295,7880,Saturday
atm35000170,5515,3045,Saturday
atm35000171,3255,4455,Saturday
atm35000172,5270,3535,Saturday
atm35000173,4205,4015,Saturday
atm35000174,4885,5155,Saturday
atm35000175,3560,4120,Saturday
atm35000176,1285,4865,Saturday
atm35000177,2935,3650,Saturday
atm35000178,5445,5080,Saturday
atm35000179,6210,6150,Saturday
atm35000180,3095,4295,Saturday
atm35000181,3960,3085,Saturday
atm35000182,5845,4040,Saturday
atm35000183,2715,4930,Saturday
atm35000184,2465,2825,Saturday
atm35000185,2115,7090,Saturday
atm35000186,4580,6440,Saturday
atm35000187,5310,5890,Saturday
atm35000188,5815,4730,Saturday
atm35000189,5805,5305,Saturday
atm35000190,6490,4630,Saturday
atm35000191,4945,6205,Saturday
atm35000192,3195,5375,Saturday
atm35000193,2100,6305,Saturday
atm35000194,3275,5025,Saturday
atm35000195,3815,4555,Saturday
atm35000196,4360,3975,Saturday
atm35000197,5765,4830,Saturday
atm35000198,4545,4010,Saturday
atm35000199,6640,6580,Saturday
atm35000200,3415,6000,Saturday
atm35000201,4010,2470,Saturday
atm35000202,3525,3790,Saturday
atm35000203,4800,4035,Saturday
atm35000204,5685,5780,Saturday
atm35000205,4960,4890,Saturday
atm35000206,4920,6135,Saturday
atm35000207,1865,3750,Saturday
atm35000208,2365,4590,Saturday
atm35000209,5415,3095,Saturday
atm35000210,5525,5945,Saturday
atm35000211,4570,5390,Saturday
atm35000212,2290,6230,Saturday
atm35000213,3340,7700,Saturday
atm35000214,4190,3860,Saturday
atm35000215,3470,6025,Saturday
atm35000216,2820,4655,Saturday
atm35000217,4365,6055,Saturday
atm35000218,2870,3620,Saturday
atm35000219,5915,3530,Saturday
atm35000220,4855,6885,Saturday
atm35000221,4740,6805,Saturday
atm35000222,4705,2760,Saturday
atm35000223,2095,5160,Saturday
atm35000224,3840,6425,Saturday
atm35000225,3590,4100,Saturday
atm35000226,4890,7400,Saturday
atm35000227,5340,7205,Saturday
atm35000228,6920,5235,Saturday
atm35000229,4195,6120,Saturday
atm35000265,2545,6155,Saturday
atm35000266,6660,6535,Saturday
atm35000267,7370,5630,Saturday
atm35000268,2575,5335,Saturday
atm35000269,2905,2820,Saturday
atm35000270,2885,5835,Saturday
atm35000271,5325,2550,Saturday
atm35000272,3115,6330,Saturday
atm35000273,2570,4340,Saturday
atm35000274,4475,7180,Saturday
atm35000275,4825,5110,Saturday
atm35000276,4280,3475,Saturday
atm35000277,1810,3940,Saturday
atm35000278,3610,6115,Saturday
atm35000279,4260,3155,Saturday
atm35000280,2910,5430,Saturday
atm35000281,4255,3470,Saturday
atm35000282,6350,5915,Saturday
atm35000283,5040,4630,Saturday
atm35000284,6460,4840,Saturday
atm35000285,4820,3380,Saturday
atm35000286,5095,6300,Saturday
atm35000287,5800,6890,Saturday
atm35000288,4055,4645,Saturday
atm35000289,2760,4865,Saturday
atm35000290,3235,5620,Saturday
atm35000291,3035,4290,Saturday
atm35000292,6825,5750,Saturday
atm35000293,1510,5955,Saturday
atm35000294,5525,6380,Saturday
atm35000295,4570,6920,Saturday
atm35000296,3870,4835,Saturday
atm35000297,5850,3800,Saturday
atm35000298,4220,5080,Saturday
atm35000299,4320,4135,Saturday
atm35000300,6110,6355,Saturday
atm35000301,5060,3210,Saturday
atm35000302,2270,2920,Saturday
atm35000303,5435,3875,Saturday
atm35000304,2475,4640,Saturday
atm35000305,5360,6035,Saturday
atm35000306,4825,6495,Saturday
atm35000307,2635,3675,Saturday
atm35000308,6075,4570,Saturday
atm35000309,3625,8375,Saturday
atm35000310,3990,6450,Saturday
atm35000311,2970,4560,Saturday
atm35000312,2810,6930,Saturday
atm35000313,5425,3790,Saturday
atm35000314,5905,5465,Saturday
atm35000315,4490,4295,Saturday
atm35000316,4125,3695,Saturday
atm35000317,6325,5520,Saturday
atm35000318,4790,5560,Saturday
atm35000319,4870,7120,Saturday
atm35000320,4260,6020,Saturday
atm35000321,5170,4945,Saturday
atm35000322,3420,5900,Saturday
atm35000323,5905,4880,Saturday
atm35000324,4110,4235,Saturday
atm35000325,2780,5535,Saturday
atm35000326,5565,4545,Saturday
atm35000327,4355,2370,Saturday
atm35000328,4200,5215,Saturday
atm35000329,3175,4845,Saturday
atm35000330,5795,4885,Saturday
atm35000331,3350,7515,Saturday
atm35000332,2735,3030,Saturday
atm35000333,5875,5860,Saturday
atm35000334,4760,2740,Saturday
atm35000335,5275,3485,Saturday
atm35000336,6820,5165,Saturday
atm35000337,3200,6660,Saturday
atm35000338,3725,3625,Saturday
atm35000339,5995,6200,Saturday
atm35000340,2780,6625,Saturday
atm35000341,855,3885,Saturday
atm35000342,4720,5610,Saturday
atm35000343,5895,6430,Saturday
atm35000344,5920,5655,Saturday
atm35000345,5405,3075,Saturday
atm35000346,4580,3500,Saturday
atm35000347,3475,3335,Saturday
atm35000348,4770,3620,Saturday
atm35000349,5955,3265,Saturday
atm35000350,2995,4660,Saturday
atm35000351,5595,6710,Saturday
atm35000352,4210,6800,Saturday
atm35000353,6670,5485,Saturday
atm35000354,5260,3595,Saturday
atm35000355,4630,7155,Saturday
atm35000356,7010,5555,Saturday
atm35000357,5025,3385,Saturday
atm35000358,2555,6020,Saturday
atm0,0,0,Saturday
atm350001,5300,4865,Saturday
atm350002,3080,5625,Saturday
atm350003,3835,7615,Saturday
atm350004,2275,2640,Saturday
atm350005,5525,3410,Saturday
atm350006,4390,3630,Saturday
atm350007,3570,4740,Saturday
atm350008,5635,3635,Saturday
atm350009,4450,4410,Saturday
atm3500010,5155,5810,Saturday
atm3500011,4970,4135,Saturday
atm3500012,1805,4690,Saturday
atm3500013,5915,4245,Saturday
atm3500014,5760,3535,Saturday
atm3500015,4500,5275,Saturday
atm3500016,2140,4355,Saturday
atm3500017,4370,4505,Saturday
atm3500018,4085,6000,Saturday
atm3500019,5425,6560,Saturday
atm3500020,4400,4585,Saturday
atm3500021,4050,4820,Saturday
atm3500022,3845,3710,Saturday
atm3500023,5920,5050,Saturday
atm3500024,4780,4890,Saturday
atm3500025,5140,5610,Saturday
atm3500026,6770,4045,Saturday
atm3500027,4885,3015,Saturday
atm3500028,4830,4475,Saturday
atm3500029,1830,6000,Saturday
atm3500030,3625,4295,Saturday
atm3500031,4545,5840,Saturday
atm3500032,6265,2935,Saturday
atm3500033,3855,4940,Saturday
atm3500034,2520,4460,Saturday
atm3500035,2520,3185,Saturday
atm3500062,1815,6620,Saturday
atm3500063,3545,3420,Saturday
atm3500064,1950,6110,Saturday
atm3500065,4645,4970,Saturday
atm35000230,2560,6435,Saturday
atm35000231,4765,4865,Saturday
atm35000232,2725,4435,Saturday
atm35000233,4240,2920,Saturday
atm35000234,2795,3275,Saturday
atm35000235,5100,5390,Saturday
atm35000236,3375,5545,Saturday
atm35000237,5670,3575,Saturday
atm35000238,2755,3110,Saturday
atm35000239,3635,5240,Saturday
atm35000240,3940,3635,Saturday
atm35000241,4195,3965,Saturday
atm35000242,5035,4560,Saturday
atm35000243,2940,3950,Saturday
atm35000244,3365,5265,Saturday
atm35000245,4955,6770,Saturday
atm35000246,5590,6525,Saturday
atm35000247,5175,3555,Saturday
atm35000248,2550,6575,Saturday
atm35000249,3375,3660,Saturday
atm35000250,3845,5130,Saturday
atm35000251,3480,4395,Saturday
atm35000252,5435,3830,Saturday
atm35000253,3915,4710,Saturday
atm35000254,3790,7425,Saturday
atm35000255,6605,2825,Saturday
atm35000256,3825,6340,Saturday
atm35000257,2815,6255,Saturday
atm35000258,2405,5800,Saturday
atm35000259,6895,4840,Saturday
atm35000260,2560,6810,Saturday
atm35000261,3630,5030,Saturday
atm35000262,2770,6400,Saturday
atm35000263,5735,4175,Saturday
atm35000264,1510,5180,Saturday
atm3500036,6770,4330,Saturday
atm3500037,4110,2275,Saturday
atm3500038,5315,4345,Saturday
atm3500039,4005,5865,Saturday
atm3500040,4550,3690,Saturday
atm3500041,5550,4250,Saturday
atm3500042,4065,3345,Saturday
atm3500043,6015,5480,Saturday
atm3500044,2890,4830,Saturday
atm3500045,3745,6650,Saturday
atm3500046,4085,3645,Saturday
atm3500047,5640,3325,Saturday
atm3500048,2320,4905,Saturday
atm3500049,4580,7155,Saturday
atm3500050,5590,4240,Saturday
atm3500051,6005,5660,Saturday
atm3500052,2800,6850,Saturday
atm3500053,4895,5250,Saturday
atm3500054,4445,3760,Saturday
atm3500055,6110,3695,Saturday
atm3500056,5130,5450,Saturday
atm3500057,2635,6215,Saturday
atm3500058,3730,4555,Saturday
atm3500059,4460,4375,Saturday
atm3500060,3640,4005,Saturday
atm3500061,6535,2885,Saturday
atm3500066,3645,5340,Saturday
atm3500067,4060,3205,Saturday
atm3500068,4415,5780,Saturday
atm3500069,3975,5620,Saturday
atm3500070,4700,3855,Saturday
atm3500071,4280,5615,Saturday
atm3500072,5765,5590,Saturday
atm3500073,3705,4090,Saturday
atm3500074,3425,3965,Saturday
atm3500075,5180,6005,Saturday
atm3500076,4760,6225,Saturday
atm3500077,5480,4205,Saturday
atm3500078,2660,2485,Saturday
atm3500079,4670,5265,Saturday
atm3500080,3790,5880,Saturday
atm3500081,5835,4530,Saturday
atm3500082,6695,6920,Saturday
atm3500083,3875,5455,Saturday
atm3500084,4180,2720,Saturday
atm3500085,5865,3935,Saturday
atm3500086,1480,4620,Saturday
atm3500087,3675,6350,Saturday
atm3500088,4445,3765,Saturday
atm3500089,3965,3900,Saturday
atm3500090,4920,4225,Saturday
atm3500091,2890,6015,Saturday
atm3500092,2800,5725,Saturday
atm3500093,4545,3100,Saturday
atm3500094,4420,3410,Saturday
atm3500095,5035,5795,Saturday
atm3500096,3780,3450,Saturday
atm3500097,1675,4555,Saturday
atm3500098,2220,6120,Saturday
atm3500099,3255,5945,Saturday
atm35000100,3190,3915,Saturday
atm35000101,6035,3560,Saturday
atm35000102,3895,5610,Saturday
atm35000103,4575,3895,Saturday
atm35000104,2780,4100,Saturday
atm35000105,2755,6465,Saturday
atm35000106,5140,3495,Saturday
atm35000107,3835,5350,Saturday
atm35000108,5210,3855,Saturday
atm35000109,1995,4220,Saturday
atm35000110,1985,3025,Saturday
atm35000111,3135,3760,Saturday
atm35000112,3365,6215,Saturday
atm35000113,5930,5570,Saturday
atm35000114,5265,4305,Saturday
atm35000115,5090,6495,Saturday
atm35000116,2425,3230,Saturday
atm35000117,2380,5825,Saturday
atm35000118,4365,4535,Saturday
atm35000119,2260,4415,Saturday
atm35000120,5460,6290,Saturday
atm35000121,6180,5150,Saturday
atm35000122,5225,4445,Saturday
atm35000123,5290,3760,Saturday
atm35000124,3965,5145,Saturday
atm35000125,2075,3795,Saturday
atm35000126,5345,3585,Saturday
atm35000127,4235,5640,Saturday
atm35000128,4725,4465,Saturday
atm35000129,5610,3050,Saturday
atm35000130,3395,6595,Saturday
atm35000131,4835,2500,Saturday
atm35000132,1790,5790,Saturday
atm35000133,5410,4145,Saturday
atm35000134,3890,3875,Saturday
atm35000135,7005,4805,Saturday
atm35000136,4380,4255,Saturday
atm35000137,4415,5565,Saturday
atm35000138,4070,3390,Saturday
atm35000139,5150,6790,Saturday
atm35000140,3740,5635,Saturday
atm35000141,3675,4740,Saturday
atm35000142,5930,3775,Saturday
atm35000143,5005,3770,Saturday
atm35000144,2770,6475,Saturday
atm35000145,2360,5360,Saturday
atm35000146,3240,3165,Saturday
atm35000147,4515,7145,Saturday
atm35000148,2385,5180,Saturday
atm35000149,6070,4770,Saturday
atm35000150,2730,3200,Saturday
atm35000151,4635,3955,Saturday
atm35000152,3170,5920,Saturday
atm35000153,6025,5185,Saturday
atm35000154,3355,3490,Saturday
atm35000155,6230,6355,Saturday
atm35000156,5960,4750,Saturday
atm35000157,2400,4640,Saturday
atm35000158,4805,4605,Saturday
atm35000159,5255,5355,Saturday
atm35000160,2990,6460,Saturday
atm35000161,2270,5195,Saturday
atm35000162,5680,5425,Saturday
atm35000163,3305,6125,Saturday
atm35000164,3845,6920,Saturday
atm35000165,4460,3850,Saturday
atm35000166,5205,4275,Saturday
atm35000167,6365,6315,Saturday
atm35000168,5525,6120,Saturday
atm35000169,2700,5700,Saturday
atm35000170,3565,4695,Saturday
atm35000171,5950,3355,Saturday
atm35000172,1785,4695,Saturday
atm35000173,5485,2925,Saturday
atm35000174,2835,3610,Saturday
atm35000175,2530,5805,Saturday
atm35000176,2585,3885,Saturday
atm35000177,5825,4510,Saturday
atm35000178,4055,4705,Saturday
atm35000179,5215,5665,Saturday
atm35000180,3950,4925,Saturday
atm35000181,5305,2625,Saturday
atm35000182,5460,5900,Saturday
atm35000183,6695,4020,Saturday
atm35000184,6965,5980,Saturday
atm35000185,4645,3920,Saturday
atm35000186,2580,5045,Saturday
atm35000187,3075,4600,Saturday
atm35000188,5880,6765,Saturday
atm35000189,5730,4010,Saturday
atm35000190,3235,3500,Saturday
atm35000191,4345,5995,Saturday
atm35000192,2600,6015,Saturday
atm35000193,5090,5815,Saturday
atm35000194,4285,3260,Saturday
atm35000195,6425,4690,Saturday
atm35000196,2045,3760,Saturday
atm35000197,3080,5725,Saturday
atm35000198,6355,5005,Saturday
atm35000199,5865,5205,Saturday
atm35000200,2760,4215,Saturday
atm35000201,2800,5215,Saturday
atm35000202,5895,3005,Saturday
atm35000203,4765,5200,Saturday
atm35000204,2510,2720,Saturday
atm35000205,2755,6575,Saturday
atm35000206,4270,5850,Saturday
atm35000207,3025,3910,Saturday
atm35000208,4595,3480,Saturday
atm35000209,7565,5175,Saturday
atm35000210,3065,5105,Saturday
atm35000211,2295,6555,Saturday
atm35000212,4915,4550,Saturday
atm35000213,3790,3850,Saturday
atm35000214,3530,4525,Saturday
atm35000215,5725,5140,Saturday
atm35000216,3850,4580,Saturday
atm35000217,3890,5560,Saturday
atm35000218,6585,3865,Saturday
atm35000219,2805,6325,Saturday
atm35000220,3880,4935,Saturday
atm35000221,2705,5600,Saturday
atm35000222,3470,5590,Saturday
atm35000223,6400,3410,Saturday
atm35000224,3650,3820,Saturday
atm35000225,5110,5320,Saturday
atm35000226,4375,6335,Saturday
atm35000227,4310,4920,Saturday
atm35000228,2465,5515,Saturday
atm35000229,5135,3715,Saturday
atm35000265,3415,3915,Saturday
atm35000266,3935,6360,Saturday
atm35000267,6735,4905,Saturday
atm35000268,2460,5065,Saturday
atm35000269,3245,5705,Saturday
atm35000270,3705,5350,Saturday
atm35000271,3580,4915,Saturday
atm35000272,4355,5185,Saturday
atm35000273,3025,3125,Saturday
atm35000274,4410,6165,Saturday
atm35000275,3815,7465,Saturday
atm35000276,4825,4770,Saturday
atm35000277,4585,5930,Saturday
atm35000278,4145,5160,Saturday
atm35000279,2965,2835,Saturday
atm35000280,6345,4450,Saturday
atm35000281,6650,5745,Saturday
atm35000282,4465,6330,Saturday
atm35000283,4920,7150,Saturday
atm35000284,6065,3680,Saturday
atm35000285,6280,5575,Saturday
atm35000286,5420,7175,Saturday
atm35000287,2290,3545,Saturday
atm35000288,5010,6435,Saturday
atm35000289,6505,4940,Saturday
atm35000290,3025,6180,Saturday
atm35000291,3460,3600,Saturday
atm35000292,3730,3320,Saturday
atm35000293,2535,5725,Saturday
atm35000294,3210,4155,Saturday
atm35000295,3845,5725,Saturday
atm35000296,4280,5895,Saturday
atm35000297,2655,5440,Saturday
atm35000298,3260,6050,Saturday
atm35000299,6410,4990,Saturday
atm35000300,5460,4340,Saturday
atm35000301,4105,4085,Saturday
atm35000302,4990,6485,Saturday
atm35000303,4700,5825,Saturday
atm35000304,5395,6880,Saturday
atm35000305,6280,3055,Saturday
atm35000306,3920,5925,Saturday
atm35000307,3085,4440,Saturday
atm35000308,3400,3345,Saturday
atm35000309,5880,3335,Saturday
atm35000310,5910,5275,Saturday
atm35000311,5485,3845,Saturday
atm35000312,3830,7055,Saturday
atm35000313,3470,3825,Saturday
atm35000314,5050,6945,Saturday
atm35000315,4355,4560,Saturday
atm35000316,5180,5725,Saturday
atm35000317,6770,4465,Saturday
atm35000318,2440,4385,Saturday
atm35000319,6935,4135,Saturday
atm35000320,4085,6130,Saturday
atm35000321,4215,4800,Saturday
atm35000322,5055,4435,Saturday
atm35000323,3340,3815,Saturday
atm35000324,5190,3285,Saturday
atm35000325,4375,5500,Saturday
atm35000326,7440,3315,Saturday
atm35000327,3350,6020,Saturday
atm35000328,4185,4430,Saturday
atm35000329,4810,5680,Saturday
atm35000330,3065,4135,Saturday
atm35000331,3020,4785,Saturday
atm35000332,2615,3655,Saturday
atm35000333,3735,3955,Saturday
atm35000334,3575,5850,Saturday
atm35000335,1610,5240,Saturday
atm35000336,4605,6465,Saturday
atm35000337,3920,3725,Saturday
atm35000338,4490,6615,Saturday
atm35000339,3655,5560,Saturday
atm35000340,6755,5980,Saturday
atm35000341,4470,4315,Saturday
atm35000342,2520,4715,Saturday
atm35000343,2945,6275,Saturday
atm35000344,4470,3190,Saturday
atm35000345,4895,3175,Saturday
atm35000346,3705,5385,Saturday
atm35000347,4690,4770,Saturday
atm35000348,2010,6405,Saturday
atm35000349,3510,6085,Saturday
atm35000350,5630,3720,Saturday
atm35000351,4730,4775,Saturday
atm35000352,2220,3290,Saturday
atm35000353,4005,7415,Saturday
atm35000354,5135,4585,Saturday
atm35000355,4815,2870,Saturday
atm35000356,5995,5745,Saturday
atm35000357,3155,3855,Saturday
atm35000358,7055,5705,Saturday
atm0,0,0,Saturday
atm350001,3055,3910,Saturday
atm350002,3140,6210,Saturday
atm350003,4165,3095,Saturday
atm350004,5315,4365,Saturday
atm350005,3430,5920,Saturday
atm350006,4540,7225,Saturday
atm350007,4530,4165,Saturday
atm350008,6605,5115,Saturday
atm350009,3265,5365,Saturday
atm3500010,5570,6460,Saturday
atm3500011,5990,5750,Saturday
atm3500012,2280,4830,Saturday
atm3500013,6535,4670,Saturday
atm3500014,2745,6025,Saturday
atm3500015,6835,5200,Saturday
atm3500016,5130,4665,Saturday
atm3500017,2820,4715,Saturday
atm3500018,6025,5055,Saturday
atm3500019,5385,4035,Saturday
atm3500020,3305,3690,Saturday
atm3500021,3415,2765,Saturday
atm3500022,6055,4225,Saturday
atm3500023,4820,4215,Saturday
atm3500024,3010,5705,Saturday
atm3500025,7360,6825,Saturday
atm3500026,6000,4045,Saturday
atm3500027,3665,4605,Saturday
atm3500028,3315,5315,Saturday
atm3500029,4925,6465,Saturday
atm3500030,1745,5710,Saturday
atm3500031,6615,6515,Saturday
atm3500032,2575,5995,Saturday
atm3500033,3180,5485,Saturday
atm3500034,4795,4395,Saturday
atm3500035,3795,4070,Saturday
atm3500062,1945,6560,Saturday
atm3500063,5280,3610,Saturday
atm3500064,3285,2765,Saturday
atm3500065,2415,4530,Saturday
atm35000230,2020,3780,Saturday
atm35000231,3440,6105,Saturday
atm35000232,5320,4765,Saturday
atm35000233,4115,4920,Saturday
atm35000234,6020,3125,Saturday
atm35000235,1435,4255,Saturday
atm35000236,5775,4530,Saturday
atm35000237,7230,5360,Saturday
atm35000238,3430,3950,Saturday
atm35000239,3345,5005,Saturday
atm35000240,6565,3240,Saturday
atm35000241,3465,4790,Saturday
atm35000242,2260,6185,Saturday
atm35000243,3375,5035,Saturday
atm35000244,4715,3475,Saturday
atm35000245,4925,3865,Saturday
atm35000246,2210,3890,Saturday
atm35000247,2300,5250,Saturday
atm35000248,5335,5535,Saturday
atm35000249,3800,6565,Saturday
atm35000250,4600,4445,Saturday
atm35000251,5550,3580,Saturday
atm35000252,2995,3045,Saturday
atm35000253,1660,2660,Saturday
atm35000254,5445,7035,Saturday
atm35000255,4710,4855,Saturday
atm35000256,4760,4745,Saturday
atm35000257,6050,5340,Saturday
atm35000258,5360,4480,Saturday
atm35000259,5895,4385,Saturday
atm35000260,3260,5320,Saturday
atm35000261,2870,4150,Saturday
atm35000262,3070,4000,Saturday
atm35000263,4050,6945,Saturday
atm35000264,2925,4055,Saturday
atm3500036,2830,3190,Saturday
atm3500037,3380,6215,Saturday
atm3500038,6800,3700,Saturday
atm3500039,6210,4270,Saturday
atm3500040,2200,3325,Saturday
atm3500041,3055,3945,Saturday
atm3500042,2310,4440,Saturday
atm3500043,5315,4180,Saturday
atm3500044,2415,6040,Saturday
atm3500045,4565,5215,Saturday
atm3500046,2130,4560,Saturday
atm3500047,2400,4950,Saturday
atm3500048,5340,5360,Saturday
atm3500049,3220,3385,Saturday
atm3500050,3970,5490,Saturday
atm3500051,2410,6510,Saturday
atm3500052,1710,5190,Saturday
atm3500053,3125,4125,Saturday
atm3500054,4780,4850,Saturday
atm3500055,2105,4910,Saturday
atm3500056,6180,5030,Saturday
atm3500057,6850,2545,Saturday
atm3500058,3245,6220,Saturday
atm3500059,2995,5385,Saturday
atm3500060,4885,5470,Saturday
atm3500061,5345,5195,Saturday
atm3500066,5205,4345,Saturday
atm3500067,3250,5420,Saturday
atm3500068,2365,6440,Saturday
atm3500069,2060,4125,Saturday
atm3500070,3410,4595,Saturday
atm3500071,4755,6710,Saturday
atm3500072,2910,5655,Saturday
atm3500073,4300,5105,Saturday
atm3500074,4985,5590,Saturday
atm3500075,3915,6940,Saturday
atm3500076,6695,5890,Saturday
atm3500077,3135,5160,Saturday
atm3500078,5580,5185,Saturday
atm3500079,4750,5610,Saturday
atm3500080,4900,4085,Saturday
atm3500081,2185,4750,Saturday
atm3500082,4400,6560,Saturday
atm3500083,5470,5270,Saturday
atm3500084,3870,4910,Saturday
atm3500085,2835,3905,Saturday
atm3500086,2580,5805,Saturday
atm3500087,3750,5400,Saturday
atm3500088,4460,3835,Saturday
atm3500089,2220,3500,Saturday
atm3500090,5615,5300,Saturday
atm3500091,3360,5140,Saturday
atm3500092,5215,6600,Saturday
atm3500093,5195,4515,Saturday
atm3500094,5055,6375,Saturday
atm3500095,5700,6600,Saturday
atm3500096,7035,4025,Saturday
atm3500097,3700,4610,Saturday
atm3500098,3705,5920,Saturday
atm3500099,2875,2720,Saturday
atm35000100,2940,5915,Saturday
atm35000101,5180,4505,Saturday
atm35000102,2065,2920,Saturday
atm35000103,3005,4235,Saturday
atm35000104,3750,4820,Saturday
atm35000105,2645,5715,Saturday
atm35000106,2125,4740,Saturday
atm35000107,2260,3360,Saturday
atm35000108,4455,3905,Saturday
atm35000109,5980,4180,Saturday
atm35000110,2355,5150,Saturday
atm35000111,2495,5475,Saturday
atm35000112,1690,6040,Saturday
atm35000113,3415,5290,Saturday
atm35000114,5940,4660,Saturday
atm35000115,4135,6780,Saturday
atm35000116,3105,3455,Saturday
atm35000117,6060,4200,Saturday
atm35000118,5125,6405,Saturday
atm35000119,3350,3065,Saturday
atm35000120,5275,5435,Saturday
atm35000121,3410,5765,Saturday
atm35000122,3695,4950,Saturday
atm35000123,4220,4215,Saturday
atm35000124,5480,5555,Saturday
atm35000125,2975,4055,Saturday
atm35000126,6390,4355,Saturday
atm35000127,3055,4915,Saturday
atm35000128,5130,4455,Saturday
atm35000129,6350,3935,Saturday
atm35000130,4665,5695,Saturday
atm35000131,4410,6765,Saturday
atm35000132,2455,5585,Saturday
atm35000133,3955,4845,Saturday
atm35000134,5225,5425,Saturday
atm35000135,3760,4445,Saturday
atm35000136,4620,3380,Saturday
atm35000137,2140,6015,Saturday
atm35000138,2980,3895,Saturday
atm35000139,5130,5005,Saturday
atm35000140,2320,5395,Saturday
atm35000141,2300,4580,Saturday
atm35000142,5260,3560,Saturday
atm35000143,2125,4540,Saturday
atm35000144,3735,4980,Saturday
atm35000145,6250,3615,Saturday
atm35000146,3230,3095,Saturday
atm35000147,5900,4365,Saturday
atm35000148,3095,5460,Saturday
atm35000149,2045,3700,Saturday
atm35000150,1400,4650,Saturday
atm35000151,6600,6475,Saturday
atm35000152,2435,4665,Saturday
atm35000153,5305,6195,Saturday
atm35000154,3835,4650,Saturday
atm35000155,5325,3515,Saturday
atm35000156,5330,5490,Saturday
atm35000157,2520,2995,Saturday
atm35000158,3055,5160,Saturday
atm35000159,2960,4790,Saturday
atm35000160,3340,4450,Saturday
atm35000161,5655,4800,Saturday
atm35000162,4260,3450,Saturday
atm35000163,5670,6665,Saturday
atm35000164,3140,5140,Saturday
atm35000165,3790,4420,Saturday
atm35000166,2230,3950,Saturday
atm35000167,6745,5795,Saturday
atm35000168,5760,5460,Saturday
atm35000169,1780,4165,Saturday
atm35000170,2190,4025,Saturday
atm35000171,3635,5660,Saturday
atm35000172,4185,5185,Saturday
atm35000173,5555,6820,Saturday
atm35000174,3220,3355,Saturday
atm35000175,4350,3575,Saturday
atm35000176,4130,4740,Saturday
atm35000177,2750,6070,Saturday
atm35000178,4825,4915,Saturday
atm35000179,6485,5285,Saturday
atm35000180,3215,6455,Saturday
atm35000181,4825,4070,Saturday
atm35000182,3060,4200,Saturday
atm35000183,3945,3605,Saturday
atm35000184,4660,6455,Saturday
atm35000185,5890,4980,Saturday
atm35000186,2550,5300,Saturday
atm35000187,4360,5790,Saturday
atm35000188,1960,3225,Saturday
atm35000189,5410,4475,Saturday
atm35000190,5320,5775,Saturday
atm35000191,2095,4865,Saturday
atm35000192,4120,4930,Saturday
atm35000193,3240,5175,Saturday
atm35000194,5900,4015,Saturday
atm35000195,3115,5790,Saturday
atm35000196,3920,3205,Saturday
atm35000197,5745,4980,Saturday
atm35000198,2190,4830,Saturday
atm35000199,2915,4390,Saturday
atm35000200,3355,4865,Saturday
atm35000201,5010,3910,Saturday
atm35000202,6900,5845,Saturday
atm35000203,3235,6465,Saturday
atm35000204,2265,5000,Saturday
atm35000205,2820,5980,Saturday
atm35000206,7440,5475,Saturday
atm35000207,6735,4315,Saturday
atm35000208,5530,5850,Saturday
atm35000209,3380,6115,Saturday
atm35000210,5950,5480,Saturday
atm35000211,5285,5310,Saturday
atm35000212,2165,6260,Saturday
atm35000213,3750,5045,Saturday
atm35000214,5025,4160,Saturday
atm35000215,6625,3560,Saturday
atm35000216,3155,4500,Saturday
atm35000217,5180,7115,Saturday
atm35000218,6840,6495,Saturday
atm35000219,5525,6090,Saturday
atm35000220,1900,3255,Saturday
atm35000221,5795,5270,Saturday
atm35000222,7015,4825,Saturday
atm35000223,5900,3580,Saturday
atm35000224,7390,6340,Saturday
atm35000225,2945,6985,Saturday
atm35000226,5095,4675,Saturday
atm35000227,4045,6365,Saturday
atm35000228,1825,4935,Saturday
atm35000229,4025,8180,Saturday
atm35000265,4005,6300,Saturday
atm35000266,4420,4685,Saturday
atm35000267,6550,3615,Saturday
atm35000268,2930,6300,Saturday
atm35000269,5855,5515,Saturday
atm35000270,2960,5295,Saturday
atm35000271,3570,3220,Saturday
atm35000272,6915,5140,Saturday
atm35000273,5770,3360,Saturday
atm35000274,4715,5750,Saturday
atm35000275,4125,5535,Saturday
atm35000276,3050,4605,Saturday
atm35000277,2645,4475,Saturday
atm35000278,4635,4770,Saturday
atm35000279,6400,6335,Saturday
atm35000280,5050,3160,Saturday
atm35000281,3190,2450,Saturday
atm35000282,6670,4240,Saturday
atm35000283,4380,6945,Saturday
atm35000284,1900,3560,Saturday
atm35000285,3315,6040,Saturday
atm35000286,3225,3395,Saturday
atm35000287,5420,5270,Saturday
atm35000288,4360,4715,Saturday
atm35000289,4285,6045,Saturday
atm35000290,1875,2960,Saturday
atm35000291,4735,3315,Saturday
atm35000292,3385,6640,Saturday
atm35000293,6075,2990,Saturday
atm35000294,4685,4510,Saturday
atm35000295,5670,3390,Saturday
atm35000296,4890,3430,Saturday
atm35000297,2880,3795,Saturday
atm35000298,4565,5760,Saturday
atm35000299,2485,5445,Saturday
atm35000300,6800,5705,Saturday
atm35000301,1760,4485,Saturday
atm35000302,6125,4905,Saturday
atm35000303,3435,3575,Saturday
atm35000304,3910,4755,Saturday
atm35000305,4855,3205,Saturday
atm35000306,4175,5330,Saturday
atm35000307,5725,5410,Saturday
atm35000308,5625,3905,Saturday
atm35000309,5240,5215,Saturday
atm35000310,5280,5670,Saturday
atm35000311,2840,5260,Saturday
atm35000312,2350,6115,Saturday
atm35000313,6210,6385,Saturday
atm35000314,6910,5780,Saturday
atm35000315,4750,2305,Saturday
atm35000316,2750,5870,Saturday
atm35000317,4395,6565,Saturday
atm35000318,2850,4230,Saturday
atm35000319,2145,3575,Saturday
atm35000320,4355,5845,Saturday
atm35000321,3965,2755,Saturday
atm35000322,2915,6180,Saturday
atm35000323,2215,3515,Saturday
atm35000324,5320,5700,Saturday
atm35000325,3640,4320,Saturday
atm35000326,3890,5085,Saturday
atm35000327,3675,6115,Saturday
atm35000328,4160,6710,Saturday
atm35000329,4490,3295,Saturday
atm35000330,5850,4310,Saturday
atm35000331,6385,4160,Saturday
atm35000332,2730,4990,Saturday
atm35000333,2535,7110,Saturday
atm35000334,2745,4525,Saturday
atm35000335,5625,3530,Saturday
atm35000336,5040,2200,Saturday
atm35000337,3770,6520,Saturday
atm35000338,2725,4805,Saturday
atm35000339,5485,6470,Saturday
atm35000340,6330,4030,Saturday
atm35000341,2840,1905,Saturday
atm35000342,3365,4205,Saturday
atm35000343,6300,4255,Saturday
atm35000344,4975,3650,Saturday
atm35000345,4755,5210,Saturday
atm35000346,3685,3010,Saturday
atm35000347,2735,4115,Saturday
atm35000348,2240,4275,Saturday
atm35000349,2065,5995,Saturday
atm35000350,3310,4940,Saturday
atm35000351,2120,3830,Saturday
atm35000352,6705,5010,Saturday
atm35000353,5555,6355,Saturday
atm35000354,3720,6265,Saturday
atm35000355,6920,5180,Saturday
atm35000356,4380,5925,Saturday
atm35000357,2815,3225,Saturday
atm35000358,5065,4905,Saturday
atm0,0,0,Sunday
atm350001,1275,475,Sunday
atm350002,1025,820,Sunday
atm350003,745,940,Sunday
atm350004,265,635,Sunday
atm350005,430,200,Sunday
atm350006,805,620,Sunday
atm350007,430,1320,Sunday
atm350008,265,880,Sunday
atm350009,625,1175,Sunday
atm3500010,7275,5725,Sunday
atm3500011,710,80,Sunday
atm3500012,0,510,Sunday
atm3500013,280,560,Sunday
atm3500014,1125,1090,Sunday
atm3500015,170,380,Sunday
atm3500016,1090,1215,Sunday
atm3500017,700,5,Sunday
atm3500018,865,1655,Sunday
atm3500019,830,1085,Sunday
atm3500020,570,5,Sunday
atm3500021,1145,570,Sunday
atm3500022,180,250,Sunday
atm3500023,700,640,Sunday
atm3500024,600,995,Sunday
atm3500025,1170,735,Sunday
atm3500026,0,1410,Sunday
atm3500027,1025,275,Sunday
atm3500028,365,1040,Sunday
atm3500029,180,235,Sunday
atm3500030,160,1185,Sunday
atm3500031,1005,530,Sunday
atm3500032,1330,10,Sunday
atm3500033,1095,1350,Sunday
atm3500034,950,515,Sunday
atm3500035,500,1145,Sunday
atm3500062,195,25,Sunday
atm3500063,1145,1455,Sunday
atm3500064,0,645,Sunday
atm3500065,985,650,Sunday
atm35000230,1095,110,Sunday
atm35000231,0,445,Sunday
atm35000232,1335,1270,Sunday
atm35000233,15,320,Sunday
atm35000234,30,360,Sunday
atm35000235,800,260,Sunday
atm35000236,900,1090,Sunday
atm35000237,805,410,Sunday
atm35000238,210,665,Sunday
atm35000239,160,165,Sunday
atm35000240,965,1500,Sunday
atm35000241,440,1270,Sunday
atm35000242,230,895,Sunday
atm35000243,290,280,Sunday
atm35000244,1350,0,Sunday
atm35000245,930,340,Sunday
atm35000246,995,800,Sunday
atm35000247,200,1740,Sunday
atm35000248,820,300,Sunday
atm35000249,855,1310,Sunday
atm35000250,110,430,Sunday
atm35000251,1455,820,Sunday
atm35000252,1515,370,Sunday
atm35000253,1340,420,Sunday
atm35000254,380,410,Sunday
atm35000255,100,180,Sunday
atm35000256,285,1360,Sunday
atm35000257,1055,905,Sunday
atm35000258,50,250,Sunday
atm35000259,115,1230,Sunday
atm35000260,295,620,Sunday
atm35000261,10,50,Sunday
atm35000262,875,200,Sunday
atm35000263,1375,850,Sunday
atm35000264,1315,1205,Sunday
atm3500036,510,945,Sunday
atm3500037,340,740,Sunday
atm3500038,1100,685,Sunday
atm3500039,5,1285,Sunday
atm3500040,550,490,Sunday
atm3500041,850,570,Sunday
atm3500042,1500,955,Sunday
atm3500043,655,630,Sunday
atm3500044,295,120,Sunday
atm3500045,0,740,Sunday
atm3500046,905,1640,Sunday
atm3500047,1340,1330,Sunday
atm3500048,280,1115,Sunday
atm3500049,550,430,Sunday
atm3500050,780,25,Sunday
atm3500051,730,735,Sunday
atm3500052,500,440,Sunday
atm3500053,995,635,Sunday
atm3500054,1215,1380,Sunday
atm3500055,255,0,Sunday
atm3500056,5480,4910,Sunday
atm3500057,880,810,Sunday
atm3500058,665,725,Sunday
atm3500059,125,650,Sunday
atm3500060,925,270,Sunday
atm3500061,440,1190,Sunday
atm3500066,1205,205,Sunday
atm3500067,775,80,Sunday
atm3500068,380,755,Sunday
atm3500069,1445,745,Sunday
atm3500070,435,1225,Sunday
atm3500071,420,490,Sunday
atm3500072,1500,325,Sunday
atm3500073,1880,310,Sunday
atm3500074,560,1160,Sunday
atm3500075,560,1560,Sunday
atm3500076,6405,6185,Sunday
atm3500077,310,425,Sunday
atm3500078,240,385,Sunday
atm3500079,425,1070,Sunday
atm3500080,985,0,Sunday
atm3500081,20,0,Sunday
atm3500082,490,770,Sunday
atm3500083,7345,6155,Sunday
atm3500084,480,10,Sunday
atm3500085,230,1215,Sunday
atm3500086,930,460,Sunday
atm3500087,4260,5860,Sunday
atm3500088,600,480,Sunday
atm3500089,0,0,Sunday
atm3500090,645,1010,Sunday
atm3500091,655,595,Sunday
atm3500092,0,1240,Sunday
atm3500093,1445,1585,Sunday
atm3500094,1090,755,Sunday
atm3500095,5,0,Sunday
atm3500096,770,315,Sunday
atm3500097,1045,445,Sunday
atm3500098,50,990,Sunday
atm3500099,980,625,Sunday
atm35000100,1290,205,Sunday
atm35000101,1050,630,Sunday
atm35000102,930,865,Sunday
atm35000103,670,1110,Sunday
atm35000104,490,570,Sunday
atm35000105,2070,685,Sunday
atm35000106,60,445,Sunday
atm35000107,470,1135,Sunday
atm35000108,450,5,Sunday
atm35000109,1065,665,Sunday
atm35000110,525,645,Sunday
atm35000111,810,265,Sunday
atm35000112,10,2065,Sunday
atm35000113,425,1165,Sunday
atm35000114,0,1315,Sunday
atm35000115,825,425,Sunday
atm35000116,405,1425,Sunday
atm35000117,285,240,Sunday
atm35000118,0,1255,Sunday
atm35000119,480,430,Sunday
atm35000120,1070,835,Sunday
atm35000121,1240,0,Sunday
atm35000122,240,110,Sunday
atm35000123,40,530,Sunday
atm35000124,5975,6330,Sunday
atm35000125,570,160,Sunday
atm35000126,170,15,Sunday
atm35000127,725,755,Sunday
atm35000128,1015,0,Sunday
atm35000129,1115,825,Sunday
atm35000130,775,1015,Sunday
atm35000131,855,910,Sunday
atm35000132,500,0,Sunday
atm35000133,245,625,Sunday
atm35000134,420,305,Sunday
atm35000135,330,270,Sunday
atm35000136,140,135,Sunday
atm35000137,1110,570,Sunday
atm35000138,390,985,Sunday
atm35000139,200,295,Sunday
atm35000140,430,0,Sunday
atm35000141,300,70,Sunday
atm35000142,1075,1005,Sunday
atm35000143,170,950,Sunday
atm35000144,305,805,Sunday
atm35000145,870,430,Sunday
atm35000146,1360,100,Sunday
atm35000147,670,725,Sunday
atm35000148,0,465,Sunday
atm35000149,1055,1180,Sunday
atm35000150,10,610,Sunday
atm35000151,820,1000,Sunday
atm35000152,1145,1030,Sunday
atm35000153,320,495,Sunday
atm35000154,1225,0,Sunday
atm35000155,435,1685,Sunday
atm35000156,1145,0,Sunday
atm35000157,0,930,Sunday
atm35000158,630,1275,Sunday
atm35000159,220,265,Sunday
atm35000160,5,125,Sunday
atm35000161,865,155,Sunday
atm35000162,0,250,Sunday
atm35000163,100,755,Sunday
atm35000164,1125,410,Sunday
atm35000165,1325,250,Sunday
atm35000166,575,375,Sunday
atm35000167,5760,8075,Sunday
atm35000168,6490,6440,Sunday
atm35000169,370,820,Sunday
atm35000170,250,10,Sunday
atm35000171,570,1605,Sunday
atm35000172,1000,5,Sunday
atm35000173,940,490,Sunday
atm35000174,250,100,Sunday
atm35000175,1295,0,Sunday
atm35000176,750,580,Sunday
atm35000177,0,0,Sunday
atm35000178,145,1465,Sunday
atm35000179,180,200,Sunday
atm35000180,75,1305,Sunday
atm35000181,305,710,Sunday
atm35000182,1065,865,Sunday
atm35000183,695,880,Sunday
atm35000184,75,100,Sunday
atm35000185,1285,1215,Sunday
atm35000186,70,770,Sunday
atm35000187,680,410,Sunday
atm35000188,120,650,Sunday
atm35000189,1265,700,Sunday
atm35000190,0,1125,Sunday
atm35000191,400,1345,Sunday
atm35000192,110,145,Sunday
atm35000193,340,60,Sunday
atm35000194,395,405,Sunday
atm35000195,250,795,Sunday
atm35000196,1805,1050,Sunday
atm35000197,655,1600,Sunday
atm35000198,0,200,Sunday
atm35000199,475,400,Sunday
atm35000200,370,145,Sunday
atm35000201,50,705,Sunday
atm35000202,635,885,Sunday
atm35000203,540,1775,Sunday
atm35000204,950,450,Sunday
atm35000205,925,130,Sunday
atm35000206,4520,5580,Sunday
atm35000207,70,1645,Sunday
atm35000208,1090,50,Sunday
atm35000209,565,320,Sunday
atm35000210,865,1295,Sunday
atm35000211,695,1085,Sunday
atm35000212,235,1015,Sunday
atm35000213,1000,580,Sunday
atm35000214,430,750,Sunday
atm35000215,50,975,Sunday
atm35000216,85,495,Sunday
atm35000217,20,30,Sunday
atm35000218,1520,905,Sunday
atm35000219,165,905,Sunday
atm35000220,1290,720,Sunday
atm35000221,10,870,Sunday
atm35000222,0,375,Sunday
atm35000223,805,1415,Sunday
atm35000224,1460,985,Sunday
atm35000225,265,235,Sunday
atm35000226,1100,600,Sunday
atm35000227,5130,7765,Sunday
atm35000228,1560,355,Sunday
atm35000229,925,415,Sunday
atm35000265,475,100,Sunday
atm35000266,55,715,Sunday
atm35000267,770,355,Sunday
atm35000268,770,200,Sunday
atm35000269,310,5,Sunday
atm35000270,200,420,Sunday
atm35000271,1130,900,Sunday
atm35000272,5295,4760,Sunday
atm35000273,1550,695,Sunday
atm35000274,6565,5165,Sunday
atm35000275,6300,4220,Sunday
atm35000276,75,515,Sunday
atm35000277,0,1805,Sunday
atm35000278,360,1165,Sunday
atm35000279,820,1275,Sunday
atm35000280,480,500,Sunday
atm35000281,0,1330,Sunday
atm35000282,925,315,Sunday
atm35000283,1275,380,Sunday
atm35000284,120,935,Sunday
atm35000285,1095,70,Sunday
atm35000286,670,810,Sunday
atm35000287,1610,0,Sunday
atm35000288,525,355,Sunday
atm35000289,1040,115,Sunday
atm35000290,730,470,Sunday
atm35000291,1025,105,Sunday
atm35000292,675,405,Sunday
atm35000293,1285,580,Sunday
atm35000294,250,495,Sunday
atm35000295,1230,425,Sunday
atm35000296,0,270,Sunday
atm35000297,875,320,Sunday
atm35000298,600,225,Sunday
atm35000299,275,565,Sunday
atm35000300,280,330,Sunday
atm35000301,5,1100,Sunday
atm35000302,250,360,Sunday
atm35000303,1535,1625,Sunday
atm35000304,1565,1305,Sunday
atm35000305,1155,120,Sunday
atm35000306,620,980,Sunday
atm35000307,955,645,Sunday
atm35000308,20,1040,Sunday
atm35000309,440,290,Sunday
atm35000310,270,1195,Sunday
atm35000311,1690,775,Sunday
atm35000312,620,455,Sunday
atm35000313,1000,270,Sunday
atm35000314,6935,6430,Sunday
atm35000315,150,0,Sunday
atm35000316,555,1135,Sunday
atm35000317,4410,6460,Sunday
atm35000318,1355,2185,Sunday
atm35000319,515,1000,Sunday
atm35000320,250,1165,Sunday
atm35000321,140,0,Sunday
atm35000322,1130,35,Sunday
atm35000323,300,1160,Sunday
atm35000324,960,740,Sunday
atm35000325,110,1380,Sunday
atm35000326,420,1080,Sunday
atm35000327,640,100,Sunday
atm35000328,600,660,Sunday
atm35000329,1040,5,Sunday
atm35000330,1185,605,Sunday
atm35000331,1505,640,Sunday
atm35000332,1305,1055,Sunday
atm35000333,250,685,Sunday
atm35000334,555,310,Sunday
atm35000335,890,510,Sunday
atm35000336,1545,1080,Sunday
atm35000337,210,120,Sunday
atm35000338,550,470,Sunday
atm35000339,6055,5970,Sunday
atm35000340,795,1015,Sunday
atm35000341,540,445,Sunday
atm35000342,720,1390,Sunday
atm35000343,275,1410,Sunday
atm35000344,655,990,Sunday
atm35000345,1485,1185,Sunday
atm35000346,540,935,Sunday
atm35000347,220,150,Sunday
atm35000348,1180,610,Sunday
atm35000349,465,815,Sunday
atm35000350,235,1425,Sunday
atm35000351,985,1050,Sunday
atm35000352,335,810,Sunday
atm35000353,645,1180,Sunday
atm35000354,640,250,Sunday
atm35000355,175,545,Sunday
atm35000356,4715,5120,Sunday
atm35000357,900,1120,Sunday
atm35000358,470,200,Sunday
atm0,0,0,Sunday
atm350001,100,1215,Sunday
atm350002,850,230,Sunday
atm350003,1245,1515,Sunday
atm350004,0,1310,Sunday
atm350005,20,1170,Sunday
atm350006,795,215,Sunday
atm350007,120,100,Sunday
atm350008,450,115,Sunday
atm350009,1315,100,Sunday
atm3500010,6145,5160,Sunday
atm3500011,230,500,Sunday
atm3500012,1435,915,Sunday
atm3500013,890,360,Sunday
atm3500014,1115,635,Sunday
atm3500015,510,275,Sunday
atm3500016,870,1010,Sunday
atm3500017,1085,1670,Sunday
atm3500018,770,1105,Sunday
atm3500019,1245,50,Sunday
atm3500020,340,55,Sunday
atm3500021,100,60,Sunday
atm3500022,945,830,Sunday
atm3500023,925,640,Sunday
atm3500024,480,730,Sunday
atm3500025,680,325,Sunday
atm3500026,650,1475,Sunday
atm3500027,855,555,Sunday
atm3500028,70,310,Sunday
atm3500029,430,1195,Sunday
atm3500030,0,835,Sunday
atm3500031,520,710,Sunday
atm3500032,1450,445,Sunday
atm3500033,0,1320,Sunday
atm3500034,1115,450,Sunday
atm3500035,5,1140,Sunday
atm3500062,1220,430,Sunday
atm3500063,710,945,Sunday
atm3500064,210,530,Sunday
atm3500065,1090,280,Sunday
atm35000230,1285,570,Sunday
atm35000231,150,1105,Sunday
atm35000232,820,425,Sunday
atm35000233,130,785,Sunday
atm35000234,390,670,Sunday
atm35000235,105,1405,Sunday
atm35000236,30,1145,Sunday
atm35000237,500,760,Sunday
atm35000238,640,1485,Sunday
atm35000239,1565,365,Sunday
atm35000240,1010,470,Sunday
atm35000241,665,1155,Sunday
atm35000242,1345,1635,Sunday
atm35000243,815,235,Sunday
atm35000244,475,80,Sunday
atm35000245,900,460,Sunday
atm35000246,75,205,Sunday
atm35000247,290,135,Sunday
atm35000248,325,710,Sunday
atm35000249,715,510,Sunday
atm35000250,105,995,Sunday
atm35000251,2045,880,Sunday
atm35000252,710,230,Sunday
atm35000253,320,1060,Sunday
atm35000254,1195,1435,Sunday
atm35000255,1210,1290,Sunday
atm35000256,480,680,Sunday
atm35000257,730,5,Sunday
atm35000258,1050,635,Sunday
atm35000259,865,370,Sunday
atm35000260,915,940,Sunday
atm35000261,1365,0,Sunday
atm35000262,675,200,Sunday
atm35000263,0,560,Sunday
atm35000264,155,1195,Sunday
atm3500036,715,320,Sunday
atm3500037,855,640,Sunday
atm3500038,1395,555,Sunday
atm3500039,310,590,Sunday
atm3500040,640,990,Sunday
atm3500041,30,1065,Sunday
atm3500042,455,740,Sunday
atm3500043,1125,500,Sunday
atm3500044,815,1825,Sunday
atm3500045,210,745,Sunday
atm3500046,95,885,Sunday
atm3500047,1460,70,Sunday
atm3500048,625,325,Sunday
atm3500049,955,50,Sunday
atm3500050,700,430,Sunday
atm3500051,1420,270,Sunday
atm3500052,1060,375,Sunday
atm3500053,450,950,Sunday
atm3500054,1415,1105,Sunday
atm3500055,1265,495,Sunday
atm3500056,3475,5625,Sunday
atm3500057,10,1595,Sunday
atm3500058,1110,305,Sunday
atm3500059,500,1210,Sunday
atm3500060,760,40,Sunday
atm3500061,630,0,Sunday
atm3500066,1215,810,Sunday
atm3500067,920,805,Sunday
atm3500068,375,925,Sunday
atm3500069,1240,355,Sunday
atm3500070,1330,700,Sunday
atm3500071,970,1000,Sunday
atm3500072,645,1045,Sunday
atm3500073,10,755,Sunday
atm3500074,1130,445,Sunday
atm3500075,130,435,Sunday
atm3500076,3635,6290,Sunday
atm3500077,730,1405,Sunday
atm3500078,155,10,Sunday
atm3500079,705,1270,Sunday
atm3500080,355,150,Sunday
atm3500081,1040,470,Sunday
atm3500082,660,295,Sunday
atm3500083,5660,5730,Sunday
atm3500084,120,1050,Sunday
atm3500085,430,0,Sunday
atm3500086,1565,0,Sunday
atm3500087,5880,5585,Sunday
atm3500088,90,835,Sunday
atm3500089,335,15,Sunday
atm3500090,945,925,Sunday
atm3500091,705,1000,Sunday
atm3500092,300,1310,Sunday
atm3500093,0,1030,Sunday
atm3500094,15,540,Sunday
atm3500095,600,690,Sunday
atm3500096,405,85,Sunday
atm3500097,605,1260,Sunday
atm3500098,50,355,Sunday
atm3500099,590,350,Sunday
atm35000100,1290,0,Sunday
atm35000101,305,415,Sunday
atm35000102,905,785,Sunday
atm35000103,255,850,Sunday
atm35000104,1065,860,Sunday
atm35000105,680,1135,Sunday
atm35000106,425,390,Sunday
atm35000107,1435,860,Sunday
atm35000108,1540,1290,Sunday
atm35000109,1670,1475,Sunday
atm35000110,680,1065,Sunday
atm35000111,475,865,Sunday
atm35000112,1215,1175,Sunday
atm35000113,30,265,Sunday
atm35000114,1645,1245,Sunday
atm35000115,680,460,Sunday
atm35000116,455,1025,Sunday
atm35000117,0,200,Sunday
atm35000118,625,685,Sunday
atm35000119,865,570,Sunday
atm35000120,355,955,Sunday
atm35000121,100,675,Sunday
atm35000122,465,1100,Sunday
atm35000123,725,50,Sunday
atm35000124,5445,5965,Sunday
atm35000125,1130,900,Sunday
atm35000126,755,900,Sunday
atm35000127,725,1160,Sunday
atm35000128,860,1065,Sunday
atm35000129,350,890,Sunday
atm35000130,970,0,Sunday
atm35000131,1410,865,Sunday
atm35000132,825,400,Sunday
atm35000133,585,800,Sunday
atm35000134,720,710,Sunday
atm35000135,1015,635,Sunday
atm35000136,490,575,Sunday
atm35000137,930,0,Sunday
atm35000138,1285,250,Sunday
atm35000139,725,690,Sunday
atm35000140,0,115,Sunday
atm35000141,600,0,Sunday
atm35000142,365,655,Sunday
atm35000143,530,0,Sunday
atm35000144,595,915,Sunday
atm35000145,50,1220,Sunday
atm35000146,5,1290,Sunday
atm35000147,880,170,Sunday
atm35000148,420,475,Sunday
atm35000149,1255,50,Sunday
atm35000150,915,720,Sunday
atm35000151,105,25,Sunday
atm35000152,545,20,Sunday
atm35000153,170,50,Sunday
atm35000154,310,1500,Sunday
atm35000155,1285,945,Sunday
atm35000156,400,545,Sunday
atm35000157,305,290,Sunday
atm35000158,450,1175,Sunday
atm35000159,5,645,Sunday
atm35000160,50,1620,Sunday
atm35000161,520,240,Sunday
atm35000162,440,220,Sunday
atm35000163,1040,10,Sunday
atm35000164,465,400,Sunday
atm35000165,360,525,Sunday
atm35000166,845,0,Sunday
atm35000167,4975,5235,Sunday
atm35000168,4695,5865,Sunday
atm35000169,985,995,Sunday
atm35000170,950,100,Sunday
atm35000171,1195,840,Sunday
atm35000172,650,350,Sunday
atm35000173,720,380,Sunday
atm35000174,215,845,Sunday
atm35000175,250,2030,Sunday
atm35000176,670,1145,Sunday
atm35000177,125,830,Sunday
atm35000178,730,690,Sunday
atm35000179,280,260,Sunday
atm35000180,315,55,Sunday
atm35000181,370,1520,Sunday
atm35000182,20,695,Sunday
atm35000183,0,255,Sunday
atm35000184,1005,1195,Sunday
atm35000185,1150,20,Sunday
atm35000186,90,30,Sunday
atm35000187,360,440,Sunday
atm35000188,1045,120,Sunday
atm35000189,1685,855,Sunday
atm35000190,1000,735,Sunday
atm35000191,685,0,Sunday
atm35000192,270,285,Sunday
atm35000193,585,1390,Sunday
atm35000194,1090,1145,Sunday
atm35000195,1235,0,Sunday
atm35000196,525,700,Sunday
atm35000197,360,1120,Sunday
atm35000198,360,860,Sunday
atm35000199,0,310,Sunday
atm35000200,10,895,Sunday
atm35000201,640,50,Sunday
atm35000202,2205,1130,Sunday
atm35000203,975,765,Sunday
atm35000204,0,625,Sunday
atm35000205,35,710,Sunday
atm35000206,5875,5970,Sunday
atm35000207,0,1425,Sunday
atm35000208,200,450,Sunday
atm35000209,15,250,Sunday
atm35000210,10,1500,Sunday
atm35000211,75,1240,Sunday
atm35000212,150,25,Sunday
atm35000213,905,1005,Sunday
atm35000214,1025,830,Sunday
atm35000215,275,1000,Sunday
atm35000216,120,495,Sunday
atm35000217,335,1130,Sunday
atm35000218,220,875,Sunday
atm35000219,620,230,Sunday
atm35000220,245,350,Sunday
atm35000221,25,680,Sunday
atm35000222,1040,1325,Sunday
atm35000223,1455,1205,Sunday
atm35000224,1010,495,Sunday
atm35000225,530,1285,Sunday
atm35000226,220,170,Sunday
atm35000227,4640,5670,Sunday
atm35000228,910,525,Sunday
atm35000229,95,620,Sunday
atm35000265,10,230,Sunday
atm35000266,745,70,Sunday
atm35000267,110,425,Sunday
atm35000268,1250,1520,Sunday
atm35000269,310,5,Sunday
atm35000270,1380,260,Sunday
atm35000271,420,230,Sunday
atm35000272,4730,5210,Sunday
atm35000273,535,970,Sunday
atm35000274,3905,5690,Sunday
atm35000275,6760,6440,Sunday
atm35000276,1180,960,Sunday
atm35000277,280,430,Sunday
atm35000278,330,630,Sunday
atm35000279,795,835,Sunday
atm35000280,740,100,Sunday
atm35000281,770,150,Sunday
atm35000282,215,1015,Sunday
atm35000283,465,0,Sunday
atm35000284,105,285,Sunday
atm35000285,500,1080,Sunday
atm35000286,1395,720,Sunday
atm35000287,1660,815,Sunday
atm35000288,320,805,Sunday
atm35000289,240,1100,Sunday
atm35000290,130,605,Sunday
atm35000291,1345,1050,Sunday
atm35000292,1125,105,Sunday
atm35000293,315,415,Sunday
atm35000294,0,435,Sunday
atm35000295,795,730,Sunday
atm35000296,805,485,Sunday
atm35000297,825,550,Sunday
atm35000298,885,165,Sunday
atm35000299,5,65,Sunday
atm35000300,865,530,Sunday
atm35000301,0,805,Sunday
atm35000302,1330,360,Sunday
atm35000303,1415,550,Sunday
atm35000304,985,960,Sunday
atm35000305,460,510,Sunday
atm35000306,130,140,Sunday
atm35000307,660,0,Sunday
atm35000308,265,50,Sunday
atm35000309,590,615,Sunday
atm35000310,650,1210,Sunday
atm35000311,275,340,Sunday
atm35000312,380,410,Sunday
atm35000313,605,685,Sunday
atm35000314,3700,6000,Sunday
atm35000315,235,285,Sunday
atm35000316,845,635,Sunday
atm35000317,3535,7050,Sunday
atm35000318,385,730,Sunday
atm35000319,640,0,Sunday
atm35000320,440,110,Sunday
atm35000321,250,280,Sunday
atm35000322,655,1240,Sunday
atm35000323,1175,830,Sunday
atm35000324,920,400,Sunday
atm35000325,0,1110,Sunday
atm35000326,210,835,Sunday
atm35000327,600,1495,Sunday
atm35000328,515,390,Sunday
atm35000329,385,380,Sunday
atm35000330,110,1150,Sunday
atm35000331,50,1020,Sunday
atm35000332,535,70,Sunday
atm35000333,600,505,Sunday
atm35000334,1170,585,Sunday
atm35000335,1035,845,Sunday
atm35000336,0,1310,Sunday
atm35000337,505,1380,Sunday
atm35000338,5,1400,Sunday
atm35000339,4710,5550,Sunday
atm35000340,255,570,Sunday
atm35000341,1010,1805,Sunday
atm35000342,85,50,Sunday
atm35000343,320,730,Sunday
atm35000344,980,200,Sunday
atm35000345,255,235,Sunday
atm35000346,185,270,Sunday
atm35000347,460,1135,Sunday
atm35000348,100,150,Sunday
atm35000349,1045,630,Sunday
atm35000350,330,1700,Sunday
atm35000351,670,1395,Sunday
atm35000352,550,940,Sunday
atm35000353,545,60,Sunday
atm35000354,165,715,Sunday
atm35000355,0,1220,Sunday
atm35000356,6000,3950,Sunday
atm35000357,225,420,Sunday
atm35000358,20,245,Sunday
atm0,0,0,Sunday
atm350001,515,0,Sunday
atm350002,870,1345,Sunday
atm350003,100,765,Sunday
atm350004,1575,465,Sunday
atm350005,1050,480,Sunday
atm350006,1740,1285,Sunday
atm350007,480,835,Sunday
atm350008,1130,490,Sunday
atm350009,1435,715,Sunday
atm3500010,4665,5235,Sunday
atm3500011,1425,615,Sunday
atm3500012,290,380,Sunday
atm3500013,0,1270,Sunday
atm3500014,1260,200,Sunday
atm3500015,340,0,Sunday
atm3500016,1405,500,Sunday
atm3500017,630,190,Sunday
atm3500018,1535,870,Sunday
atm3500019,620,730,Sunday
atm3500020,1085,125,Sunday
atm3500021,140,725,Sunday
atm3500022,1225,940,Sunday
atm3500023,580,180,Sunday
atm3500024,925,400,Sunday
atm3500025,100,930,Sunday
atm3500026,125,325,Sunday
atm3500027,865,1175,Sunday
atm3500028,0,1265,Sunday
atm3500029,100,50,Sunday
atm3500030,410,965,Sunday
atm3500031,955,645,Sunday
atm3500032,350,60,Sunday
atm3500033,210,1015,Sunday
atm3500034,820,1290,Sunday
atm3500035,345,185,Sunday
atm3500062,685,1645,Sunday
atm3500063,655,995,Sunday
atm3500064,1205,1295,Sunday
atm3500065,485,1005,Sunday
atm35000230,360,875,Sunday
atm35000231,0,860,Sunday
atm35000232,575,970,Sunday
atm35000233,405,390,Sunday
atm35000234,50,1095,Sunday
atm35000235,300,40,Sunday
atm35000236,1160,220,Sunday
atm35000237,915,1520,Sunday
atm35000238,0,300,Sunday
atm35000239,665,245,Sunday
atm35000240,810,355,Sunday
atm35000241,790,1540,Sunday
atm35000242,660,955,Sunday
atm35000243,1330,880,Sunday
atm35000244,350,320,Sunday
atm35000245,290,975,Sunday
atm35000246,1240,1105,Sunday
atm35000247,450,565,Sunday
atm35000248,0,385,Sunday
atm35000249,470,1375,Sunday
atm35000250,300,1920,Sunday
atm35000251,1095,1525,Sunday
atm35000252,10,425,Sunday
atm35000253,505,835,Sunday
atm35000254,0,1165,Sunday
atm35000255,260,25,Sunday
atm35000256,1105,1010,Sunday
atm35000257,170,1440,Sunday
atm35000258,430,110,Sunday
atm35000259,1115,170,Sunday
atm35000260,0,400,Sunday
atm35000261,775,1085,Sunday
atm35000262,660,950,Sunday
atm35000263,330,555,Sunday
atm35000264,275,120,Sunday
atm3500036,1005,0,Sunday
atm3500037,165,855,Sunday
atm3500038,120,855,Sunday
atm3500039,495,1050,Sunday
atm3500040,0,110,Sunday
atm3500041,615,55,Sunday
atm3500042,755,440,Sunday
atm3500043,10,1270,Sunday
atm3500044,725,645,Sunday
atm3500045,0,685,Sunday
atm3500046,835,1140,Sunday
atm3500047,215,0,Sunday
atm3500048,360,460,Sunday
atm3500049,160,1080,Sunday
atm3500050,780,580,Sunday
atm3500051,625,0,Sunday
atm3500052,0,755,Sunday
atm3500053,1390,705,Sunday
atm3500054,1145,780,Sunday
atm3500055,865,445,Sunday
atm3500056,4655,5160,Sunday
atm3500057,240,935,Sunday
atm3500058,930,70,Sunday
atm3500059,540,1760,Sunday
atm3500060,285,885,Sunday
atm3500061,0,200,Sunday
atm3500066,60,50,Sunday
atm3500067,460,480,Sunday
atm3500068,5,225,Sunday
atm3500069,445,725,Sunday
atm3500070,125,60,Sunday
atm3500071,1185,260,Sunday
atm3500072,700,1570,Sunday
atm3500073,615,650,Sunday
atm3500074,860,495,Sunday
atm3500075,585,405,Sunday
atm3500076,6035,4570,Sunday
atm3500077,585,485,Sunday
atm3500078,685,1305,Sunday
atm3500079,70,1255,Sunday
atm3500080,780,70,Sunday
atm3500081,150,65,Sunday
atm3500082,1635,105,Sunday
atm3500083,6385,4950,Sunday
atm3500084,305,120,Sunday
atm3500085,705,710,Sunday
atm3500086,565,125,Sunday
atm3500087,5420,5910,Sunday
atm3500088,1520,85,Sunday
atm3500089,425,230,Sunday
atm3500090,375,295,Sunday
atm3500091,400,720,Sunday
atm3500092,200,740,Sunday
atm3500093,880,0,Sunday
atm3500094,780,1365,Sunday
atm3500095,750,345,Sunday
atm3500096,215,335,Sunday
atm3500097,690,1680,Sunday
atm3500098,250,305,Sunday
atm3500099,1260,950,Sunday
atm35000100,515,550,Sunday
atm35000101,50,20,Sunday
atm35000102,1100,940,Sunday
atm35000103,210,1375,Sunday
atm35000104,875,900,Sunday
atm35000105,845,540,Sunday
atm35000106,570,955,Sunday
atm35000107,700,735,Sunday
atm35000108,1140,80,Sunday
atm35000109,535,190,Sunday
atm35000110,850,725,Sunday
atm35000111,20,1130,Sunday
atm35000112,0,100,Sunday
atm35000113,505,10,Sunday
atm35000114,30,80,Sunday
atm35000115,890,1250,Sunday
atm35000116,1105,35,Sunday
atm35000117,0,1150,Sunday
atm35000118,215,1080,Sunday
atm35000119,20,245,Sunday
atm35000120,1250,740,Sunday
atm35000121,270,335,Sunday
atm35000122,1100,410,Sunday
atm35000123,935,1000,Sunday
atm35000124,5075,5575,Sunday
atm35000125,325,950,Sunday
atm35000126,365,130,Sunday
atm35000127,0,1145,Sunday
atm35000128,920,1155,Sunday
atm35000129,0,1055,Sunday
atm35000130,940,350,Sunday
atm35000131,815,395,Sunday
atm35000132,245,1020,Sunday
atm35000133,235,680,Sunday
atm35000134,240,100,Sunday
atm35000135,615,210,Sunday
atm35000136,1050,1140,Sunday
atm35000137,1055,20,Sunday
atm35000138,695,605,Sunday
atm35000139,1265,125,Sunday
atm35000140,465,1085,Sunday
atm35000141,0,670,Sunday
atm35000142,5,425,Sunday
atm35000143,850,1080,Sunday
atm35000144,710,600,Sunday
atm35000145,265,1015,Sunday
atm35000146,770,0,Sunday
atm35000147,1095,0,Sunday
atm35000148,320,1165,Sunday
atm35000149,575,945,Sunday
atm35000150,135,890,Sunday
atm35000151,85,870,Sunday
atm35000152,180,0,Sunday
atm35000153,1600,1840,Sunday
atm35000154,265,625,Sunday
atm35000155,150,130,Sunday
atm35000156,10,535,Sunday
atm35000157,750,915,Sunday
atm35000158,755,730,Sunday
atm35000159,110,1115,Sunday
atm35000160,420,975,Sunday
atm35000161,825,1465,Sunday
atm35000162,660,790,Sunday
atm35000163,0,260,Sunday
atm35000164,1040,825,Sunday
atm35000165,405,50,Sunday
atm35000166,255,5,Sunday
atm35000167,6570,6015,Sunday
atm35000168,4470,6120,Sunday
atm35000169,300,890,Sunday
atm35000170,625,60,Sunday
atm35000171,1255,0,Sunday
atm35000172,470,145,Sunday
atm35000173,1045,420,Sunday
atm35000174,650,0,Sunday
atm35000175,165,1565,Sunday
atm35000176,0,1055,Sunday
atm35000177,405,1460,Sunday
atm35000178,200,840,Sunday
atm35000179,1835,30,Sunday
atm35000180,465,730,Sunday
atm35000181,815,0,Sunday
atm35000182,1705,665,Sunday
atm35000183,20,380,Sunday
atm35000184,350,240,Sunday
atm35000185,380,1145,Sunday
atm35000186,100,100,Sunday
atm35000187,1250,950,Sunday
atm35000188,540,830,Sunday
atm35000189,920,230,Sunday
atm35000190,410,715,Sunday
atm35000191,325,355,Sunday
atm35000192,330,1340,Sunday
atm35000193,915,30,Sunday
atm35000194,1085,1115,Sunday
atm35000195,140,755,Sunday
atm35000196,395,1190,Sunday
atm35000197,0,1055,Sunday
atm35000198,55,1405,Sunday
atm35000199,560,20,Sunday
atm35000200,895,445,Sunday
atm35000201,240,1380,Sunday
atm35000202,920,210,Sunday
atm35000203,555,950,Sunday
atm35000204,1205,480,Sunday
atm35000205,740,75,Sunday
atm35000206,4225,6800,Sunday
atm35000207,1030,875,Sunday
atm35000208,710,835,Sunday
atm35000209,630,0,Sunday
atm35000210,1125,965,Sunday
atm35000211,385,1395,Sunday
atm35000212,1225,365,Sunday
atm35000213,1060,1095,Sunday
atm35000214,585,0,Sunday
atm35000215,1035,990,Sunday
atm35000216,250,615,Sunday
atm35000217,445,1245,Sunday
atm35000218,420,835,Sunday
atm35000219,125,855,Sunday
atm35000220,100,30,Sunday
atm35000221,900,675,Sunday
atm35000222,160,395,Sunday
atm35000223,1385,1410,Sunday
atm35000224,755,30,Sunday
atm35000225,130,1405,Sunday
atm35000226,645,0,Sunday
atm35000227,5750,6055,Sunday
atm35000228,775,615,Sunday
atm35000229,760,1275,Sunday
atm35000265,0,755,Sunday
atm35000266,175,415,Sunday
atm35000267,600,505,Sunday
atm35000268,845,820,Sunday
atm35000269,445,1015,Sunday
atm35000270,445,585,Sunday
atm35000271,680,765,Sunday
atm35000272,5220,6735,Sunday
atm35000273,435,475,Sunday
atm35000274,4675,7150,Sunday
atm35000275,5470,5765,Sunday
atm35000276,595,210,Sunday
atm35000277,325,520,Sunday
atm35000278,690,1375,Sunday
atm35000279,1275,545,Sunday
atm35000280,955,55,Sunday
atm35000281,1460,335,Sunday
atm35000282,300,455,Sunday
atm35000283,710,685,Sunday
atm35000284,790,790,Sunday
atm35000285,320,785,Sunday
atm35000286,500,1205,Sunday
atm35000287,0,0,Sunday
atm35000288,20,20,Sunday
atm35000289,565,600,Sunday
atm35000290,625,165,Sunday
atm35000291,10,1195,Sunday
atm35000292,15,1210,Sunday
atm35000293,30,1275,Sunday
atm35000294,955,120,Sunday
atm35000295,515,730,Sunday
atm35000296,1075,630,Sunday
atm35000297,305,535,Sunday
atm35000298,1070,60,Sunday
atm35000299,1130,490,Sunday
atm35000300,110,945,Sunday
atm35000301,1445,625,Sunday
atm35000302,990,765,Sunday
atm35000303,945,925,Sunday
atm35000304,505,215,Sunday
atm35000305,210,275,Sunday
atm35000306,480,880,Sunday
atm35000307,1065,1355,Sunday
atm35000308,435,450,Sunday
atm35000309,1430,370,Sunday
atm35000310,200,0,Sunday
atm35000311,970,130,Sunday
atm35000312,525,0,Sunday
atm35000313,0,1175,Sunday
atm35000314,3580,5450,Sunday
atm35000315,640,405,Sunday
atm35000316,320,0,Sunday
atm35000317,5565,6195,Sunday
atm35000318,840,820,Sunday
atm35000319,330,540,Sunday
atm35000320,1510,1250,Sunday
atm35000321,565,900,Sunday
atm35000322,30,730,Sunday
atm35000323,810,270,Sunday
atm35000324,400,1070,Sunday
atm35000325,1060,1350,Sunday
atm35000326,1335,220,Sunday
atm35000327,705,200,Sunday
atm35000328,310,325,Sunday
atm35000329,0,915,Sunday
atm35000330,520,0,Sunday
atm35000331,80,260,Sunday
atm35000332,645,515,Sunday
atm35000333,0,805,Sunday
atm35000334,850,515,Sunday
atm35000335,825,255,Sunday
atm35000336,260,1285,Sunday
atm35000337,235,1165,Sunday
atm35000338,710,1570,Sunday
atm35000339,4770,5835,Sunday
atm35000340,130,360,Sunday
atm35000341,365,1210,Sunday
atm35000342,1335,250,Sunday
atm35000343,0,980,Sunday
atm35000344,715,680,Sunday
atm35000345,1445,235,Sunday
atm35000346,465,20,Sunday
atm35000347,1335,955,Sunday
atm35000348,475,1030,Sunday
atm35000349,1275,1135,Sunday
atm35000350,1440,20,Sunday
atm35000351,800,825,Sunday
atm35000352,10,985,Sunday
atm35000353,1010,115,Sunday
atm35000354,105,1540,Sunday
atm35000355,30,580,Sunday
atm35000356,6700,6565,Sunday
atm35000357,400,1125,Sunday
atm35000358,1140,1795,Sunday
atm0,0,0,Sunday
atm350001,55,725,Sunday
atm350002,680,760,Sunday
atm350003,680,1610,Sunday
atm350004,165,330,Sunday
atm350005,610,115,Sunday
atm350006,35,80,Sunday
atm350007,535,40,Sunday
atm350008,715,530,Sunday
atm350009,440,110,Sunday
atm3500010,5495,5190,Sunday
atm3500011,1715,5,Sunday
atm3500012,955,455,Sunday
atm3500013,650,220,Sunday
atm3500014,1095,370,Sunday
atm3500015,640,620,Sunday
atm3500016,395,1105,Sunday
atm3500017,805,1385,Sunday
atm3500018,725,215,Sunday
atm3500019,630,1480,Sunday
atm3500020,825,705,Sunday
atm3500021,1110,215,Sunday
atm3500022,1365,325,Sunday
atm3500023,945,250,Sunday
atm3500024,220,1790,Sunday
atm3500025,680,225,Sunday
atm3500026,865,265,Sunday
atm3500027,990,310,Sunday
atm3500028,625,205,Sunday
atm3500029,430,1405,Sunday
atm3500030,1245,755,Sunday
atm3500031,105,150,Sunday
atm3500032,885,420,Sunday
atm3500033,1420,840,Sunday
atm3500034,450,995,Sunday
atm3500035,95,250,Sunday
atm3500062,200,50,Sunday
atm3500063,335,560,Sunday
atm3500064,455,445,Sunday
atm3500065,5,1240,Sunday
atm35000230,5,980,Sunday
atm35000231,1625,2020,Sunday
atm35000232,375,270,Sunday
atm35000233,775,965,Sunday
atm35000234,1240,0,Sunday
atm35000235,1285,1085,Sunday
atm35000236,930,335,Sunday
atm35000237,70,1065,Sunday
atm35000238,10,510,Sunday
atm35000239,20,1125,Sunday
atm35000240,880,720,Sunday
atm35000241,0,270,Sunday
atm35000242,705,1365,Sunday
atm35000243,735,30,Sunday
atm35000244,270,210,Sunday
atm35000245,30,520,Sunday
atm35000246,430,0,Sunday
atm35000247,315,460,Sunday
atm35000248,520,1275,Sunday
atm35000249,915,1115,Sunday
atm35000250,1360,370,Sunday
atm35000251,1360,805,Sunday
atm35000252,670,235,Sunday
atm35000253,995,0,Sunday
atm35000254,1175,1635,Sunday
atm35000255,1005,185,Sunday
atm35000256,10,990,Sunday
atm35000257,585,805,Sunday
atm35000258,260,280,Sunday
atm35000259,0,5,Sunday
atm35000260,180,1230,Sunday
atm35000261,565,330,Sunday
atm35000262,1115,1495,Sunday
atm35000263,1230,315,Sunday
atm35000264,10,150,Sunday
atm3500036,1260,75,Sunday
atm3500037,30,495,Sunday
atm3500038,1180,185,Sunday
atm3500039,350,80,Sunday
atm3500040,1060,1725,Sunday
atm3500041,1160,1080,Sunday
atm3500042,160,505,Sunday
atm3500043,610,1355,Sunday
atm3500044,835,625,Sunday
atm3500045,220,260,Sunday
atm3500046,55,490,Sunday
atm3500047,530,1490,Sunday
atm3500048,1100,0,Sunday
atm3500049,935,120,Sunday
atm3500050,1300,645,Sunday
atm3500051,215,1275,Sunday
atm3500052,665,1095,Sunday
atm3500053,625,290,Sunday
atm3500054,420,1060,Sunday
atm3500055,190,895,Sunday
atm3500056,5895,5305,Sunday
atm3500057,510,685,Sunday
atm3500058,190,15,Sunday
atm3500059,480,1120,Sunday
atm3500060,815,970,Sunday
atm3500061,300,1365,Sunday
atm3500066,345,335,Sunday
atm3500067,1190,1085,Sunday
atm3500068,255,1105,Sunday
atm3500069,215,510,Sunday
atm3500070,560,525,Sunday
atm3500071,510,1110,Sunday
atm3500072,635,460,Sunday
atm3500073,1140,390,Sunday
atm3500074,55,880,Sunday
atm3500075,25,490,Sunday
atm3500076,5350,6260,Sunday
atm3500077,320,1250,Sunday
atm3500078,880,565,Sunday
atm3500079,945,0,Sunday
atm3500080,880,345,Sunday
atm3500081,260,605,Sunday
atm3500082,255,965,Sunday
atm3500083,5220,6175,Sunday
atm3500084,265,0,Sunday
atm3500085,700,830,Sunday
atm3500086,1235,1135,Sunday
atm3500087,6405,6940,Sunday
atm3500088,375,685,Sunday
atm3500089,80,1425,Sunday
atm3500090,600,760,Sunday
atm3500091,450,325,Sunday
atm3500092,1470,985,Sunday
atm3500093,800,895,Sunday
atm3500094,345,670,Sunday
atm3500095,705,135,Sunday
atm3500096,350,45,Sunday
atm3500097,560,245,Sunday
atm3500098,1010,800,Sunday
atm3500099,1235,575,Sunday
atm35000100,445,1585,Sunday
atm35000101,1185,775,Sunday
atm35000102,620,20,Sunday
atm35000103,475,1045,Sunday
atm35000104,965,635,Sunday
atm35000105,1015,455,Sunday
atm35000106,560,610,Sunday
atm35000107,800,910,Sunday
atm35000108,225,150,Sunday
atm35000109,545,1390,Sunday
atm35000110,1185,1205,Sunday
atm35000111,635,835,Sunday
atm35000112,940,720,Sunday
atm35000113,50,925,Sunday
atm35000114,910,930,Sunday
atm35000115,1110,915,Sunday
atm35000116,915,365,Sunday
atm35000117,655,865,Sunday
atm35000118,1745,665,Sunday
atm35000119,405,525,Sunday
atm35000120,495,720,Sunday
atm35000121,650,0,Sunday
atm35000122,205,920,Sunday
atm35000123,1165,825,Sunday
atm35000124,4150,5120,Sunday
atm35000125,700,765,Sunday
atm35000126,935,300,Sunday
atm35000127,100,1485,Sunday
atm35000128,450,155,Sunday
atm35000129,430,1345,Sunday
atm35000130,1020,505,Sunday
atm35000131,465,415,Sunday
atm35000132,875,655,Sunday
atm35000133,1095,820,Sunday
atm35000134,0,1310,Sunday
atm35000135,105,245,Sunday
atm35000136,445,705,Sunday
atm35000137,155,210,Sunday
atm35000138,1265,500,Sunday
atm35000139,1310,290,Sunday
atm35000140,0,450,Sunday
atm35000141,1140,1185,Sunday
atm35000142,1435,275,Sunday
atm35000143,655,845,Sunday
atm35000144,960,1450,Sunday
atm35000145,265,1225,Sunday
atm35000146,985,555,Sunday
atm35000147,350,255,Sunday
atm35000148,720,1400,Sunday
atm35000149,895,1110,Sunday
atm35000150,0,460,Sunday
atm35000151,340,1205,Sunday
atm35000152,555,335,Sunday
atm35000153,795,300,Sunday
atm35000154,155,1200,Sunday
atm35000155,1185,905,Sunday
atm35000156,275,720,Sunday
atm35000157,20,50,Sunday
atm35000158,495,1085,Sunday
atm35000159,965,40,Sunday
atm35000160,1020,420,Sunday
atm35000161,195,1225,Sunday
atm35000162,1075,360,Sunday
atm35000163,0,400,Sunday
atm35000164,20,1550,Sunday
atm35000165,290,1120,Sunday
atm35000166,755,225,Sunday
atm35000167,5635,4815,Sunday
atm35000168,6795,6575,Sunday
atm35000169,1165,300,Sunday
atm35000170,290,720,Sunday
atm35000171,1005,690,Sunday
atm35000172,1035,50,Sunday
atm35000173,280,425,Sunday
atm35000174,385,170,Sunday
atm35000175,1420,155,Sunday
atm35000176,305,505,Sunday
atm35000177,325,150,Sunday
atm35000178,2065,1015,Sunday
atm35000179,455,845,Sunday
atm35000180,870,0,Sunday
atm35000181,670,915,Sunday
atm35000182,1105,905,Sunday
atm35000183,1405,350,Sunday
atm35000184,805,605,Sunday
atm35000185,690,250,Sunday
atm35000186,200,1075,Sunday
atm35000187,600,605,Sunday
atm35000188,1455,200,Sunday
atm35000189,590,540,Sunday
atm35000190,50,1140,Sunday
atm35000191,1205,765,Sunday
atm35000192,100,560,Sunday
atm35000193,105,1160,Sunday
atm35000194,615,775,Sunday
atm35000195,310,255,Sunday
atm35000196,800,330,Sunday
atm35000197,1100,290,Sunday
atm35000198,1010,220,Sunday
atm35000199,435,540,Sunday
atm35000200,160,135,Sunday
atm35000201,1530,955,Sunday
atm35000202,1805,830,Sunday
atm35000203,150,385,Sunday
atm35000204,200,410,Sunday
atm35000205,5,1235,Sunday
atm35000206,7230,4360,Sunday
atm35000207,105,1035,Sunday
atm35000208,100,1080,Sunday
atm35000209,840,1065,Sunday
atm35000210,230,640,Sunday
atm35000211,540,255,Sunday
atm35000212,525,295,Sunday
atm35000213,315,1880,Sunday
atm35000214,125,425,Sunday
atm35000215,580,50,Sunday
atm35000216,0,1265,Sunday
atm35000217,120,985,Sunday
atm35000218,400,615,Sunday
atm35000219,285,100,Sunday
atm35000220,165,535,Sunday
atm35000221,630,470,Sunday
atm35000222,420,1810,Sunday
atm35000223,695,180,Sunday
atm35000224,20,100,Sunday
atm35000225,1380,1350,Sunday
atm35000226,765,880,Sunday
atm35000227,3715,4685,Sunday
atm35000228,100,1620,Sunday
atm35000229,220,1050,Sunday
atm35000265,220,650,Sunday
atm35000266,465,835,Sunday
atm35000267,510,770,Sunday
atm35000268,630,460,Sunday
atm35000269,1705,645,Sunday
atm35000270,490,985,Sunday
atm35000271,1350,355,Sunday
atm35000272,5385,4385,Sunday
atm35000273,0,120,Sunday
atm35000274,5860,5045,Sunday
atm35000275,4175,5655,Sunday
atm35000276,1345,280,Sunday
atm35000277,1565,1045,Sunday
atm35000278,150,0,Sunday
atm35000279,1545,200,Sunday
atm35000280,260,1125,Sunday
atm35000281,1365,220,Sunday
atm35000282,20,380,Sunday
atm35000283,390,50,Sunday
atm35000284,40,675,Sunday
atm35000285,875,960,Sunday
atm35000286,620,795,Sunday
atm35000287,230,890,Sunday
atm35000288,10,395,Sunday
atm35000289,1170,545,Sunday
atm35000290,835,880,Sunday
atm35000291,0,885,Sunday
atm35000292,60,1725,Sunday
atm35000293,1130,240,Sunday
atm35000294,530,235,Sunday
atm35000295,535,280,Sunday
atm35000296,815,520,Sunday
atm35000297,625,1190,Sunday
atm35000298,675,1420,Sunday
atm35000299,385,0,Sunday
atm35000300,1285,350,Sunday
atm35000301,1440,415,Sunday
atm35000302,500,870,Sunday
atm35000303,130,0,Sunday
atm35000304,455,60,Sunday
atm35000305,635,355,Sunday
atm35000306,1040,30,Sunday
atm35000307,155,70,Sunday
atm35000308,260,225,Sunday
atm35000309,1265,490,Sunday
atm35000310,1560,655,Sunday
atm35000311,920,135,Sunday
atm35000312,1080,775,Sunday
atm35000313,135,360,Sunday
atm35000314,4555,5240,Sunday
atm35000315,460,600,Sunday
atm35000316,580,295,Sunday
atm35000317,5890,5740,Sunday
atm35000318,975,15,Sunday
atm35000319,1240,1155,Sunday
atm35000320,630,1285,Sunday
atm35000321,905,365,Sunday
atm35000322,435,530,Sunday
atm35000323,275,790,Sunday
atm35000324,1055,370,Sunday
atm35000325,435,630,Sunday
atm35000326,730,0,Sunday
atm35000327,785,405,Sunday
atm35000328,630,355,Sunday
atm35000329,5,60,Sunday
atm35000330,0,690,Sunday
atm35000331,335,270,Sunday
atm35000332,975,610,Sunday
atm35000333,650,630,Sunday
atm35000334,0,690,Sunday
atm35000335,460,190,Sunday
atm35000336,495,0,Sunday
atm35000337,760,1495,Sunday
atm35000338,1910,150,Sunday
atm35000339,4585,5355,Sunday
atm35000340,0,610,Sunday
atm35000341,225,680,Sunday
atm35000342,5,705,Sunday
atm35000343,455,1015,Sunday
atm35000344,275,1515,Sunday
atm35000345,205,1115,Sunday
atm35000346,1140,440,Sunday
atm35000347,0,105,Sunday
atm35000348,1290,840,Sunday
atm35000349,640,65,Sunday
atm35000350,230,885,Sunday
atm35000351,1200,50,Sunday
atm35000352,1005,850,Sunday
atm35000353,1055,1810,Sunday
atm35000354,25,210,Sunday
atm35000355,360,990,Sunday
atm35000356,4645,4685,Sunday
atm35000357,475,1065,Sunday
atm35000358,1105,1295,Sunday
atm0,0,0,Sunday
atm350001,4080,6035,Sunday
atm350002,5535,5245,Sunday
atm350003,6125,6325,Sunday
atm350004,4685,5380,Sunday
atm350005,4290,4755,Sunday
atm350006,2770,3580,Sunday
atm350007,5140,3650,Sunday
atm350008,2920,6190,Sunday
atm350009,3625,5080,Sunday
atm3500010,4710,5590,Sunday
atm3500011,1655,5750,Sunday
atm3500012,5250,4205,Sunday
atm3500013,3580,3080,Sunday
atm3500014,2665,5500,Sunday
atm3500015,2680,5895,Sunday
atm3500016,2335,2395,Sunday
atm3500017,6005,4090,Sunday
atm3500018,3760,6285,Sunday
atm3500019,2900,5225,Sunday
atm3500020,2380,3580,Sunday
atm3500021,3825,3080,Sunday
atm3500022,5225,4370,Sunday
atm3500023,1815,6740,Sunday
atm3500024,2875,4580,Sunday
atm3500025,5085,4765,Sunday
atm3500026,3790,5090,Sunday
atm3500027,5540,3735,Sunday
atm3500028,4490,6290,Sunday
atm3500029,5085,4970,Sunday
atm3500030,4965,6670,Sunday
atm3500031,3695,3500,Sunday
atm3500032,2290,3850,Sunday
atm3500033,2840,6075,Sunday
atm3500034,5725,5705,Sunday
atm3500035,2520,2695,Sunday
atm3500062,3515,3630,Sunday
atm3500063,5045,4665,Sunday
atm3500064,2195,4290,Sunday
atm3500065,2870,3540,Sunday
atm35000230,3585,5205,Sunday
atm35000231,2275,7330,Sunday
atm35000232,2550,7155,Sunday
atm35000233,1315,7350,Sunday
atm35000234,7475,4535,Sunday
atm35000235,1865,3880,Sunday
atm35000236,5065,5135,Sunday
atm35000237,4755,5535,Sunday
atm35000238,3615,4670,Sunday
atm35000239,3975,4625,Sunday
atm35000240,1655,4845,Sunday
atm35000241,4275,3990,Sunday
atm35000242,2975,4785,Sunday
atm35000243,5515,5495,Sunday
atm35000244,2505,5140,Sunday
atm35000245,5290,6185,Sunday
atm35000246,6400,6015,Sunday
atm35000247,7685,4000,Sunday
atm35000248,6275,4730,Sunday
atm35000249,7410,5005,Sunday
atm35000250,3430,3390,Sunday
atm35000251,4430,6425,Sunday
atm35000252,3000,3600,Sunday
atm35000253,4065,4225,Sunday
atm35000254,5395,4795,Sunday
atm35000255,2285,5445,Sunday
atm35000256,7230,5790,Sunday
atm35000257,5305,5490,Sunday
atm35000258,5385,4675,Sunday
atm35000259,3015,4155,Sunday
atm35000260,3875,4500,Sunday
atm35000261,5785,5750,Sunday
atm35000262,2775,5755,Sunday
atm35000263,2925,4505,Sunday
atm35000264,2505,5620,Sunday
atm3500036,5060,4540,Sunday
atm3500037,3410,5575,Sunday
atm3500038,3070,4465,Sunday
atm3500039,1780,4495,Sunday
atm3500040,2370,5150,Sunday
atm3500041,4250,5090,Sunday
atm3500042,5930,5200,Sunday
atm3500043,2400,5010,Sunday
atm3500044,2340,4780,Sunday
atm3500045,3995,4600,Sunday
atm3500046,4035,4340,Sunday
atm3500047,1980,3825,Sunday
atm3500048,4590,6965,Sunday
atm3500049,2070,4450,Sunday
atm3500050,1995,5535,Sunday
atm3500051,2710,3475,Sunday
atm3500052,4185,4090,Sunday
atm3500053,4185,5490,Sunday
atm3500054,6145,4075,Sunday
atm3500055,4900,4970,Sunday
atm3500056,4400,4430,Sunday
atm3500057,5845,3990,Sunday
atm3500058,4105,3670,Sunday
atm3500059,4345,4215,Sunday
atm3500060,2550,7275,Sunday
atm3500061,4965,6165,Sunday
atm3500066,3285,2855,Sunday
atm3500067,5475,5465,Sunday
atm3500068,3600,5995,Sunday
atm3500069,3605,4380,Sunday
atm3500070,6525,5845,Sunday
atm3500071,4575,4480,Sunday
atm3500072,2960,3860,Sunday
atm3500073,1880,4325,Sunday
atm3500074,2755,3885,Sunday
atm3500075,4270,4885,Sunday
atm3500076,6605,5960,Sunday
atm3500077,4825,3450,Sunday
atm3500078,2380,5335,Sunday
atm3500079,6420,4180,Sunday
atm3500080,2290,4160,Sunday
atm3500081,2610,4615,Sunday
atm3500082,2365,6785,Sunday
atm3500083,6740,6305,Sunday
atm3500084,3110,6260,Sunday
atm3500085,5295,4005,Sunday
atm3500086,5475,4820,Sunday
atm3500087,4510,4550,Sunday
atm3500088,3935,3320,Sunday
atm3500089,4875,3115,Sunday
atm3500090,3745,3745,Sunday
atm3500091,3410,4170,Sunday
atm3500092,4815,5115,Sunday
atm3500093,2610,2965,Sunday
atm3500094,5345,4535,Sunday
atm3500095,6210,4070,Sunday
atm3500096,4895,4180,Sunday
atm3500097,4025,3825,Sunday
atm3500098,5260,3615,Sunday
atm3500099,3880,4495,Sunday
atm35000100,5145,4950,Sunday
atm35000101,4450,5530,Sunday
atm35000102,5385,3415,Sunday
atm35000103,2990,5685,Sunday
atm35000104,5285,4190,Sunday
atm35000105,4300,4030,Sunday
atm35000106,3855,4705,Sunday
atm35000107,5750,5980,Sunday
atm35000108,3620,4465,Sunday
atm35000109,3330,4690,Sunday
atm35000110,3135,4175,Sunday
atm35000111,4195,4205,Sunday
atm35000112,4205,3835,Sunday
atm35000113,2395,3315,Sunday
atm35000114,3805,3070,Sunday
atm35000115,6210,3795,Sunday
atm35000116,6340,5470,Sunday
atm35000117,5895,3710,Sunday
atm35000118,2795,2860,Sunday
atm35000119,2085,6345,Sunday
atm35000120,5665,6590,Sunday
atm35000121,3820,4555,Sunday
atm35000122,4260,2470,Sunday
atm35000123,2210,4250,Sunday
atm35000124,5395,5320,Sunday
atm35000125,1675,5930,Sunday
atm35000126,3100,4745,Sunday
atm35000127,3575,4975,Sunday
atm35000128,5390,2735,Sunday
atm35000129,4025,5570,Sunday
atm35000130,4295,4595,Sunday
atm35000131,5365,2450,Sunday
atm35000132,5755,3770,Sunday
atm35000133,4250,2700,Sunday
atm35000134,6580,6125,Sunday
atm35000135,4105,3270,Sunday
atm35000136,5230,4010,Sunday
atm35000137,3290,4930,Sunday
atm35000138,2335,5135,Sunday
atm35000139,4225,3270,Sunday
atm35000140,4925,4780,Sunday
atm35000141,6255,5880,Sunday
atm35000142,3255,3295,Sunday
atm35000143,3640,3355,Sunday
atm35000144,4330,4765,Sunday
atm35000145,6020,5065,Sunday
atm35000146,3750,2895,Sunday
atm35000147,3925,5020,Sunday
atm35000148,2460,5310,Sunday
atm35000149,2370,4875,Sunday
atm35000150,2085,3560,Sunday
atm35000151,5825,3445,Sunday
atm35000152,4810,4675,Sunday
atm35000153,3145,6900,Sunday
atm35000154,3705,5595,Sunday
atm35000155,5480,6905,Sunday
atm35000156,2405,4685,Sunday
atm35000157,3325,3375,Sunday
atm35000158,4940,3360,Sunday
atm35000159,2780,3865,Sunday
atm35000160,1790,6100,Sunday
atm35000161,2975,5635,Sunday
atm35000162,6020,3265,Sunday
atm35000163,4280,3605,Sunday
atm35000164,5270,5040,Sunday
atm35000165,2260,3650,Sunday
atm35000166,5075,5430,Sunday
atm35000167,4760,5790,Sunday
atm35000168,5445,6030,Sunday
atm35000169,4740,2980,Sunday
atm35000170,2915,7765,Sunday
atm35000171,3140,2610,Sunday
atm35000172,3055,4955,Sunday
atm35000173,6235,4465,Sunday
atm35000174,1890,3815,Sunday
atm35000175,2380,3145,Sunday
atm35000176,3240,5625,Sunday
atm35000177,2170,5355,Sunday
atm35000178,2360,5920,Sunday
atm35000179,3890,5595,Sunday
atm35000180,4935,4210,Sunday
atm35000181,3350,6295,Sunday
atm35000182,5870,4975,Sunday
atm35000183,2565,2915,Sunday
atm35000184,5965,3390,Sunday
atm35000185,4290,6970,Sunday
atm35000186,3390,3590,Sunday
atm35000187,5380,5260,Sunday
atm35000188,5760,3490,Sunday
atm35000189,5565,3115,Sunday
atm35000190,2855,6480,Sunday
atm35000191,5005,4625,Sunday
atm35000192,2205,3540,Sunday
atm35000193,2150,5595,Sunday
atm35000194,3190,4590,Sunday
atm35000195,4360,4335,Sunday
atm35000196,5040,3315,Sunday
atm35000197,4970,3855,Sunday
atm35000198,3005,3780,Sunday
atm35000199,4980,4035,Sunday
atm35000200,3235,6245,Sunday
atm35000201,3545,5455,Sunday
atm35000202,2550,8335,Sunday
atm35000203,2340,4595,Sunday
atm35000204,2070,5250,Sunday
atm35000205,4170,6325,Sunday
atm35000206,6055,4750,Sunday
atm35000207,3060,4630,Sunday
atm35000208,5695,4485,Sunday
atm35000209,5930,5335,Sunday
atm35000210,5410,5305,Sunday
atm35000211,2275,4600,Sunday
atm35000212,5830,5860,Sunday
atm35000213,2695,4470,Sunday
atm35000214,4680,4835,Sunday
atm35000215,3170,5180,Sunday
atm35000216,2595,6125,Sunday
atm35000217,6085,5990,Sunday
atm35000218,4075,4145,Sunday
atm35000219,4985,5680,Sunday
atm35000220,5425,4880,Sunday
atm35000221,1520,4385,Sunday
atm35000222,2305,4855,Sunday
atm35000223,4150,4260,Sunday
atm35000224,7150,4115,Sunday
atm35000225,5605,3820,Sunday
atm35000226,2360,5295,Sunday
atm35000227,5040,4025,Sunday
atm35000228,6135,5055,Sunday
atm35000229,2335,5195,Sunday
atm35000265,2720,5330,Sunday
atm35000266,5685,4105,Sunday
atm35000267,2620,5840,Sunday
atm35000268,7355,4495,Sunday
atm35000269,4270,3315,Sunday
atm35000270,6350,6855,Sunday
atm35000271,3715,5535,Sunday
atm35000272,5450,5760,Sunday
atm35000273,3205,5245,Sunday
atm35000274,5280,5970,Sunday
atm35000275,5470,5920,Sunday
atm35000276,2985,5395,Sunday
atm35000277,5095,4025,Sunday
atm35000278,3695,4160,Sunday
atm35000279,5915,5055,Sunday
atm35000280,3640,4995,Sunday
atm35000281,4165,6020,Sunday
atm35000282,1960,5270,Sunday
atm35000283,5840,7045,Sunday
atm35000284,1975,5115,Sunday
atm35000285,3695,6480,Sunday
atm35000286,4740,3925,Sunday
atm35000287,4740,4055,Sunday
atm35000288,4010,4440,Sunday
atm35000289,4740,5110,Sunday
atm35000290,1935,6195,Sunday
atm35000291,2655,5005,Sunday
atm35000292,6125,7225,Sunday
atm35000293,3090,4835,Sunday
atm35000294,4585,3780,Sunday
atm35000295,2480,3685,Sunday
atm35000296,2770,5290,Sunday
atm35000297,5070,4585,Sunday
atm35000298,4475,5445,Sunday
atm35000299,5170,6740,Sunday
atm35000300,3690,5640,Sunday
atm35000301,5170,6065,Sunday
atm35000302,3315,5005,Sunday
atm35000303,5505,5650,Sunday
atm35000304,2605,2820,Sunday
atm35000305,2280,4040,Sunday
atm35000306,2180,3335,Sunday
atm35000307,2635,3375,Sunday
atm35000308,4490,5780,Sunday
atm35000309,4555,4335,Sunday
atm35000310,6250,5865,Sunday
atm35000311,3375,3590,Sunday
atm35000312,2950,3730,Sunday
atm35000313,4600,4410,Sunday
atm35000314,3775,6955,Sunday
atm35000315,2910,4155,Sunday
atm35000316,4485,4120,Sunday
atm35000317,5430,4885,Sunday
atm35000318,6450,4740,Sunday
atm35000319,5890,4520,Sunday
atm35000320,4805,5505,Sunday
atm35000321,3730,5120,Sunday
atm35000322,8000,2820,Sunday
atm35000323,5160,4235,Sunday
atm35000324,3640,4590,Sunday
atm35000325,3640,4540,Sunday
atm35000326,3430,5145,Sunday
atm35000327,3055,5290,Sunday
atm35000328,6400,6025,Sunday
atm35000329,7175,3930,Sunday
atm35000330,4455,5335,Sunday
atm35000331,2300,4785,Sunday
atm35000332,5595,4045,Sunday
atm35000333,3340,3980,Sunday
atm35000334,6860,6335,Sunday
atm35000335,5395,6800,Sunday
atm35000336,2990,3480,Sunday
atm35000337,5610,5700,Sunday
atm35000338,3805,3225,Sunday
atm35000339,6725,6295,Sunday
atm35000340,3765,4575,Sunday
atm35000341,7190,5770,Sunday
atm35000342,2430,3980,Sunday
atm35000343,3760,2980,Sunday
atm35000344,5975,3895,Sunday
atm35000345,4305,3120,Sunday
atm35000346,2315,5060,Sunday
atm35000347,4430,5185,Sunday
atm35000348,5970,6515,Sunday
atm35000349,3535,4555,Sunday
atm35000350,4875,3575,Sunday
atm35000351,6045,5025,Sunday
atm35000352,7305,6655,Sunday
atm35000353,5195,3325,Sunday
atm35000354,3435,4975,Sunday
atm35000355,3085,5460,Sunday
atm35000356,5450,5465,Sunday
atm35000357,4895,4470,Sunday
atm35000358,2825,4390,Sunday
atm0,0,0,Sunday
atm350001,4340,5250,Sunday
atm350002,3325,5850,Sunday
atm350003,4875,3915,Sunday
atm350004,7110,3390,Sunday
atm350005,5870,4275,Sunday
atm350006,3240,5285,Sunday
atm350007,5215,4660,Sunday
atm350008,3650,3630,Sunday
atm350009,4345,5020,Sunday
atm3500010,4310,5630,Sunday
atm3500011,3850,4610,Sunday
atm3500012,5540,3600,Sunday
atm3500013,2845,6705,Sunday
atm3500014,4415,3885,Sunday
atm3500015,2555,6205,Sunday
atm3500016,3275,6180,Sunday
atm3500017,4735,3245,Sunday
atm3500018,6055,4575,Sunday
atm3500019,6145,6200,Sunday
atm3500020,4770,4140,Sunday
atm3500021,7560,5180,Sunday
atm3500022,5555,4520,Sunday
atm3500023,3830,4085,Sunday
atm3500024,3460,5535,Sunday
atm3500025,6285,4750,Sunday
atm3500026,6500,4690,Sunday
atm3500027,1985,5065,Sunday
atm3500028,5425,3760,Sunday
atm3500029,5865,6120,Sunday
atm3500030,1800,4515,Sunday
atm3500031,3315,6220,Sunday
atm3500032,3380,5045,Sunday
atm3500033,5645,4220,Sunday
atm3500034,5155,2930,Sunday
atm3500035,2250,4785,Sunday
atm3500062,4675,4655,Sunday
atm3500063,5935,3255,Sunday
atm3500064,4085,4080,Sunday
atm3500065,4760,7230,Sunday
atm35000230,4090,5315,Sunday
atm35000231,6970,4810,Sunday
atm35000232,4285,5805,Sunday
atm35000233,6510,5585,Sunday
atm35000234,3430,4665,Sunday
atm35000235,6385,4605,Sunday
atm35000236,5250,6320,Sunday
atm35000237,6280,4535,Sunday
atm35000238,2530,2890,Sunday
atm35000239,3325,3440,Sunday
atm35000240,3355,4310,Sunday
atm35000241,2925,4890,Sunday
atm35000242,6440,5510,Sunday
atm35000243,5200,5310,Sunday
atm35000244,2860,4040,Sunday
atm35000245,4555,4375,Sunday
atm35000246,2475,6360,Sunday
atm35000247,4760,5105,Sunday
atm35000248,5970,6780,Sunday
atm35000249,5680,4200,Sunday
atm35000250,4905,6395,Sunday
atm35000251,2700,3200,Sunday
atm35000252,2340,4890,Sunday
atm35000253,6435,4125,Sunday
atm35000254,6185,3835,Sunday
atm35000255,1695,5625,Sunday
atm35000256,3910,4505,Sunday
atm35000257,3965,4785,Sunday
atm35000258,1845,5315,Sunday
atm35000259,3775,4905,Sunday
atm35000260,4665,5285,Sunday
atm35000261,3310,7295,Sunday
atm35000262,3960,6345,Sunday
atm35000263,5500,4450,Sunday
atm35000264,2870,5770,Sunday
atm3500036,3505,3200,Sunday
atm3500037,4535,5030,Sunday
atm3500038,4570,3800,Sunday
atm3500039,2785,5180,Sunday
atm3500040,2040,5300,Sunday
atm3500041,2915,6335,Sunday
atm3500042,8150,3615,Sunday
atm3500043,5755,4220,Sunday
atm3500044,2615,5340,Sunday
atm3500045,3725,6340,Sunday
atm3500046,5490,6155,Sunday
atm3500047,2440,3610,Sunday
atm3500048,3220,3845,Sunday
atm3500049,3765,4685,Sunday
atm3500050,1645,4085,Sunday
atm3500051,3735,6670,Sunday
atm3500052,4715,3880,Sunday
atm3500053,2540,5550,Sunday
atm3500054,2520,6410,Sunday
atm3500055,3430,4780,Sunday
atm3500056,4250,6190,Sunday
atm3500057,4330,4270,Sunday
atm3500058,2325,3480,Sunday
atm3500059,2860,4315,Sunday
atm3500060,2490,4180,Sunday
atm3500061,2305,5885,Sunday
atm3500066,2295,5530,Sunday
atm3500067,4310,5995,Sunday
atm3500068,5110,4045,Sunday
atm3500069,6615,7675,Sunday
atm3500070,4930,2900,Sunday
atm3500071,4635,3490,Sunday
atm3500072,1725,4800,Sunday
atm3500073,6115,6035,Sunday
atm3500074,6680,6105,Sunday
atm3500075,5120,4905,Sunday
atm3500076,7105,5745,Sunday
atm3500077,3950,6510,Sunday
atm3500078,5700,6150,Sunday
atm3500079,2610,5390,Sunday
atm3500080,2945,4795,Sunday
atm3500081,5060,3750,Sunday
atm3500082,4570,5510,Sunday
atm3500083,5115,5655,Sunday
atm3500084,2580,5875,Sunday
atm3500085,2795,4410,Sunday
atm3500086,6805,5985,Sunday
atm3500087,5260,6195,Sunday
atm3500088,2830,4295,Sunday
atm3500089,2100,6245,Sunday
atm3500090,2815,4255,Sunday
atm3500091,4250,4415,Sunday
atm3500092,2010,3045,Sunday
atm3500093,3510,5735,Sunday
atm3500094,4560,4580,Sunday
atm3500095,1690,3350,Sunday
atm3500096,3270,6415,Sunday
atm3500097,4385,5620,Sunday
atm3500098,1810,5410,Sunday
atm3500099,5740,4235,Sunday
atm35000100,2690,5225,Sunday
atm35000101,3245,3200,Sunday
atm35000102,3340,5805,Sunday
atm35000103,5760,4345,Sunday
atm35000104,6065,5495,Sunday
atm35000105,2305,6785,Sunday
atm35000106,6660,5155,Sunday
atm35000107,2350,2860,Sunday
atm35000108,3090,4030,Sunday
atm35000109,5230,5240,Sunday
atm35000110,3485,3970,Sunday
atm35000111,5170,5745,Sunday
atm35000112,5700,4135,Sunday
atm35000113,2275,6490,Sunday
atm35000114,3745,6350,Sunday
atm35000115,2090,4750,Sunday
atm35000116,4360,4430,Sunday
atm35000117,4320,4625,Sunday
atm35000118,5235,3350,Sunday
atm35000119,5865,3910,Sunday
atm35000120,3960,4665,Sunday
atm35000121,2980,5000,Sunday
atm35000122,6805,5535,Sunday
atm35000123,3785,4255,Sunday
atm35000124,4850,5705,Sunday
atm35000125,4045,5005,Sunday
atm35000126,4575,4895,Sunday
atm35000127,3110,3330,Sunday
atm35000128,6865,7215,Sunday
atm35000129,6605,4340,Sunday
atm35000130,3140,4415,Sunday
atm35000131,5190,2930,Sunday
atm35000132,2810,5060,Sunday
atm35000133,2770,5705,Sunday
atm35000134,3030,5515,Sunday
atm35000135,2735,5530,Sunday
atm35000136,6875,5520,Sunday
atm35000137,4575,4525,Sunday
atm35000138,5875,6140,Sunday
atm35000139,6845,4110,Sunday
atm35000140,5890,4875,Sunday
atm35000141,5335,4840,Sunday
atm35000142,1685,7655,Sunday
atm35000143,5865,2940,Sunday
atm35000144,6930,5735,Sunday
atm35000145,2395,4340,Sunday
atm35000146,2050,4060,Sunday
atm35000147,3775,6080,Sunday
atm35000148,2310,2470,Sunday
atm35000149,4555,5755,Sunday
atm35000150,5875,4925,Sunday
atm35000151,2720,3690,Sunday
atm35000152,5455,5100,Sunday
atm35000153,1575,5245,Sunday
atm35000154,5955,4360,Sunday
atm35000155,5365,4675,Sunday
atm35000156,2270,4970,Sunday
atm35000157,2700,3905,Sunday
atm35000158,1985,5135,Sunday
atm35000159,2650,5420,Sunday
atm35000160,4905,3730,Sunday
atm35000161,6460,5320,Sunday
atm35000162,2185,5610,Sunday
atm35000163,4225,7420,Sunday
atm35000164,2395,6250,Sunday
atm35000165,2550,3675,Sunday
atm35000166,3590,5955,Sunday
atm35000167,4925,4405,Sunday
atm35000168,6335,4470,Sunday
atm35000169,1940,5415,Sunday
atm35000170,3300,5700,Sunday
atm35000171,7190,3180,Sunday
atm35000172,5945,6170,Sunday
atm35000173,7385,3280,Sunday
atm35000174,2000,5240,Sunday
atm35000175,3330,6945,Sunday
atm35000176,2760,6135,Sunday
atm35000177,4150,5570,Sunday
atm35000178,5315,3050,Sunday
atm35000179,2375,5650,Sunday
atm35000180,6510,5860,Sunday
atm35000181,2595,3745,Sunday
atm35000182,3975,4790,Sunday
atm35000183,2890,4395,Sunday
atm35000184,2650,3680,Sunday
atm35000185,4310,2850,Sunday
atm35000186,7355,4890,Sunday
atm35000187,4840,4750,Sunday
atm35000188,1795,4720,Sunday
atm35000189,5270,2825,Sunday
atm35000190,5065,3050,Sunday
atm35000191,5735,4035,Sunday
atm35000192,1795,6100,Sunday
atm35000193,4890,5295,Sunday
atm35000194,1955,3570,Sunday
atm35000195,5700,4430,Sunday
atm35000196,2800,6485,Sunday
atm35000197,3795,4880,Sunday
atm35000198,2995,6105,Sunday
atm35000199,5315,4015,Sunday
atm35000200,5880,6275,Sunday
atm35000201,4085,8035,Sunday
atm35000202,1855,4455,Sunday
atm35000203,4675,4350,Sunday
atm35000204,7060,5275,Sunday
atm35000205,4115,4590,Sunday
atm35000206,6040,5055,Sunday
atm35000207,5390,5160,Sunday
atm35000208,2820,7160,Sunday
atm35000209,4240,3975,Sunday
atm35000210,4715,3575,Sunday
atm35000211,2370,5115,Sunday
atm35000212,4055,4695,Sunday
atm35000213,6135,7360,Sunday
atm35000214,3395,4195,Sunday
atm35000215,2930,3630,Sunday
atm35000216,5245,3460,Sunday
atm35000217,4350,4470,Sunday
atm35000218,7465,5960,Sunday
atm35000219,5050,4950,Sunday
atm35000220,5545,6570,Sunday
atm35000221,4130,6615,Sunday
atm35000222,2975,4950,Sunday
atm35000223,4385,5780,Sunday
atm35000224,3905,5870,Sunday
atm35000225,6120,3410,Sunday
atm35000226,5950,5505,Sunday
atm35000227,4240,6965,Sunday
atm35000228,6400,4015,Sunday
atm35000229,6415,3800,Sunday
atm35000265,3850,3855,Sunday
atm35000266,4310,4670,Sunday
atm35000267,5160,6410,Sunday
atm35000268,1670,5580,Sunday
atm35000269,3410,6260,Sunday
atm35000270,3725,3935,Sunday
atm35000271,3035,5345,Sunday
atm35000272,4720,5860,Sunday
atm35000273,4535,3400,Sunday
atm35000274,3960,5580,Sunday
atm35000275,5250,6730,Sunday
atm35000276,5025,5275,Sunday
atm35000277,1825,4755,Sunday
atm35000278,3935,4385,Sunday
atm35000279,4275,4870,Sunday
atm35000280,5475,5070,Sunday
atm35000281,2805,4145,Sunday
atm35000282,5565,4310,Sunday
atm35000283,2425,5320,Sunday
atm35000284,1790,7990,Sunday
atm35000285,6485,5675,Sunday
atm35000286,3295,3415,Sunday
atm35000287,4015,3145,Sunday
atm35000288,5525,5635,Sunday
atm35000289,2505,5355,Sunday
atm35000290,4825,4195,Sunday
atm35000291,2995,6600,Sunday
atm35000292,2045,3675,Sunday
atm35000293,3035,5505,Sunday
atm35000294,3645,5685,Sunday
atm35000295,6630,4200,Sunday
atm35000296,2620,4165,Sunday
atm35000297,2675,3735,Sunday
atm35000298,2535,5765,Sunday
atm35000299,5450,3380,Sunday
atm35000300,3585,5745,Sunday
atm35000301,4530,5085,Sunday
atm35000302,1695,5080,Sunday
atm35000303,1920,4325,Sunday
atm35000304,4765,6265,Sunday
atm35000305,2000,6975,Sunday
atm35000306,4870,4035,Sunday
atm35000307,6030,5205,Sunday
atm35000308,3460,6960,Sunday
atm35000309,3290,5755,Sunday
atm35000310,5845,4985,Sunday
atm35000311,4745,5320,Sunday
atm35000312,5875,4310,Sunday
atm35000313,4990,4820,Sunday
atm35000314,4635,4480,Sunday
atm35000315,1645,6235,Sunday
atm35000316,4700,4115,Sunday
atm35000317,5380,6090,Sunday
atm35000318,1565,4920,Sunday
atm35000319,4800,5160,Sunday
atm35000320,4230,3815,Sunday
atm35000321,2495,5735,Sunday
atm35000322,2830,5770,Sunday
atm35000323,3810,3605,Sunday
atm35000324,6465,4845,Sunday
atm35000325,5580,6570,Sunday
atm35000326,5400,3870,Sunday
atm35000327,6925,6390,Sunday
atm35000328,3670,4675,Sunday
atm35000329,5205,6395,Sunday
atm35000330,3510,6345,Sunday
atm35000331,3690,3805,Sunday
atm35000332,4170,4365,Sunday
atm35000333,7245,3510,Sunday
atm35000334,2485,4010,Sunday
atm35000335,6090,4465,Sunday
atm35000336,2220,5635,Sunday
atm35000337,3895,5450,Sunday
atm35000338,2160,4060,Sunday
atm35000339,7215,5630,Sunday
atm35000340,3860,3480,Sunday
atm35000341,2740,4300,Sunday
atm35000342,5785,3855,Sunday
atm35000343,3480,4070,Sunday
atm35000344,5205,5735,Sunday
atm35000345,5805,4250,Sunday
atm35000346,3665,4960,Sunday
atm35000347,4755,6035,Sunday
atm35000348,3310,4795,Sunday
atm35000349,2890,6200,Sunday
atm35000350,2185,3020,Sunday
atm35000351,4505,3620,Sunday
atm35000352,5130,4335,Sunday
atm35000353,3380,4195,Sunday
atm35000354,2760,4820,Sunday
atm35000355,4340,4695,Sunday
atm35000356,5655,6190,Sunday
atm35000357,4520,3520,Sunday
atm35000358,6370,6560,Sunday
atm0,0,0,Sunday
atm350001,2725,2825,Sunday
atm350002,3085,5480,Sunday
atm350003,3340,5905,Sunday
atm350004,4020,4375,Sunday
atm350005,5550,4370,Sunday
atm350006,4015,4305,Sunday
atm350007,2190,3580,Sunday
atm350008,4240,4490,Sunday
atm350009,1920,5065,Sunday
atm3500010,3755,6950,Sunday
atm3500011,3575,5345,Sunday
atm3500012,2375,4170,Sunday
atm3500013,2750,4330,Sunday
atm3500014,2465,6240,Sunday
atm3500015,2775,5840,Sunday
atm3500016,5250,5615,Sunday
atm3500017,4935,4825,Sunday
atm3500018,4875,7890,Sunday
atm3500019,5965,4080,Sunday
atm3500020,4395,5720,Sunday
atm3500021,4835,5160,Sunday
atm3500022,2600,5570,Sunday
atm3500023,3735,5735,Sunday
atm3500024,3975,3310,Sunday
atm3500025,7410,4295,Sunday
atm3500026,5060,5450,Sunday
atm3500027,5685,5965,Sunday
atm3500028,2600,4510,Sunday
atm3500029,4815,5025,Sunday
atm3500030,5005,6865,Sunday
atm3500031,4030,6080,Sunday
atm3500032,4155,5755,Sunday
atm3500033,4365,4085,Sunday
atm3500034,2760,4265,Sunday
atm3500035,5410,4305,Sunday
atm3500062,3330,4940,Sunday
atm3500063,4055,7240,Sunday
atm3500064,3575,5450,Sunday
atm3500065,4420,4295,Sunday
atm35000230,4745,4170,Sunday
atm35000231,3920,4785,Sunday
atm35000232,4355,4050,Sunday
atm35000233,2470,4605,Sunday
atm35000234,5180,3565,Sunday
atm35000235,3115,6530,Sunday
atm35000236,4240,3630,Sunday
atm35000237,4350,4550,Sunday
atm35000238,6065,5680,Sunday
atm35000239,5600,3845,Sunday
atm35000240,3060,4685,Sunday
atm35000241,3685,5925,Sunday
atm35000242,2360,5980,Sunday
atm35000243,1750,2160,Sunday
atm35000244,6230,6555,Sunday
atm35000245,4635,5940,Sunday
atm35000246,2835,3740,Sunday
atm35000247,4165,5430,Sunday
atm35000248,5875,4165,Sunday
atm35000249,5425,7675,Sunday
atm35000250,2995,3900,Sunday
atm35000251,5605,3645,Sunday
atm35000252,3925,3730,Sunday
atm35000253,4160,6300,Sunday
atm35000254,2655,3230,Sunday
atm35000255,3480,3685,Sunday
atm35000256,4760,4910,Sunday
atm35000257,5980,6685,Sunday
atm35000258,5805,6450,Sunday
atm35000259,5360,5720,Sunday
atm35000260,5145,4640,Sunday
atm35000261,2130,5405,Sunday
atm35000262,3980,3840,Sunday
atm35000263,2520,4920,Sunday
atm35000264,3405,3410,Sunday
atm3500036,4820,5920,Sunday
atm3500037,3800,3620,Sunday
atm3500038,1670,4265,Sunday
atm3500039,2935,3720,Sunday
atm3500040,4390,7990,Sunday
atm3500041,6060,4405,Sunday
atm3500042,6215,4925,Sunday
atm3500043,4350,3530,Sunday
atm3500044,4395,3205,Sunday
atm3500045,2940,5520,Sunday
atm3500046,6690,3800,Sunday
atm3500047,4510,5185,Sunday
atm3500048,4300,6475,Sunday
atm3500049,5285,3280,Sunday
atm3500050,2715,3895,Sunday
atm3500051,6420,4410,Sunday
atm3500052,2630,3760,Sunday
atm3500053,4055,4190,Sunday
atm3500054,2575,6155,Sunday
atm3500055,4475,6275,Sunday
atm3500056,4755,5255,Sunday
atm3500057,1850,5360,Sunday
atm3500058,3595,5230,Sunday
atm3500059,7115,2805,Sunday
atm3500060,3085,4855,Sunday
atm3500061,1750,5340,Sunday
atm3500066,4560,5040,Sunday
atm3500067,5370,5140,Sunday
atm3500068,5425,5770,Sunday
atm3500069,2415,6395,Sunday
atm3500070,5025,4180,Sunday
atm3500071,2195,5295,Sunday
atm3500072,2570,5570,Sunday
atm3500073,2065,3835,Sunday
atm3500074,5800,4795,Sunday
atm3500075,2405,7365,Sunday
atm3500076,5265,5375,Sunday
atm3500077,5010,5100,Sunday
atm3500078,2890,2880,Sunday
atm3500079,4720,4955,Sunday
atm3500080,4925,4300,Sunday
atm3500081,5915,3285,Sunday
atm3500082,6085,2695,Sunday
atm3500083,4320,6860,Sunday
atm3500084,5235,4055,Sunday
atm3500085,2595,4135,Sunday
atm3500086,6285,4870,Sunday
atm3500087,4350,5230,Sunday
atm3500088,2195,2825,Sunday
atm3500089,2390,3690,Sunday
atm3500090,1635,4520,Sunday
atm3500091,2755,5905,Sunday
atm3500092,3065,7325,Sunday
atm3500093,4760,6675,Sunday
atm3500094,2410,3935,Sunday
atm3500095,3890,4900,Sunday
atm3500096,5910,7580,Sunday
atm3500097,4635,6935,Sunday
atm3500098,5975,3050,Sunday
atm3500099,5845,3280,Sunday
atm35000100,4130,3900,Sunday
atm35000101,3190,3900,Sunday
atm35000102,4250,4370,Sunday
atm35000103,3035,6195,Sunday
atm35000104,2485,2830,Sunday
atm35000105,4995,6475,Sunday
atm35000106,5540,3815,Sunday
atm35000107,3345,4365,Sunday
atm35000108,3095,3880,Sunday
atm35000109,4385,5895,Sunday
atm35000110,2545,5700,Sunday
atm35000111,2535,3965,Sunday
atm35000112,2080,2695,Sunday
atm35000113,4910,4450,Sunday
atm35000114,4720,3860,Sunday
atm35000115,2125,4430,Sunday
atm35000116,5005,4385,Sunday
atm35000117,2510,3165,Sunday
atm35000118,5670,4700,Sunday
atm35000119,2110,3475,Sunday
atm35000120,5975,5600,Sunday
atm35000121,6440,6620,Sunday
atm35000122,5380,3485,Sunday
atm35000123,3905,2650,Sunday
atm35000124,6140,5535,Sunday
atm35000125,3285,5660,Sunday
atm35000126,1495,3650,Sunday
atm35000127,3390,4235,Sunday
atm35000128,3940,5820,Sunday
atm35000129,2650,3015,Sunday
atm35000130,2865,4755,Sunday
atm35000131,4635,3000,Sunday
atm35000132,3635,4250,Sunday
atm35000133,6050,5725,Sunday
atm35000134,3595,5950,Sunday
atm35000135,6180,6090,Sunday
atm35000136,2370,4480,Sunday
atm35000137,3530,6140,Sunday
atm35000138,4855,2765,Sunday
atm35000139,2855,7520,Sunday
atm35000140,4835,4030,Sunday
atm35000141,2980,6490,Sunday
atm35000142,2725,3905,Sunday
atm35000143,6780,5575,Sunday
atm35000144,3795,3285,Sunday
atm35000145,4680,6690,Sunday
atm35000146,4030,4930,Sunday
atm35000147,3705,6760,Sunday
atm35000148,6065,6680,Sunday
atm35000149,4095,6490,Sunday
atm35000150,4880,3905,Sunday
atm35000151,6375,4835,Sunday
atm35000152,3870,3545,Sunday
atm35000153,2020,2780,Sunday
atm35000154,3480,4845,Sunday
atm35000155,4705,5175,Sunday
atm35000156,4935,5845,Sunday
atm35000157,6445,4470,Sunday
atm35000158,3845,6445,Sunday
atm35000159,5205,5950,Sunday
atm35000160,5350,6590,Sunday
atm35000161,3735,3405,Sunday
atm35000162,4445,3880,Sunday
atm35000163,5045,4795,Sunday
atm35000164,5615,5725,Sunday
atm35000165,1460,6710,Sunday
atm35000166,3595,3435,Sunday
atm35000167,6730,6150,Sunday
atm35000168,5110,6045,Sunday
atm35000169,5765,4365,Sunday
atm35000170,4080,4210,Sunday
atm35000171,5135,3510,Sunday
atm35000172,4425,4500,Sunday
atm35000173,6000,3460,Sunday
atm35000174,7265,5450,Sunday
atm35000175,2280,5270,Sunday
atm35000176,2945,2575,Sunday
atm35000177,4510,5480,Sunday
atm35000178,6010,5815,Sunday
atm35000179,2755,6780,Sunday
atm35000180,7430,3775,Sunday
atm35000181,3005,5755,Sunday
atm35000182,6145,3605,Sunday
atm35000183,5540,2520,Sunday
atm35000184,3900,6575,Sunday
atm35000185,3105,3275,Sunday
atm35000186,1695,4165,Sunday
atm35000187,7005,4725,Sunday
atm35000188,3430,3815,Sunday
atm35000189,1495,4260,Sunday
atm35000190,5430,4650,Sunday
atm35000191,5710,3815,Sunday
atm35000192,5295,6480,Sunday
atm35000193,3820,3780,Sunday
atm35000194,5115,4575,Sunday
atm35000195,2225,5745,Sunday
atm35000196,4255,2755,Sunday
atm35000197,2140,4005,Sunday
atm35000198,1640,6055,Sunday
atm35000199,3285,5500,Sunday
atm35000200,3930,3850,Sunday
atm35000201,5150,4890,Sunday
atm35000202,3350,3880,Sunday
atm35000203,1930,5215,Sunday
atm35000204,4630,4840,Sunday
atm35000205,2450,5565,Sunday
atm35000206,3325,7050,Sunday
atm35000207,2340,5685,Sunday
atm35000208,5240,5245,Sunday
atm35000209,3220,3300,Sunday
atm35000210,4000,4625,Sunday
atm35000211,3610,4465,Sunday
atm35000212,2205,3180,Sunday
atm35000213,4910,3185,Sunday
atm35000214,1820,5330,Sunday
atm35000215,5215,6080,Sunday
atm35000216,5010,3725,Sunday
atm35000217,4070,6260,Sunday
atm35000218,5200,5220,Sunday
atm35000219,2500,5445,Sunday
atm35000220,6115,6375,Sunday
atm35000221,4970,4150,Sunday
atm35000222,5815,4670,Sunday
atm35000223,2845,4230,Sunday
atm35000224,3085,6190,Sunday
atm35000225,2480,6320,Sunday
atm35000226,4060,4890,Sunday
atm35000227,3675,5575,Sunday
atm35000228,2075,5635,Sunday
atm35000229,4620,4500,Sunday
atm35000265,2040,5230,Sunday
atm35000266,7150,5385,Sunday
atm35000267,4200,4065,Sunday
atm35000268,2400,6620,Sunday
atm35000269,5470,6490,Sunday
atm35000270,5230,5645,Sunday
atm35000271,5405,2650,Sunday
atm35000272,3815,5765,Sunday
atm35000273,7195,4000,Sunday
atm35000274,4310,5210,Sunday
atm35000275,4295,5185,Sunday
atm35000276,3765,7705,Sunday
atm35000277,2890,4220,Sunday
atm35000278,2095,5875,Sunday
atm35000279,4755,3540,Sunday
atm35000280,2360,4520,Sunday
atm35000281,5700,4500,Sunday
atm35000282,6065,4250,Sunday
atm35000283,3775,3735,Sunday
atm35000284,2295,4890,Sunday
atm35000285,5025,4705,Sunday
atm35000286,6175,4240,Sunday
atm35000287,1790,4515,Sunday
atm35000288,5845,5695,Sunday
atm35000289,5355,5760,Sunday
atm35000290,6135,5675,Sunday
atm35000291,6065,5770,Sunday
atm35000292,1600,4055,Sunday
atm35000293,4010,5440,Sunday
atm35000294,6085,2795,Sunday
atm35000295,2750,5305,Sunday
atm35000296,3600,5965,Sunday
atm35000297,5860,3580,Sunday
atm35000298,5305,4285,Sunday
atm35000299,2040,6635,Sunday
atm35000300,4490,4885,Sunday
atm35000301,1975,5485,Sunday
atm35000302,1765,3375,Sunday
atm35000303,7685,4825,Sunday
atm35000304,5355,3510,Sunday
atm35000305,2900,3695,Sunday
atm35000306,5310,3865,Sunday
atm35000307,3290,4665,Sunday
atm35000308,4170,5400,Sunday
atm35000309,3865,6150,Sunday
atm35000310,2655,5210,Sunday
atm35000311,3860,5675,Sunday
atm35000312,4455,5730,Sunday
atm35000313,3510,5670,Sunday
atm35000314,6065,7285,Sunday
atm35000315,6480,4490,Sunday
atm35000316,4190,2655,Sunday
atm35000317,4535,7195,Sunday
atm35000318,3765,2685,Sunday
atm35000319,1570,6120,Sunday
atm35000320,5450,3245,Sunday
atm35000321,3400,5210,Sunday
atm35000322,3635,5150,Sunday
atm35000323,5990,4460,Sunday
atm35000324,5205,3355,Sunday
atm35000325,3505,4405,Sunday
atm35000326,2780,5930,Sunday
atm35000327,6855,4195,Sunday
atm35000328,5530,3955,Sunday
atm35000329,4810,6090,Sunday
atm35000330,5025,4165,Sunday
atm35000331,3115,6095,Sunday
atm35000332,2350,2720,Sunday
atm35000333,4245,4730,Sunday
atm35000334,6195,5675,Sunday
atm35000335,3155,5355,Sunday
atm35000336,3235,5370,Sunday
atm35000337,4990,5210,Sunday
atm35000338,5160,4290,Sunday
atm35000339,3645,5805,Sunday
atm35000340,2375,6560,Sunday
atm35000341,3885,4950,Sunday
atm35000342,5240,4705,Sunday
atm35000343,4845,4855,Sunday
atm35000344,5145,4990,Sunday
atm35000345,2655,5650,Sunday
atm35000346,6990,6575,Sunday
atm35000347,2485,4690,Sunday
atm35000348,2495,2910,Sunday
atm35000349,2060,5010,Sunday
atm35000350,3325,4935,Sunday
atm35000351,5490,3255,Sunday
atm35000352,5460,3475,Sunday
atm35000353,4575,4365,Sunday
atm35000354,5750,4685,Sunday
atm35000355,2500,4290,Sunday
atm35000356,5410,6005,Sunday
atm35000357,4175,3920,Sunday
atm35000358,1630,4245,Sunday
atm0,0,0,Sunday
atm350001,4045,3320,Sunday
atm350002,5350,4480,Sunday
atm350003,3665,3950,Sunday
atm350004,5210,3690,Sunday
atm350005,7140,4860,Sunday
atm350006,4460,2755,Sunday
atm350007,4770,6110,Sunday
atm350008,4415,3885,Sunday
atm350009,2695,5975,Sunday
atm3500010,4615,6700,Sunday
atm3500011,2120,3595,Sunday
atm3500012,6170,7500,Sunday
atm3500013,4600,2570,Sunday
atm3500014,6230,3725,Sunday
atm3500015,6605,5155,Sunday
atm3500016,3840,3425,Sunday
atm3500017,4125,3620,Sunday
atm3500018,5735,4035,Sunday
atm3500019,4175,3845,Sunday
atm3500020,1615,4110,Sunday
atm3500021,3430,4320,Sunday
atm3500022,6810,6110,Sunday
atm3500023,7050,4920,Sunday
atm3500024,3805,4100,Sunday
atm3500025,5180,6295,Sunday
atm3500026,2555,5700,Sunday
atm3500027,2615,4310,Sunday
atm3500028,6390,5380,Sunday
atm3500029,5595,3895,Sunday
atm3500030,4450,6065,Sunday
atm3500031,5465,3445,Sunday
atm3500032,2690,5355,Sunday
atm3500033,1860,3820,Sunday
atm3500034,4240,5585,Sunday
atm3500035,4140,6445,Sunday
atm3500062,2565,3665,Sunday
atm3500063,6210,3610,Sunday
atm3500064,4635,5680,Sunday
atm3500065,3235,3075,Sunday
atm35000230,5330,5950,Sunday
atm35000231,2685,6090,Sunday
atm35000232,2200,3630,Sunday
atm35000233,4025,3965,Sunday
atm35000234,2320,2465,Sunday
atm35000235,3655,5185,Sunday
atm35000236,5410,4865,Sunday
atm35000237,3840,4275,Sunday
atm35000238,4890,3765,Sunday
atm35000239,5650,6295,Sunday
atm35000240,3410,4960,Sunday
atm35000241,4065,4995,Sunday
atm35000242,6030,5040,Sunday
atm35000243,2495,3800,Sunday
atm35000244,4555,4380,Sunday
atm35000245,4885,3830,Sunday
atm35000246,2115,4590,Sunday
atm35000247,2210,4230,Sunday
atm35000248,3785,5615,Sunday
atm35000249,2555,5580,Sunday
atm35000250,3910,2760,Sunday
atm35000251,5445,4955,Sunday
atm35000252,6380,5210,Sunday
atm35000253,2100,3935,Sunday
atm35000254,5230,4060,Sunday
atm35000255,6235,6790,Sunday
atm35000256,4075,3460,Sunday
atm35000257,3715,4370,Sunday
atm35000258,4540,2900,Sunday
atm35000259,4235,4145,Sunday
atm35000260,2195,3830,Sunday
atm35000261,5035,5755,Sunday
atm35000262,2415,2620,Sunday
atm35000263,2515,5735,Sunday
atm35000264,3195,7050,Sunday
atm3500036,5215,5875,Sunday
atm3500037,5975,3285,Sunday
atm3500038,1595,3940,Sunday
atm3500039,5655,6640,Sunday
atm3500040,2540,7125,Sunday
atm3500041,5370,6050,Sunday
atm3500042,5500,4775,Sunday
atm3500043,3380,4845,Sunday
atm3500044,3385,3165,Sunday
atm3500045,5520,4900,Sunday
atm3500046,3980,5040,Sunday
atm3500047,4060,4145,Sunday
atm3500048,3950,4305,Sunday
atm3500049,6080,7370,Sunday
atm3500050,1915,2660,Sunday
atm3500051,1620,3670,Sunday
atm3500052,2785,3305,Sunday
atm3500053,5810,5765,Sunday
atm3500054,5985,4560,Sunday
atm3500055,2755,5385,Sunday
atm3500056,6030,6590,Sunday
atm3500057,2935,6160,Sunday
atm3500058,1800,4410,Sunday
atm3500059,1440,5470,Sunday
atm3500060,4510,4470,Sunday
atm3500061,6050,5215,Sunday
atm3500066,2435,6070,Sunday
atm3500067,4135,5075,Sunday
atm3500068,2445,4955,Sunday
atm3500069,3565,5505,Sunday
atm3500070,4830,3825,Sunday
atm3500071,6175,6100,Sunday
atm3500072,6145,4985,Sunday
atm3500073,4460,4790,Sunday
atm3500074,3175,6440,Sunday
atm3500075,3660,6095,Sunday
atm3500076,4085,5655,Sunday
atm3500077,3740,5585,Sunday
atm3500078,4680,3575,Sunday
atm3500079,3190,5175,Sunday
atm3500080,4115,6160,Sunday
atm3500081,4960,4650,Sunday
atm3500082,3495,6510,Sunday
atm3500083,6460,4520,Sunday
atm3500084,6240,4905,Sunday
atm3500085,5325,4940,Sunday
atm3500086,1800,2860,Sunday
atm3500087,5505,6030,Sunday
atm3500088,4945,3435,Sunday
atm3500089,1645,6640,Sunday
atm3500090,6895,4400,Sunday
atm3500091,5495,5610,Sunday
atm3500092,2635,3355,Sunday
atm3500093,5945,5480,Sunday
atm3500094,6400,4035,Sunday
atm3500095,4415,5615,Sunday
atm3500096,3270,5620,Sunday
atm3500097,3060,6630,Sunday
atm3500098,4550,4840,Sunday
atm3500099,2170,4280,Sunday
atm35000100,3465,4695,Sunday
atm35000101,4535,5850,Sunday
atm35000102,5435,7445,Sunday
atm35000103,2885,5340,Sunday
atm35000104,4015,4790,Sunday
atm35000105,5520,4350,Sunday
atm35000106,3385,6485,Sunday
atm35000107,3130,5920,Sunday
atm35000108,1840,4685,Sunday
atm35000109,6400,5635,Sunday
atm35000110,2950,3830,Sunday
atm35000111,3870,5140,Sunday
atm35000112,2595,6275,Sunday
atm35000113,3130,5155,Sunday
atm35000114,3885,4020,Sunday
atm35000115,6315,2980,Sunday
atm35000116,2800,6425,Sunday
atm35000117,3735,4765,Sunday
atm35000118,1965,3650,Sunday
atm35000119,5255,5060,Sunday
atm35000120,2665,3350,Sunday
atm35000121,6635,5095,Sunday
atm35000122,2705,5895,Sunday
atm35000123,3135,3545,Sunday
atm35000124,5625,6340,Sunday
atm35000125,4940,2635,Sunday
atm35000126,4785,5035,Sunday
atm35000127,5095,6420,Sunday
atm35000128,3690,3855,Sunday
atm35000129,2340,5910,Sunday
atm35000130,5150,4000,Sunday
atm35000131,6365,3990,Sunday
atm35000132,2605,3190,Sunday
atm35000133,5175,4815,Sunday
atm35000134,7380,6735,Sunday
atm35000135,6425,5765,Sunday
atm35000136,5405,5060,Sunday
atm35000137,4960,5710,Sunday
atm35000138,4895,6095,Sunday
atm35000139,2360,5375,Sunday
atm35000140,2535,6440,Sunday
atm35000141,6110,4915,Sunday
atm35000142,4025,5830,Sunday
atm35000143,4795,5405,Sunday
atm35000144,2585,4545,Sunday
atm35000145,2360,3025,Sunday
atm35000146,4495,3850,Sunday
atm35000147,1875,4975,Sunday
atm35000148,4920,7510,Sunday
atm35000149,2565,5185,Sunday
atm35000150,5990,3920,Sunday
atm35000151,5705,6880,Sunday
atm35000152,5375,3380,Sunday
atm35000153,1880,3565,Sunday
atm35000154,5690,4010,Sunday
atm35000155,3920,5150,Sunday
atm35000156,3575,3240,Sunday
atm35000157,4115,4485,Sunday
atm35000158,5460,6060,Sunday
atm35000159,5380,3965,Sunday
atm35000160,6200,5760,Sunday
atm35000161,3835,4670,Sunday
atm35000162,6445,3200,Sunday
atm35000163,5400,5845,Sunday
atm35000164,4475,5730,Sunday
atm35000165,6820,5030,Sunday
atm35000166,4875,4925,Sunday
atm35000167,3600,4785,Sunday
atm35000168,4680,5210,Sunday
atm35000169,4435,5895,Sunday
atm35000170,3610,6625,Sunday
atm35000171,3480,2950,Sunday
atm35000172,1535,3670,Sunday
atm35000173,2360,5220,Sunday
atm35000174,2915,4965,Sunday
atm35000175,3970,3285,Sunday
atm35000176,6840,6740,Sunday
atm35000177,5785,3075,Sunday
atm35000178,4965,5420,Sunday
atm35000179,2950,6615,Sunday
atm35000180,7505,5030,Sunday
atm35000181,3560,5645,Sunday
atm35000182,2695,4265,Sunday
atm35000183,2140,5005,Sunday
atm35000184,5365,5225,Sunday
atm35000185,2240,7165,Sunday
atm35000186,3670,4140,Sunday
atm35000187,2835,3540,Sunday
atm35000188,3145,5240,Sunday
atm35000189,5170,4420,Sunday
atm35000190,4160,4585,Sunday
atm35000191,6290,5300,Sunday
atm35000192,6230,5455,Sunday
atm35000193,3480,5725,Sunday
atm35000194,3895,4215,Sunday
atm35000195,2455,4640,Sunday
atm35000196,2220,5085,Sunday
atm35000197,4545,4225,Sunday
atm35000198,5390,4420,Sunday
atm35000199,5035,5465,Sunday
atm35000200,6055,5865,Sunday
atm35000201,1895,4070,Sunday
atm35000202,3735,4495,Sunday
atm35000203,5335,4150,Sunday
atm35000204,3585,5945,Sunday
atm35000205,6200,2545,Sunday
atm35000206,6380,4795,Sunday
atm35000207,1890,4730,Sunday
atm35000208,5705,5650,Sunday
atm35000209,1780,6435,Sunday
atm35000210,5925,5140,Sunday
atm35000211,3100,6740,Sunday
atm35000212,5040,6135,Sunday
atm35000213,3055,3960,Sunday
atm35000214,1800,4440,Sunday
atm35000215,4565,3930,Sunday
atm35000216,5490,6100,Sunday
atm35000217,3150,3365,Sunday
atm35000218,4135,4020,Sunday
atm35000219,5580,4505,Sunday
atm35000220,3445,4690,Sunday
atm35000221,3990,4745,Sunday
atm35000222,3840,5485,Sunday
atm35000223,5375,5040,Sunday
atm35000224,3720,6040,Sunday
atm35000225,1810,4525,Sunday
atm35000226,1600,6110,Sunday
atm35000227,4270,6275,Sunday
atm35000228,5155,4725,Sunday
atm35000229,4900,3400,Sunday
atm35000265,3395,3315,Sunday
atm35000266,4355,6160,Sunday
atm35000267,5270,5050,Sunday
atm35000268,3335,6310,Sunday
atm35000269,6865,5450,Sunday
atm35000270,3625,5680,Sunday
atm35000271,1445,5085,Sunday
atm35000272,4455,6190,Sunday
atm35000273,5195,5535,Sunday
atm35000274,4475,5240,Sunday
atm35000275,6870,5840,Sunday
atm35000276,4180,4370,Sunday
atm35000277,3735,4705,Sunday
atm35000278,5030,4235,Sunday
atm35000279,5015,3905,Sunday
atm35000280,6030,6270,Sunday
atm35000281,4675,3235,Sunday
atm35000282,2260,4630,Sunday
atm35000283,3825,5890,Sunday
atm35000284,2390,5160,Sunday
atm35000285,3325,4090,Sunday
atm35000286,4025,3945,Sunday
atm35000287,2840,3830,Sunday
atm35000288,4305,5880,Sunday
atm35000289,2995,5015,Sunday
atm35000290,4325,4805,Sunday
atm35000291,2705,3805,Sunday
atm35000292,2645,4365,Sunday
atm35000293,3860,5890,Sunday
atm35000294,3135,4835,Sunday
atm35000295,1565,3905,Sunday
atm35000296,3815,4560,Sunday
atm35000297,5890,5790,Sunday
atm35000298,2475,4555,Sunday
atm35000299,3885,4835,Sunday
atm35000300,865,3880,Sunday
atm35000301,6790,4705,Sunday
atm35000302,6835,3675,Sunday
atm35000303,3845,4395,Sunday
atm35000304,2945,6080,Sunday
atm35000305,5625,4355,Sunday
atm35000306,6175,3205,Sunday
atm35000307,4900,4340,Sunday
atm35000308,3475,4695,Sunday
atm35000309,7075,4830,Sunday
atm35000310,2240,5640,Sunday
atm35000311,2745,3235,Sunday
atm35000312,3030,4030,Sunday
atm35000313,3150,4485,Sunday
atm35000314,6600,6210,Sunday
atm35000315,3930,3210,Sunday
atm35000316,3770,4465,Sunday
atm35000317,4345,5745,Sunday
atm35000318,6620,4465,Sunday
atm35000319,3505,4080,Sunday
atm35000320,2950,5280,Sunday
atm35000321,3530,4980,Sunday
atm35000322,3605,3555,Sunday
atm35000323,5260,5625,Sunday
atm35000324,3315,7000,Sunday
atm35000325,2475,5650,Sunday
atm35000326,4610,5610,Sunday
atm35000327,5755,4175,Sunday
atm35000328,4075,4840,Sunday
atm35000329,2605,6040,Sunday
atm35000330,6605,4925,Sunday
atm35000331,3165,5945,Sunday
atm35000332,6350,3730,Sunday
atm35000333,4640,6190,Sunday
atm35000334,5915,5710,Sunday
atm35000335,5745,5470,Sunday
atm35000336,7100,3775,Sunday
atm35000337,4780,3210,Sunday
atm35000338,2280,2915,Sunday
atm35000339,4870,5390,Sunday
atm35000340,5630,3445,Sunday
atm35000341,6290,3025,Sunday
atm35000342,6130,4465,Sunday
atm35000343,4155,5820,Sunday
atm35000344,4310,4360,Sunday
atm35000345,6180,4710,Sunday
atm35000346,5070,3515,Sunday
atm35000347,4265,6035,Sunday
atm35000348,2045,5820,Sunday
atm35000349,5100,6860,Sunday
atm35000350,5045,3075,Sunday
atm35000351,6665,5770,Sunday
atm35000352,2790,7570,Sunday
atm35000353,2485,6515,Sunday
atm35000354,2690,2970,Sunday
atm35000355,3550,2345,Sunday
atm35000356,4560,4690,Sunday
atm35000357,3085,5010,Sunday
atm35000358,4260,5320,Sunday
atm0,0,0,Sunday
atm350001,3660,5360,Sunday
atm350002,5285,4465,Sunday
atm350003,6475,4140,Sunday
atm350004,3980,4570,Sunday
atm350005,4395,7140,Sunday
atm350006,5015,5575,Sunday
atm350007,2465,6575,Sunday
atm350008,5520,4600,Sunday
atm350009,3435,4765,Sunday
atm3500010,5685,4830,Sunday
atm3500011,6285,4150,Sunday
atm3500012,3545,5315,Sunday
atm3500013,3415,4235,Sunday
atm3500014,2825,5685,Sunday
atm3500015,2700,4795,Sunday
atm3500016,5935,3225,Sunday
atm3500017,4030,5415,Sunday
atm3500018,4305,3900,Sunday
atm3500019,3825,3630,Sunday
atm3500020,6210,3965,Sunday
atm3500021,2115,7310,Sunday
atm3500022,3465,5105,Sunday
atm3500023,3075,4980,Sunday
atm3500024,7210,4165,Sunday
atm3500025,3450,6035,Sunday
atm3500026,6205,4770,Sunday
atm3500027,3800,4975,Sunday
atm3500028,5365,3255,Sunday
atm3500029,6910,6000,Sunday
atm3500030,3470,4285,Sunday
atm3500031,4345,2700,Sunday
atm3500032,2010,5350,Sunday
atm3500033,2985,6430,Sunday
atm3500034,2290,5065,Sunday
atm3500035,5345,4995,Sunday
atm3500062,5185,5830,Sunday
atm3500063,2215,5840,Sunday
atm3500064,4940,4855,Sunday
atm3500065,5850,3800,Sunday
atm35000230,2455,4325,Sunday
atm35000231,3925,6740,Sunday
atm35000232,2860,5035,Sunday
atm35000233,3940,5640,Sunday
atm35000234,3025,3660,Sunday
atm35000235,6625,3015,Sunday
atm35000236,2115,3535,Sunday
atm35000237,6330,5010,Sunday
atm35000238,2690,4705,Sunday
atm35000239,4955,3155,Sunday
atm35000240,3735,3110,Sunday
atm35000241,4250,4415,Sunday
atm35000242,2600,5925,Sunday
atm35000243,5500,5390,Sunday
atm35000244,2135,3845,Sunday
atm35000245,3950,5970,Sunday
atm35000246,6140,5430,Sunday
atm35000247,6405,3560,Sunday
atm35000248,4125,4370,Sunday
atm35000249,4010,3905,Sunday
atm35000250,2855,5365,Sunday
atm35000251,3720,3035,Sunday
atm35000252,1585,4170,Sunday
atm35000253,3285,4155,Sunday
atm35000254,5605,3665,Sunday
atm35000255,5545,4500,Sunday
atm35000256,3745,5325,Sunday
atm35000257,2710,4995,Sunday
atm35000258,5995,3305,Sunday
atm35000259,3080,5380,Sunday
atm35000260,2160,4270,Sunday
atm35000261,3570,3420,Sunday
atm35000262,6740,5875,Sunday
atm35000263,5570,5960,Sunday
atm35000264,3715,4860,Sunday
atm3500036,2295,6915,Sunday
atm3500037,1825,5060,Sunday
atm3500038,5765,6270,Sunday
atm3500039,5300,3760,Sunday
atm3500040,2640,6715,Sunday
atm3500041,4050,6030,Sunday
atm3500042,2990,3895,Sunday
atm3500043,1925,6300,Sunday
atm3500044,2850,4035,Sunday
atm3500045,3765,5820,Sunday
atm3500046,2445,5200,Sunday
atm3500047,4560,5790,Sunday
atm3500048,3430,6845,Sunday
atm3500049,2710,6410,Sunday
atm3500050,5445,4665,Sunday
atm3500051,2640,3655,Sunday
atm3500052,3220,4605,Sunday
atm3500053,3400,5170,Sunday
atm3500054,2595,6210,Sunday
atm3500055,4465,4015,Sunday
atm3500056,4870,5165,Sunday
atm3500057,4685,5015,Sunday
atm3500058,3615,2675,Sunday
atm3500059,4265,3885,Sunday
atm3500060,3750,5835,Sunday
atm3500061,2705,4250,Sunday
atm3500066,3250,4685,Sunday
atm3500067,5365,4065,Sunday
atm3500068,5655,5635,Sunday
atm3500069,3770,5625,Sunday
atm3500070,3050,4200,Sunday
atm3500071,2350,3690,Sunday
atm3500072,3455,6390,Sunday
atm3500073,1815,3745,Sunday
atm3500074,6715,6390,Sunday
atm3500075,2110,7115,Sunday
atm3500076,4745,6220,Sunday
atm3500077,4505,6205,Sunday
atm3500078,3000,3140,Sunday
atm3500079,3910,4115,Sunday
atm3500080,4495,5755,Sunday
atm3500081,4765,5000,Sunday
atm3500082,3155,3625,Sunday
atm3500083,5625,5465,Sunday
atm3500084,4490,6115,Sunday
atm3500085,2180,5065,Sunday
atm3500086,3145,5430,Sunday
atm3500087,5570,5020,Sunday
atm3500088,2155,3875,Sunday
atm3500089,3645,3525,Sunday
atm3500090,6645,3755,Sunday
atm3500091,3095,4590,Sunday
atm3500092,2090,6480,Sunday
atm3500093,2095,2390,Sunday
atm3500094,5380,3900,Sunday
atm3500095,4565,3195,Sunday
atm3500096,4805,6025,Sunday
atm3500097,5960,5715,Sunday
atm3500098,2890,5800,Sunday
atm3500099,5340,2870,Sunday
atm35000100,5275,2885,Sunday
atm35000101,6660,4495,Sunday
atm35000102,2085,4010,Sunday
atm35000103,3245,6045,Sunday
atm35000104,4300,5100,Sunday
atm35000105,4025,4165,Sunday
atm35000106,2975,5375,Sunday
atm35000107,3695,3450,Sunday
atm35000108,4840,6615,Sunday
atm35000109,4415,6335,Sunday
atm35000110,4235,3900,Sunday
atm35000111,4260,3375,Sunday
atm35000112,5585,5745,Sunday
atm35000113,2530,3985,Sunday
atm35000114,5370,3770,Sunday
atm35000115,6775,4970,Sunday
atm35000116,3645,5410,Sunday
atm35000117,5010,4185,Sunday
atm35000118,7370,5365,Sunday
atm35000119,2960,5230,Sunday
atm35000120,3200,4510,Sunday
atm35000121,6200,4600,Sunday
atm35000122,3800,2305,Sunday
atm35000123,2725,6195,Sunday
atm35000124,6390,5915,Sunday
atm35000125,3190,4410,Sunday
atm35000126,4955,4845,Sunday
atm35000127,4095,6215,Sunday
atm35000128,5585,5325,Sunday
atm35000129,3870,4155,Sunday
atm35000130,5670,4205,Sunday
atm35000131,4670,6590,Sunday
atm35000132,4690,5490,Sunday
atm35000133,6285,3610,Sunday
atm35000134,3005,7750,Sunday
atm35000135,1480,4910,Sunday
atm35000136,1815,5455,Sunday
atm35000137,5090,4880,Sunday
atm35000138,3365,6145,Sunday
atm35000139,2805,5950,Sunday
atm35000140,2495,6220,Sunday
atm35000141,3770,4950,Sunday
atm35000142,5795,4185,Sunday
atm35000143,6030,5275,Sunday
atm35000144,1370,5215,Sunday
atm35000145,5425,4980,Sunday
atm35000146,2325,4350,Sunday
atm35000147,6565,6420,Sunday
atm35000148,6010,6070,Sunday
atm35000149,4910,6145,Sunday
atm35000150,4780,5030,Sunday
atm35000151,6050,4870,Sunday
atm35000152,5195,4925,Sunday
atm35000153,5445,4540,Sunday
atm35000154,5310,6180,Sunday
atm35000155,2010,6525,Sunday
atm35000156,2190,5355,Sunday
atm35000157,2725,5080,Sunday
atm35000158,2655,3765,Sunday
atm35000159,3485,3435,Sunday
atm35000160,2075,4330,Sunday
atm35000161,6225,3980,Sunday
atm35000162,2105,5000,Sunday
atm35000163,6080,6385,Sunday
atm35000164,3945,3370,Sunday
atm35000165,5165,6055,Sunday
atm35000166,2590,4395,Sunday
atm35000167,3875,7335,Sunday
atm35000168,5790,6430,Sunday
atm35000169,2220,6170,Sunday
atm35000170,2705,3535,Sunday
atm35000171,5590,5045,Sunday
atm35000172,5670,4275,Sunday
atm35000173,4780,4100,Sunday
atm35000174,4145,4130,Sunday
atm35000175,3415,3395,Sunday
atm35000176,2690,8655,Sunday
atm35000177,5145,4620,Sunday
atm35000178,1670,4905,Sunday
atm35000179,2275,3795,Sunday
atm35000180,5235,5070,Sunday
atm35000181,1680,4710,Sunday
atm35000182,5395,3990,Sunday
atm35000183,4780,4720,Sunday
atm35000184,4410,4280,Sunday
atm35000185,2550,4870,Sunday
atm35000186,4765,6110,Sunday
atm35000187,3860,5065,Sunday
atm35000188,4580,4115,Sunday
atm35000189,3215,4980,Sunday
atm35000190,5700,5545,Sunday
atm35000191,4555,5120,Sunday
atm35000192,3455,4405,Sunday
atm35000193,4230,4810,Sunday
atm35000194,7695,5040,Sunday
atm35000195,6770,3900,Sunday
atm35000196,5450,4880,Sunday
atm35000197,4640,5975,Sunday
atm35000198,3625,4015,Sunday
atm35000199,1885,5410,Sunday
atm35000200,5330,5195,Sunday
atm35000201,5205,4650,Sunday
atm35000202,2160,6160,Sunday
atm35000203,2465,4035,Sunday
atm35000204,3645,6145,Sunday
atm35000205,2205,4965,Sunday
atm35000206,5670,6435,Sunday
atm35000207,5550,5630,Sunday
atm35000208,2555,3590,Sunday
atm35000209,5065,4960,Sunday
atm35000210,4245,4240,Sunday
atm35000211,2730,3965,Sunday
atm35000212,4405,5465,Sunday
atm35000213,4240,3995,Sunday
atm35000214,2125,3775,Sunday
atm35000215,3735,5075,Sunday
atm35000216,4420,4750,Sunday
atm35000217,4070,3325,Sunday
atm35000218,7195,4465,Sunday
atm35000219,3960,2995,Sunday
atm35000220,2255,4035,Sunday
atm35000221,5030,3665,Sunday
atm35000222,2935,3375,Sunday
atm35000223,3820,4540,Sunday
atm35000224,1645,4735,Sunday
atm35000225,5400,3360,Sunday
atm35000226,3930,6550,Sunday
atm35000227,4645,6565,Sunday
atm35000228,3395,4445,Sunday
atm35000229,2975,4140,Sunday
atm35000265,6415,4725,Sunday
atm35000266,6400,3675,Sunday
atm35000267,2190,4610,Sunday
atm35000268,3075,6070,Sunday
atm35000269,5520,4820,Sunday
atm35000270,2735,5250,Sunday
atm35000271,2350,4270,Sunday
atm35000272,5985,7080,Sunday
atm35000273,1535,3660,Sunday
atm35000274,4845,5650,Sunday
atm35000275,5780,5465,Sunday
atm35000276,1890,6150,Sunday
atm35000277,6775,5985,Sunday
atm35000278,2710,5360,Sunday
atm35000279,5335,5800,Sunday
atm35000280,3630,3715,Sunday
atm35000281,2360,4085,Sunday
atm35000282,5050,4085,Sunday
atm35000283,3070,3990,Sunday
atm35000284,1980,4315,Sunday
atm35000285,6690,6330,Sunday
atm35000286,3920,3795,Sunday
atm35000287,4840,5720,Sunday
atm35000288,3350,4400,Sunday
atm35000289,4910,3845,Sunday
atm35000290,3660,3915,Sunday
atm35000291,3930,6615,Sunday
atm35000292,5350,2900,Sunday
atm35000293,3005,5135,Sunday
atm35000294,5360,5835,Sunday
atm35000295,6230,4215,Sunday
atm35000296,2690,3620,Sunday
atm35000297,6420,2415,Sunday
atm35000298,3640,5575,Sunday
atm35000299,3060,6160,Sunday
atm35000300,2630,4360,Sunday
atm35000301,4375,4040,Sunday
atm35000302,2065,3730,Sunday
atm35000303,2455,2725,Sunday
atm35000304,2430,4485,Sunday
atm35000305,3165,5325,Sunday
atm35000306,2080,5265,Sunday
atm35000307,4790,4675,Sunday
atm35000308,5300,3800,Sunday
atm35000309,3205,5645,Sunday
atm35000310,6365,4235,Sunday
atm35000311,1730,3285,Sunday
atm35000312,5955,4470,Sunday
atm35000313,4955,5140,Sunday
atm35000314,6845,5505,Sunday
atm35000315,4010,4030,Sunday
atm35000316,3235,5250,Sunday
atm35000317,4195,6070,Sunday
atm35000318,6075,5800,Sunday
atm35000319,5430,6130,Sunday
atm35000320,4110,3700,Sunday
atm35000321,1555,5115,Sunday
atm35000322,1940,5935,Sunday
atm35000323,4175,5620,Sunday
atm35000324,2920,4875,Sunday
atm35000325,2920,4530,Sunday
atm35000326,1895,4695,Sunday
atm35000327,5505,4825,Sunday
atm35000328,2530,6730,Sunday
atm35000329,1495,3450,Sunday
atm35000330,7380,3410,Sunday
atm35000331,5095,5555,Sunday
atm35000332,6080,3835,Sunday
atm35000333,4835,3255,Sunday
atm35000334,5930,6505,Sunday
atm35000335,2815,4765,Sunday
atm35000336,3660,5970,Sunday
atm35000337,2090,3975,Sunday
atm35000338,5420,3990,Sunday
atm35000339,4800,5140,Sunday
atm35000340,2545,4860,Sunday
atm35000341,2990,2295,Sunday
atm35000342,3245,5595,Sunday
atm35000343,4640,3480,Sunday
atm35000344,6200,6365,Sunday
atm35000345,5980,3940,Sunday
atm35000346,5465,3230,Sunday
atm35000347,2380,4665,Sunday
atm35000348,3485,3220,Sunday
atm35000349,4870,4810,Sunday
atm35000350,3240,4705,Sunday
atm35000351,7415,4005,Sunday
atm35000352,6625,4240,Sunday
atm35000353,5455,4210,Sunday
atm35000354,4585,4875,Sunday
atm35000355,3125,4590,Sunday
atm35000356,5165,5130,Sunday
atm35000357,3985,4710,Sunday
atm35000358,3410,4890,Sunday
atm0,0,0,Sunday
atm350001,3420,3815,Sunday
atm350002,4360,3890,Sunday
atm350003,6235,6555,Sunday
atm350004,4925,3865,Sunday
atm350005,3415,3670,Sunday
atm350006,6810,6590,Sunday
atm350007,2675,4065,Sunday
atm350008,4905,5170,Sunday
atm350009,1935,4400,Sunday
atm3500010,5335,5790,Sunday
atm3500011,4945,4180,Sunday
atm3500012,2665,5040,Sunday
atm3500013,4565,5900,Sunday
atm3500014,2305,4995,Sunday
atm3500015,4530,3385,Sunday
atm3500016,2510,4955,Sunday
atm3500017,3700,2965,Sunday
atm3500018,2710,3985,Sunday
atm3500019,3265,3605,Sunday
atm3500020,2250,4180,Sunday
atm3500021,4505,3295,Sunday
atm3500022,3170,2700,Sunday
atm3500023,2505,4315,Sunday
atm3500024,3605,6145,Sunday
atm3500025,3005,6140,Sunday
atm3500026,2845,5085,Sunday
atm3500027,4810,5465,Sunday
atm3500028,2550,5575,Sunday
atm3500029,3190,6505,Sunday
atm3500030,2225,4290,Sunday
atm3500031,4925,3620,Sunday
atm3500032,6090,3560,Sunday
atm3500033,6040,6240,Sunday
atm3500034,5850,4260,Sunday
atm3500035,4225,5580,Sunday
atm3500062,6580,4865,Sunday
atm3500063,3390,4600,Sunday
atm3500064,3280,3865,Sunday
atm3500065,5690,5790,Sunday
atm35000230,3845,5245,Sunday
atm35000231,2825,4395,Sunday
atm35000232,3370,4515,Sunday
atm35000233,2270,6375,Sunday
atm35000234,2745,3810,Sunday
atm35000235,5330,4730,Sunday
atm35000236,5135,4235,Sunday
atm35000237,2650,6595,Sunday
atm35000238,5975,5580,Sunday
atm35000239,5900,6095,Sunday
atm35000240,5170,6395,Sunday
atm35000241,2470,3470,Sunday
atm35000242,3440,3945,Sunday
atm35000243,5130,3000,Sunday
atm35000244,3410,4330,Sunday
atm35000245,1570,4745,Sunday
atm35000246,2790,5460,Sunday
atm35000247,2075,4660,Sunday
atm35000248,5540,4945,Sunday
atm35000249,4255,5215,Sunday
atm35000250,5590,5805,Sunday
atm35000251,2425,4525,Sunday
atm35000252,2760,4070,Sunday
atm35000253,1940,3745,Sunday
atm35000254,2475,5040,Sunday
atm35000255,5180,3305,Sunday
atm35000256,4880,5055,Sunday
atm35000257,3185,5600,Sunday
atm35000258,1710,6055,Sunday
atm35000259,6185,4995,Sunday
atm35000260,5375,4025,Sunday
atm35000261,4160,6135,Sunday
atm35000262,5335,3635,Sunday
atm35000263,1535,6295,Sunday
atm35000264,5230,5485,Sunday
atm3500036,5400,2435,Sunday
atm3500037,5480,2420,Sunday
atm3500038,6430,5240,Sunday
atm3500039,5410,6110,Sunday
atm3500040,5345,5630,Sunday
atm3500041,1375,5575,Sunday
atm3500042,5875,8145,Sunday
atm3500043,2455,4325,Sunday
atm3500044,5795,5350,Sunday
atm3500045,5415,6710,Sunday
atm3500046,5305,5740,Sunday
atm3500047,5520,4085,Sunday
atm3500048,4725,5345,Sunday
atm3500049,3475,4945,Sunday
atm3500050,4460,5750,Sunday
atm3500051,5305,4710,Sunday
atm3500052,4530,4900,Sunday
atm3500053,7570,4055,Sunday
atm3500054,6010,3465,Sunday
atm3500055,3985,4265,Sunday
atm3500056,6725,5320,Sunday
atm3500057,1700,4065,Sunday
atm3500058,3735,3375,Sunday
atm3500059,4105,5020,Sunday
atm3500060,3260,5105,Sunday
atm3500061,2955,6550,Sunday
atm3500066,1275,3910,Sunday
atm3500067,1715,4870,Sunday
atm3500068,3295,5705,Sunday
atm3500069,2575,4600,Sunday
atm3500070,5205,6130,Sunday
atm3500071,4105,3590,Sunday
atm3500072,3195,3110,Sunday
atm3500073,4770,2920,Sunday
atm3500074,4520,4175,Sunday
atm3500075,4620,6455,Sunday
atm3500076,4640,5290,Sunday
atm3500077,2805,6085,Sunday
atm3500078,2295,4560,Sunday
atm3500079,2395,4085,Sunday
atm3500080,5365,6910,Sunday
atm3500081,4305,5830,Sunday
atm3500082,5020,4515,Sunday
atm3500083,5645,5005,Sunday
atm3500084,3880,3830,Sunday
atm3500085,6115,5695,Sunday
atm3500086,2910,3720,Sunday
atm3500087,5280,6150,Sunday
atm3500088,2925,3825,Sunday
atm3500089,3365,4775,Sunday
atm3500090,2225,5505,Sunday
atm3500091,5085,5875,Sunday
atm3500092,5145,3900,Sunday
atm3500093,5025,4935,Sunday
atm3500094,3455,6580,Sunday
atm3500095,5565,3960,Sunday
atm3500096,5320,3125,Sunday
atm3500097,4225,5905,Sunday
atm3500098,1570,2815,Sunday
atm3500099,5110,5435,Sunday
atm35000100,4560,7285,Sunday
atm35000101,2470,5370,Sunday
atm35000102,4235,3765,Sunday
atm35000103,4465,5270,Sunday
atm35000104,2875,4310,Sunday
atm35000105,3215,5065,Sunday
atm35000106,3355,3260,Sunday
atm35000107,3115,5095,Sunday
atm35000108,4985,4395,Sunday
atm35000109,6035,6110,Sunday
atm35000110,2210,3260,Sunday
atm35000111,2285,6430,Sunday
atm35000112,4995,5200,Sunday
atm35000113,6520,6405,Sunday
atm35000114,6250,3965,Sunday
atm35000115,3605,4335,Sunday
atm35000116,3630,3620,Sunday
atm35000117,4285,4045,Sunday
atm35000118,5605,5690,Sunday
atm35000119,3290,5605,Sunday
atm35000120,3760,5235,Sunday
atm35000121,4245,4680,Sunday
atm35000122,2850,3325,Sunday
atm35000123,2465,4310,Sunday
atm35000124,4750,6570,Sunday
atm35000125,3835,3690,Sunday
atm35000126,4290,4605,Sunday
atm35000127,3645,4155,Sunday
atm35000128,3925,4975,Sunday
atm35000129,5210,3950,Sunday
atm35000130,5390,6350,Sunday
atm35000131,6765,3295,Sunday
atm35000132,4330,3860,Sunday
atm35000133,4590,2860,Sunday
atm35000134,5625,4990,Sunday
atm35000135,4555,4450,Sunday
atm35000136,2575,6830,Sunday
atm35000137,2830,5635,Sunday
atm35000138,4070,4685,Sunday
atm35000139,4015,4720,Sunday
atm35000140,4580,4200,Sunday
atm35000141,4025,4900,Sunday
atm35000142,5410,3380,Sunday
atm35000143,1440,5385,Sunday
atm35000144,5235,5860,Sunday
atm35000145,3155,3475,Sunday
atm35000146,4115,3545,Sunday
atm35000147,3040,4285,Sunday
atm35000148,2645,3245,Sunday
atm35000149,4730,6170,Sunday
atm35000150,6115,4705,Sunday
atm35000151,3505,4505,Sunday
atm35000152,2350,5175,Sunday
atm35000153,5235,4460,Sunday
atm35000154,4810,4600,Sunday
atm35000155,6190,4965,Sunday
atm35000156,4255,5900,Sunday
atm35000157,4480,4660,Sunday
atm35000158,3340,4045,Sunday
atm35000159,5175,5385,Sunday
atm35000160,3150,5275,Sunday
atm35000161,5980,6295,Sunday
atm35000162,3305,4260,Sunday
atm35000163,6125,3710,Sunday
atm35000164,5705,4505,Sunday
atm35000165,6070,5945,Sunday
atm35000166,2460,5830,Sunday
atm35000167,5200,6025,Sunday
atm35000168,6410,5615,Sunday
atm35000169,4990,4545,Sunday
atm35000170,3665,6230,Sunday
atm35000171,4145,5310,Sunday
atm35000172,5840,4650,Sunday
atm35000173,3535,4600,Sunday
atm35000174,4595,5085,Sunday
atm35000175,4995,5315,Sunday
atm35000176,7075,5300,Sunday
atm35000177,3920,6100,Sunday
atm35000178,3270,3515,Sunday
atm35000179,7075,3035,Sunday
atm35000180,5635,4850,Sunday
atm35000181,2090,4910,Sunday
atm35000182,4280,4575,Sunday
atm35000183,5000,4815,Sunday
atm35000184,4690,4880,Sunday
atm35000185,2840,5300,Sunday
atm35000186,3505,2850,Sunday
atm35000187,1960,6690,Sunday
atm35000188,5040,3140,Sunday
atm35000189,3580,2930,Sunday
atm35000190,2285,5195,Sunday
atm35000191,6455,3060,Sunday
atm35000192,2815,5340,Sunday
atm35000193,3990,7795,Sunday
atm35000194,3650,3740,Sunday
atm35000195,5830,5965,Sunday
atm35000196,6695,5030,Sunday
atm35000197,2205,5990,Sunday
atm35000198,3145,5055,Sunday
atm35000199,6210,3895,Sunday
atm35000200,4825,3600,Sunday
atm35000201,3440,4730,Sunday
atm35000202,6360,4180,Sunday
atm35000203,3010,5135,Sunday
atm35000204,2530,5150,Sunday
atm35000205,5430,4295,Sunday
atm35000206,5505,5355,Sunday
atm35000207,5905,3580,Sunday
atm35000208,4555,4675,Sunday
atm35000209,6500,4195,Sunday
atm35000210,5220,3565,Sunday
atm35000211,4640,3530,Sunday
atm35000212,4085,5980,Sunday
atm35000213,5155,6660,Sunday
atm35000214,1955,4085,Sunday
atm35000215,1675,3335,Sunday
atm35000216,2340,6760,Sunday
atm35000217,5530,7285,Sunday
atm35000218,5125,5475,Sunday
atm35000219,2465,3200,Sunday
atm35000220,5640,4635,Sunday
atm35000221,3725,4050,Sunday
atm35000222,2910,4275,Sunday
atm35000223,4060,4510,Sunday
atm35000224,6150,4660,Sunday
atm35000225,5555,6115,Sunday
atm35000226,1885,4260,Sunday
atm35000227,5570,4890,Sunday
atm35000228,4775,3965,Sunday
atm35000229,2035,8145,Sunday
atm35000265,3290,5835,Sunday
atm35000266,1940,4995,Sunday
atm35000267,2260,5175,Sunday
atm35000268,6300,7210,Sunday
atm35000269,5425,3750,Sunday
atm35000270,4940,5610,Sunday
atm35000271,3680,4450,Sunday
atm35000272,4750,6135,Sunday
atm35000273,6350,5010,Sunday
atm35000274,4095,6315,Sunday
atm35000275,3945,6790,Sunday
atm35000276,4135,5315,Sunday
atm35000277,2970,4760,Sunday
atm35000278,4505,6325,Sunday
atm35000279,2110,3230,Sunday
atm35000280,5615,5465,Sunday
atm35000281,4675,6805,Sunday
atm35000282,4530,5775,Sunday
atm35000283,7020,2720,Sunday
atm35000284,4915,5725,Sunday
atm35000285,5600,4440,Sunday
atm35000286,6415,3750,Sunday
atm35000287,2460,4050,Sunday
atm35000288,7010,5210,Sunday
atm35000289,3610,4860,Sunday
atm35000290,3470,6800,Sunday
atm35000291,5365,5270,Sunday
atm35000292,6000,6910,Sunday
atm35000293,3060,5890,Sunday
atm35000294,4515,4185,Sunday
atm35000295,3375,4695,Sunday
atm35000296,5125,4615,Sunday
atm35000297,4735,3805,Sunday
atm35000298,6465,4290,Sunday
atm35000299,4240,4345,Sunday
atm35000300,5590,3250,Sunday
atm35000301,6565,5080,Sunday
atm35000302,5265,5875,Sunday
atm35000303,6185,3460,Sunday
atm35000304,4840,4160,Sunday
atm35000305,5130,5630,Sunday
atm35000306,2535,6015,Sunday
atm35000307,6710,3245,Sunday
atm35000308,4470,4950,Sunday
atm35000309,5300,4470,Sunday
atm35000310,5415,4290,Sunday
atm35000311,1630,4845,Sunday
atm35000312,6765,6300,Sunday
atm35000313,2680,4980,Sunday
atm35000314,6195,4845,Sunday
atm35000315,4430,5770,Sunday
atm35000316,3185,4480,Sunday
atm35000317,6155,5420,Sunday
atm35000318,2360,3265,Sunday
atm35000319,5755,5770,Sunday
atm35000320,3065,5260,Sunday
atm35000321,2400,5855,Sunday
atm35000322,5780,4210,Sunday
atm35000323,4350,5950,Sunday
atm35000324,4750,5440,Sunday
atm35000325,5645,4505,Sunday
atm35000326,3995,3845,Sunday
atm35000327,3365,5830,Sunday
atm35000328,6080,4420,Sunday
atm35000329,2645,3440,Sunday
atm35000330,4670,4405,Sunday
atm35000331,2180,4265,Sunday
atm35000332,1875,4845,Sunday
atm35000333,5720,3080,Sunday
atm35000334,2030,4555,Sunday
atm35000335,3070,4195,Sunday
atm35000336,3030,7290,Sunday
atm35000337,3580,4390,Sunday
atm35000338,2895,4600,Sunday
atm35000339,4925,4730,Sunday
atm35000340,5035,5130,Sunday
atm35000341,4255,6335,Sunday
atm35000342,5360,3975,Sunday
atm35000343,3440,3090,Sunday
atm35000344,5045,6160,Sunday
atm35000345,2785,5800,Sunday
atm35000346,5465,7530,Sunday
atm35000347,5120,5365,Sunday
atm35000348,4740,5945,Sunday
atm35000349,3160,5420,Sunday
atm35000350,6095,4095,Sunday
atm35000351,5530,4365,Sunday
atm35000352,4570,3555,Sunday
atm35000353,2585,5610,Sunday
atm35000354,3445,4150,Sunday
atm35000355,4345,4905,Sunday
atm35000356,3440,6735,Sunday
atm35000357,5985,3175,Sunday
atm35000358,5345,3965,Sunday
atm0,0,0,Sunday
atm350001,5340,5210,Sunday
atm350002,3835,3655,Sunday
atm350003,5900,5275,Sunday
atm350004,5105,3835,Sunday
atm350005,3365,5575,Sunday
atm350006,4360,5065,Sunday
atm350007,3445,5490,Sunday
atm350008,3510,5790,Sunday
atm350009,1815,4600,Sunday
atm3500010,5070,5790,Sunday
atm3500011,6040,4415,Sunday
atm3500012,5775,5020,Sunday
atm3500013,4520,6580,Sunday
atm3500014,5550,3515,Sunday
atm3500015,2835,4075,Sunday
atm3500016,5350,3155,Sunday
atm3500017,5935,5630,Sunday
atm3500018,5050,6170,Sunday
atm3500019,3575,5050,Sunday
atm3500020,2215,5345,Sunday
atm3500021,6490,3665,Sunday
atm3500022,5170,4220,Sunday
atm3500023,6125,3610,Sunday
atm3500024,1670,5315,Sunday
atm3500025,3620,5495,Sunday
atm3500026,4430,6270,Sunday
atm3500027,4745,6445,Sunday
atm3500028,3125,5375,Sunday
atm3500029,6115,4660,Sunday
atm3500030,4875,6420,Sunday
atm3500031,2380,5080,Sunday
atm3500032,2645,3625,Sunday
atm3500033,3850,5415,Sunday
atm3500034,6830,5420,Sunday
atm3500035,2945,4485,Sunday
atm3500062,4630,5540,Sunday
atm3500063,5255,4705,Sunday
atm3500064,5475,3790,Sunday
atm3500065,3380,3740,Sunday
atm35000230,3650,7950,Sunday
atm35000231,2985,4970,Sunday
atm35000232,2410,4655,Sunday
atm35000233,4175,2960,Sunday
atm35000234,2565,3990,Sunday
atm35000235,2895,3310,Sunday
atm35000236,4655,5440,Sunday
atm35000237,7890,7015,Sunday
atm35000238,5510,4595,Sunday
atm35000239,2010,5435,Sunday
atm35000240,4890,6405,Sunday
atm35000241,6905,5080,Sunday
atm35000242,5105,3190,Sunday
atm35000243,2160,4745,Sunday
atm35000244,2020,4485,Sunday
atm35000245,3640,4295,Sunday
atm35000246,1800,5825,Sunday
atm35000247,1945,5785,Sunday
atm35000248,2240,4350,Sunday
atm35000249,4475,4230,Sunday
atm35000250,3765,4535,Sunday
atm35000251,6050,5655,Sunday
atm35000252,6625,5890,Sunday
atm35000253,6320,7205,Sunday
atm35000254,4315,4490,Sunday
atm35000255,3865,5560,Sunday
atm35000256,2605,3605,Sunday
atm35000257,3835,6500,Sunday
atm35000258,2115,5230,Sunday
atm35000259,6230,3325,Sunday
atm35000260,3845,4565,Sunday
atm35000261,5945,5035,Sunday
atm35000262,5765,3955,Sunday
atm35000263,4330,5730,Sunday
atm35000264,2735,3875,Sunday
atm3500036,2480,5305,Sunday
atm3500037,2960,6270,Sunday
atm3500038,3005,5985,Sunday
atm3500039,4550,3565,Sunday
atm3500040,5230,3885,Sunday
atm3500041,6310,3050,Sunday
atm3500042,2875,6160,Sunday
atm3500043,2500,4420,Sunday
atm3500044,3010,3830,Sunday
atm3500045,2890,6280,Sunday
atm3500046,3850,3595,Sunday
atm3500047,5915,3650,Sunday
atm3500048,4490,3565,Sunday
atm3500049,5905,3130,Sunday
atm3500050,4925,2920,Sunday
atm3500051,4435,3910,Sunday
atm3500052,1780,3520,Sunday
atm3500053,6310,6770,Sunday
atm3500054,2455,6695,Sunday
atm3500055,4120,5625,Sunday
atm3500056,6535,4970,Sunday
atm3500057,6045,2655,Sunday
atm3500058,2215,6020,Sunday
atm3500059,3775,4720,Sunday
atm3500060,3315,3670,Sunday
atm3500061,4140,4060,Sunday
atm3500066,6795,3925,Sunday
atm3500067,6250,5245,Sunday
atm3500068,3730,5695,Sunday
atm3500069,2705,4375,Sunday
atm3500070,3350,5000,Sunday
atm3500071,1790,3485,Sunday
atm3500072,3160,3250,Sunday
atm3500073,3230,3535,Sunday
atm3500074,1950,6315,Sunday
atm3500075,4370,4290,Sunday
atm3500076,5260,4075,Sunday
atm3500077,5020,4855,Sunday
atm3500078,3530,4125,Sunday
atm3500079,5515,4010,Sunday
atm3500080,5065,4650,Sunday
atm3500081,2150,4985,Sunday
atm3500082,6250,4950,Sunday
atm3500083,4485,6610,Sunday
atm3500084,4865,3200,Sunday
atm3500085,3185,3350,Sunday
atm3500086,2085,5400,Sunday
atm3500087,4545,5625,Sunday
atm3500088,3080,6315,Sunday
atm3500089,2170,3450,Sunday
atm3500090,2370,7070,Sunday
atm3500091,4310,5820,Sunday
atm3500092,3315,4490,Sunday
atm3500093,5810,5040,Sunday
atm3500094,4955,5540,Sunday
atm3500095,5655,3235,Sunday
atm3500096,5250,4335,Sunday
atm3500097,4050,3780,Sunday
atm3500098,4200,4000,Sunday
atm3500099,6165,3395,Sunday
atm35000100,1895,3150,Sunday
atm35000101,4660,4105,Sunday
atm35000102,6550,3705,Sunday
atm35000103,3120,4550,Sunday
atm35000104,5255,4695,Sunday
atm35000105,2875,4370,Sunday
atm35000106,5880,4360,Sunday
atm35000107,4605,5130,Sunday
atm35000108,6335,5975,Sunday
atm35000109,5835,5230,Sunday
atm35000110,5785,4195,Sunday
atm35000111,5955,5030,Sunday
atm35000112,5590,4385,Sunday
atm35000113,4135,3500,Sunday
atm35000114,5245,4095,Sunday
atm35000115,5055,3900,Sunday
atm35000116,4000,5415,Sunday
atm35000117,3060,3220,Sunday
atm35000118,3330,2715,Sunday
atm35000119,2865,4910,Sunday
atm35000120,6060,4705,Sunday
atm35000121,2465,5520,Sunday
atm35000122,4090,5805,Sunday
atm35000123,4390,6030,Sunday
atm35000124,6385,4675,Sunday
atm35000125,4485,3780,Sunday
atm35000126,3440,5590,Sunday
atm35000127,4910,6175,Sunday
atm35000128,6095,3975,Sunday
atm35000129,1715,3550,Sunday
atm35000130,2885,4950,Sunday
atm35000131,5425,4220,Sunday
atm35000132,2560,3885,Sunday
atm35000133,2210,4400,Sunday
atm35000134,2255,4160,Sunday
atm35000135,2650,7040,Sunday
atm35000136,5075,4785,Sunday
atm35000137,5485,5405,Sunday
atm35000138,2175,6000,Sunday
atm35000139,2810,7025,Sunday
atm35000140,3845,6305,Sunday
atm35000141,3020,4640,Sunday
atm35000142,5065,5220,Sunday
atm35000143,4870,3950,Sunday
atm35000144,4110,4380,Sunday
atm35000145,5890,6870,Sunday
atm35000146,4190,3990,Sunday
atm35000147,2910,3000,Sunday
atm35000148,6405,6035,Sunday
atm35000149,7930,4175,Sunday
atm35000150,4560,3990,Sunday
atm35000151,4020,5980,Sunday
atm35000152,5705,3745,Sunday
atm35000153,3030,5330,Sunday
atm35000154,5320,2600,Sunday
atm35000155,2840,5715,Sunday
atm35000156,3275,6440,Sunday
atm35000157,4705,2900,Sunday
atm35000158,3365,5660,Sunday
atm35000159,6020,5770,Sunday
atm35000160,2530,2705,Sunday
atm35000161,2375,5070,Sunday
atm35000162,3920,3970,Sunday
atm35000163,5660,6385,Sunday
atm35000164,3870,4225,Sunday
atm35000165,3775,5870,Sunday
atm35000166,1965,4230,Sunday
atm35000167,5265,5540,Sunday
atm35000168,4690,5515,Sunday
atm35000169,2020,3490,Sunday
atm35000170,3320,3520,Sunday
atm35000171,6370,4075,Sunday
atm35000172,7615,3990,Sunday
atm35000173,6110,3740,Sunday
atm35000174,4250,3610,Sunday
atm35000175,6130,4530,Sunday
atm35000176,2105,3660,Sunday
atm35000177,3530,4915,Sunday
atm35000178,3290,5605,Sunday
atm35000179,3235,4975,Sunday
atm35000180,4805,6235,Sunday
atm35000181,3615,4265,Sunday
atm35000182,2080,4140,Sunday
atm35000183,4730,4735,Sunday
atm35000184,5545,6130,Sunday
atm35000185,2560,5435,Sunday
atm35000186,3590,3495,Sunday
atm35000187,4990,5640,Sunday
atm35000188,4195,5695,Sunday
atm35000189,3045,3445,Sunday
atm35000190,3915,5095,Sunday
atm35000191,4325,3640,Sunday
atm35000192,1520,4360,Sunday
atm35000193,4490,3410,Sunday
atm35000194,3275,5890,Sunday
atm35000195,3890,6115,Sunday
atm35000196,5535,6510,Sunday
atm35000197,3240,4030,Sunday
atm35000198,2525,5350,Sunday
atm35000199,4720,4900,Sunday
atm35000200,4190,3785,Sunday
atm35000201,5860,5095,Sunday
atm35000202,6285,4930,Sunday
atm35000203,2840,5725,Sunday
atm35000204,1920,6300,Sunday
atm35000205,4075,6295,Sunday
atm35000206,3380,5690,Sunday
atm35000207,3560,3205,Sunday
atm35000208,3895,5090,Sunday
atm35000209,3280,5290,Sunday
atm35000210,6635,4480,Sunday
atm35000211,2080,5770,Sunday
atm35000212,5675,5535,Sunday
atm35000213,6480,4480,Sunday
atm35000214,4945,6100,Sunday
atm35000215,3325,6540,Sunday
atm35000216,4640,4255,Sunday
atm35000217,5275,5295,Sunday
atm35000218,4040,4720,Sunday
atm35000219,2230,4390,Sunday
atm35000220,2550,4020,Sunday
atm35000221,3845,4595,Sunday
atm35000222,5095,5780,Sunday
atm35000223,5940,5155,Sunday
atm35000224,2340,4750,Sunday
atm35000225,6190,5045,Sunday
atm35000226,5685,6460,Sunday
atm35000227,4795,7025,Sunday
atm35000228,5255,4050,Sunday
atm35000229,5205,6600,Sunday
atm35000265,4710,2945,Sunday
atm35000266,4630,3910,Sunday
atm35000267,3990,4970,Sunday
atm35000268,1505,4085,Sunday
atm35000269,4010,2830,Sunday
atm35000270,5305,4000,Sunday
atm35000271,2980,2735,Sunday
atm35000272,6730,5720,Sunday
atm35000273,4560,5320,Sunday
atm35000274,5370,4730,Sunday
atm35000275,4665,3880,Sunday
atm35000276,5045,3770,Sunday
atm35000277,5420,5455,Sunday
atm35000278,6905,3890,Sunday
atm35000279,5605,4680,Sunday
atm35000280,4555,3860,Sunday
atm35000281,4200,5090,Sunday
atm35000282,5030,4605,Sunday
atm35000283,3710,5240,Sunday
atm35000284,2730,2825,Sunday
atm35000285,5330,5905,Sunday
atm35000286,1165,3140,Sunday
atm35000287,4975,5140,Sunday
atm35000288,2690,3650,Sunday
atm35000289,3185,6440,Sunday
atm35000290,5270,4995,Sunday
atm35000291,5410,6660,Sunday
atm35000292,5680,6025,Sunday
atm35000293,5725,5155,Sunday
atm35000294,5540,5490,Sunday
atm35000295,4525,6230,Sunday
atm35000296,2450,5020,Sunday
atm35000297,6840,4365,Sunday
atm35000298,2385,4330,Sunday
atm35000299,3745,6150,Sunday
atm35000300,3430,5690,Sunday
atm35000301,3980,5140,Sunday
atm35000302,3865,4080,Sunday
atm35000303,6315,5090,Sunday
atm35000304,4035,5530,Sunday
atm35000305,2785,5725,Sunday
atm35000306,5710,4670,Sunday
atm35000307,1615,4870,Sunday
atm35000308,5340,3150,Sunday
atm35000309,3055,6455,Sunday
atm35000310,1430,6800,Sunday
atm35000311,3820,6635,Sunday
atm35000312,5290,4755,Sunday
atm35000313,3310,4750,Sunday
atm35000314,4990,5075,Sunday
atm35000315,5400,3625,Sunday
atm35000316,2330,4350,Sunday
atm35000317,5370,4775,Sunday
atm35000318,5635,4580,Sunday
atm35000319,4365,4310,Sunday
atm35000320,5430,5505,Sunday
atm35000321,5855,6125,Sunday
atm35000322,3090,5425,Sunday
atm35000323,6165,5510,Sunday
atm35000324,3450,3920,Sunday
atm35000325,6790,4920,Sunday
atm35000326,3900,4290,Sunday
atm35000327,5845,3695,Sunday
atm35000328,3665,6025,Sunday
atm35000329,2760,5040,Sunday
atm35000330,2710,5240,Sunday
atm35000331,2665,2820,Sunday
atm35000332,5445,2990,Sunday
atm35000333,7005,4120,Sunday
atm35000334,3790,4720,Sunday
atm35000335,3260,6695,Sunday
atm35000336,3320,4345,Sunday
atm35000337,5975,3150,Sunday
atm35000338,1870,5505,Sunday
atm35000339,4710,6210,Sunday
atm35000340,3950,3670,Sunday
atm35000341,4375,4710,Sunday
atm35000342,4815,4275,Sunday
atm35000343,2510,3425,Sunday
atm35000344,7140,5345,Sunday
atm35000345,2550,5130,Sunday
atm35000346,1740,3350,Sunday
atm35000347,2260,3550,Sunday
atm35000348,2535,3910,Sunday
atm35000349,2475,5075,Sunday
atm35000350,6180,4490,Sunday
atm35000351,3720,6080,Sunday
atm35000352,5140,4285,Sunday
atm35000353,3025,3940,Sunday
atm35000354,7220,4850,Sunday
atm35000355,3780,5740,Sunday
atm35000356,5680,4650,Sunday
atm35000357,3780,2895,Sunday
atm35000358,2390,4170,Sunday
atm0,0,0,Sunday
atm350001,3115,7145,Sunday
atm350002,4880,4775,Sunday
atm350003,5230,3360,Sunday
atm350004,5210,3795,Sunday
atm350005,3630,4555,Sunday
atm350006,5885,5085,Sunday
atm350007,4405,6445,Sunday
atm350008,6315,4010,Sunday
atm350009,2375,4600,Sunday
atm3500010,5225,6150,Sunday
atm3500011,4785,7310,Sunday
atm3500012,6320,6130,Sunday
atm3500013,2300,5405,Sunday
atm3500014,2510,5940,Sunday
atm3500015,3295,2825,Sunday
atm3500016,2495,3920,Sunday
atm3500017,3775,4300,Sunday
atm3500018,3610,4990,Sunday
atm3500019,4530,6945,Sunday
atm3500020,2790,4765,Sunday
atm3500021,3970,5845,Sunday
atm3500022,5150,2935,Sunday
atm3500023,4410,2970,Sunday
atm3500024,6030,3590,Sunday
atm3500025,6080,5545,Sunday
atm3500026,5575,6435,Sunday
atm3500027,5455,6985,Sunday
atm3500028,2805,5595,Sunday
atm3500029,2985,4985,Sunday
atm3500030,3810,6025,Sunday
atm3500031,5930,3395,Sunday
atm3500032,3580,5585,Sunday
atm3500033,4580,3685,Sunday
atm3500034,4705,6825,Sunday
atm3500035,6325,5325,Sunday
atm3500062,2340,4465,Sunday
atm3500063,4810,6370,Sunday
atm3500064,5100,4140,Sunday
atm3500065,4370,4155,Sunday
atm35000230,5490,4245,Sunday
atm35000231,5385,3265,Sunday
atm35000232,4945,5000,Sunday
atm35000233,5980,3015,Sunday
atm35000234,4630,5070,Sunday
atm35000235,2335,3290,Sunday
atm35000236,4615,4795,Sunday
atm35000237,6520,4000,Sunday
atm35000238,2220,3540,Sunday
atm35000239,3970,2965,Sunday
atm35000240,2470,6395,Sunday
atm35000241,2635,3625,Sunday
atm35000242,3180,5480,Sunday
atm35000243,5125,4985,Sunday
atm35000244,3305,4765,Sunday
atm35000245,2590,3705,Sunday
atm35000246,3100,5815,Sunday
atm35000247,5445,3570,Sunday
atm35000248,2735,4470,Sunday
atm35000249,3555,5595,Sunday
atm35000250,2495,3360,Sunday
atm35000251,7080,5705,Sunday
atm35000252,4710,4810,Sunday
atm35000253,4345,2655,Sunday
atm35000254,3755,5280,Sunday
atm35000255,1540,5690,Sunday
atm35000256,3120,5300,Sunday
atm35000257,2490,4255,Sunday
atm35000258,2900,5590,Sunday
atm35000259,4905,2925,Sunday
atm35000260,4920,4185,Sunday
atm35000261,6975,6285,Sunday
atm35000262,2740,6225,Sunday
atm35000263,5535,3845,Sunday
atm35000264,2635,4455,Sunday
atm3500036,1860,3330,Sunday
atm3500037,4375,4870,Sunday
atm3500038,2595,4530,Sunday
atm3500039,4635,4460,Sunday
atm3500040,4945,3850,Sunday
atm3500041,5165,5535,Sunday
atm3500042,3960,3315,Sunday
atm3500043,2105,5370,Sunday
atm3500044,4145,6575,Sunday
atm3500045,2500,5760,Sunday
atm3500046,3910,5765,Sunday
atm3500047,3180,7330,Sunday
atm3500048,5835,5705,Sunday
atm3500049,3645,5000,Sunday
atm3500050,3305,3280,Sunday
atm3500051,4010,3610,Sunday
atm3500052,5900,3570,Sunday
atm3500053,5980,3490,Sunday
atm3500054,3520,4965,Sunday
atm3500055,3900,3540,Sunday
atm3500056,3970,3510,Sunday
atm3500057,2195,2555,Sunday
atm3500058,6820,5745,Sunday
atm3500059,5255,2950,Sunday
atm3500060,4710,5315,Sunday
atm3500061,2335,5190,Sunday
atm3500066,5850,4395,Sunday
atm3500067,3175,3800,Sunday
atm3500068,4770,4035,Sunday
atm3500069,4410,4705,Sunday
atm3500070,5915,6995,Sunday
atm3500071,2035,3575,Sunday
atm3500072,5095,3630,Sunday
atm3500073,2580,4155,Sunday
atm3500074,2005,5850,Sunday
atm3500075,7720,6010,Sunday
atm3500076,5560,6335,Sunday
atm3500077,5220,6750,Sunday
atm3500078,7130,4940,Sunday
atm3500079,3045,3490,Sunday
atm3500080,5165,5745,Sunday
atm3500081,3935,5655,Sunday
atm3500082,2265,5390,Sunday
atm3500083,5720,6070,Sunday
atm3500084,4910,5345,Sunday
atm3500085,5840,5040,Sunday
atm3500086,6625,8420,Sunday
atm3500087,5420,5340,Sunday
atm3500088,6260,6550,Sunday
atm3500089,5430,3570,Sunday
atm3500090,6325,3875,Sunday
atm3500091,4015,4465,Sunday
atm3500092,4465,2680,Sunday
atm3500093,1605,6835,Sunday
atm3500094,4765,4685,Sunday
atm3500095,2470,4005,Sunday
atm3500096,3875,5540,Sunday
atm3500097,2035,5195,Sunday
atm3500098,4465,4865,Sunday
atm3500099,2815,5970,Sunday
atm35000100,6155,5920,Sunday
atm35000101,5235,4255,Sunday
atm35000102,2505,4765,Sunday
atm35000103,3745,3545,Sunday
atm35000104,6190,3500,Sunday
atm35000105,5035,5220,Sunday
atm35000106,2030,3325,Sunday
atm35000107,2400,5430,Sunday
atm35000108,5240,4960,Sunday
atm35000109,5065,4920,Sunday
atm35000110,4665,6510,Sunday
atm35000111,5540,3865,Sunday
atm35000112,3630,3255,Sunday
atm35000113,5015,5355,Sunday
atm35000114,6010,5770,Sunday
atm35000115,3405,3585,Sunday
atm35000116,3630,5775,Sunday
atm35000117,4540,4050,Sunday
atm35000118,4645,4180,Sunday
atm35000119,3875,4265,Sunday
atm35000120,3080,5280,Sunday
atm35000121,2590,2780,Sunday
atm35000122,2465,3525,Sunday
atm35000123,5220,3485,Sunday
atm35000124,3645,5340,Sunday
atm35000125,3885,5425,Sunday
atm35000126,6530,6130,Sunday
atm35000127,4865,5690,Sunday
atm35000128,1960,5170,Sunday
atm35000129,6675,5595,Sunday
atm35000130,5780,3330,Sunday
atm35000131,5120,6435,Sunday
atm35000132,5265,3045,Sunday
atm35000133,4460,4585,Sunday
atm35000134,4485,5000,Sunday
atm35000135,3995,4465,Sunday
atm35000136,3335,6915,Sunday
atm35000137,4350,3065,Sunday
atm35000138,5665,3400,Sunday
atm35000139,4435,5370,Sunday
atm35000140,5210,6865,Sunday
atm35000141,5950,3955,Sunday
atm35000142,3365,3200,Sunday
atm35000143,6220,5955,Sunday
atm35000144,2545,3005,Sunday
atm35000145,4805,6650,Sunday
atm35000146,2700,4605,Sunday
atm35000147,2305,3845,Sunday
atm35000148,4275,5695,Sunday
atm35000149,3400,6080,Sunday
atm35000150,7070,6455,Sunday
atm35000151,3300,4985,Sunday
atm35000152,3990,3650,Sunday
atm35000153,4500,6845,Sunday
atm35000154,4015,3855,Sunday
atm35000155,4390,4105,Sunday
atm35000156,4515,4710,Sunday
atm35000157,3095,4135,Sunday
atm35000158,2535,5520,Sunday
atm35000159,5145,6155,Sunday
atm35000160,4850,5880,Sunday
atm35000161,5275,3640,Sunday
atm35000162,5070,5050,Sunday
atm35000163,3285,5080,Sunday
atm35000164,3395,4185,Sunday
atm35000165,3825,4990,Sunday
atm35000166,6135,4420,Sunday
atm35000167,7330,4780,Sunday
atm35000168,4835,6580,Sunday
atm35000169,2020,5160,Sunday
atm35000170,4690,3960,Sunday
atm35000171,2500,8110,Sunday
atm35000172,4215,3015,Sunday
atm35000173,6955,5100,Sunday
atm35000174,6035,6325,Sunday
atm35000175,5975,4125,Sunday
atm35000176,2425,4255,Sunday
atm35000177,2680,3200,Sunday
atm35000178,5660,5840,Sunday
atm35000179,5350,4410,Sunday
atm35000180,2815,5625,Sunday
atm35000181,2510,6225,Sunday
atm35000182,6735,3085,Sunday
atm35000183,2850,4265,Sunday
atm35000184,5735,2340,Sunday
atm35000185,1855,3140,Sunday
atm35000186,4515,5480,Sunday
atm35000187,1915,3155,Sunday
atm35000188,5350,4910,Sunday
atm35000189,4810,6060,Sunday
atm35000190,2120,4110,Sunday
atm35000191,5740,7095,Sunday
atm35000192,5660,4925,Sunday
atm35000193,6995,5345,Sunday
atm35000194,3485,5335,Sunday
atm35000195,2305,6365,Sunday
atm35000196,4740,4410,Sunday
atm35000197,5365,4900,Sunday
atm35000198,5320,5670,Sunday
atm35000199,6125,6220,Sunday
atm35000200,2945,3795,Sunday
atm35000201,6060,4170,Sunday
atm35000202,5285,5645,Sunday
atm35000203,3290,4030,Sunday
atm35000204,5265,3545,Sunday
atm35000205,5910,4320,Sunday
atm35000206,5040,5035,Sunday
atm35000207,3190,3540,Sunday
atm35000208,6275,4670,Sunday
atm35000209,2770,3345,Sunday
atm35000210,2785,4220,Sunday
atm35000211,5330,5700,Sunday
atm35000212,5615,5700,Sunday
atm35000213,5210,4080,Sunday
atm35000214,5865,6865,Sunday
atm35000215,5650,6165,Sunday
atm35000216,2440,4780,Sunday
atm35000217,3565,6055,Sunday
atm35000218,2725,4595,Sunday
atm35000219,2280,3240,Sunday
atm35000220,1795,3800,Sunday
atm35000221,5130,3700,Sunday
atm35000222,2645,4815,Sunday
atm35000223,5080,4990,Sunday
atm35000224,5545,5965,Sunday
atm35000225,5235,5645,Sunday
atm35000226,4595,5405,Sunday
atm35000227,4450,5490,Sunday
atm35000228,1925,6440,Sunday
atm35000229,3410,3935,Sunday
atm35000265,6560,5240,Sunday
atm35000266,4215,2740,Sunday
atm35000267,3285,5200,Sunday
atm35000268,2520,3505,Sunday
atm35000269,2075,4915,Sunday
atm35000270,4355,4690,Sunday
atm35000271,5140,5960,Sunday
atm35000272,5690,5900,Sunday
atm35000273,2320,4490,Sunday
atm35000274,5880,5310,Sunday
atm35000275,4620,5350,Sunday
atm35000276,5800,6245,Sunday
atm35000277,7190,4230,Sunday
atm35000278,4875,4000,Sunday
atm35000279,7600,3725,Sunday
atm35000280,4500,4100,Sunday
atm35000281,3985,4720,Sunday
atm35000282,5285,5525,Sunday
atm35000283,4675,4220,Sunday
atm35000284,5930,4660,Sunday
atm35000285,3170,3650,Sunday
atm35000286,2740,3535,Sunday
atm35000287,2410,5685,Sunday
atm35000288,2395,3910,Sunday
atm35000289,2305,4980,Sunday
atm35000290,5965,3440,Sunday
atm35000291,3475,3565,Sunday
atm35000292,4320,4545,Sunday
atm35000293,1890,5695,Sunday
atm35000294,4080,4930,Sunday
atm35000295,2745,5655,Sunday
atm35000296,5730,5215,Sunday
atm35000297,7255,5220,Sunday
atm35000298,1630,5830,Sunday
atm35000299,3625,4555,Sunday
atm35000300,6040,5605,Sunday
atm35000301,2810,3950,Sunday
atm35000302,5330,5600,Sunday
atm35000303,5045,6350,Sunday
atm35000304,5190,2940,Sunday
atm35000305,3675,6355,Sunday
atm35000306,3720,5495,Sunday
atm35000307,5670,5450,Sunday
atm35000308,3125,2660,Sunday
atm35000309,5885,4245,Sunday
atm35000310,6345,3845,Sunday
atm35000311,4445,3370,Sunday
atm35000312,7165,3485,Sunday
atm35000313,5950,5930,Sunday
atm35000314,4630,4620,Sunday
atm35000315,4145,4285,Sunday
atm35000316,3065,3485,Sunday
atm35000317,4990,4665,Sunday
atm35000318,1375,6280,Sunday
atm35000319,3665,4345,Sunday
atm35000320,3065,2765,Sunday
atm35000321,3005,4120,Sunday
atm35000322,4385,4990,Sunday
atm35000323,4965,6455,Sunday
atm35000324,6635,4920,Sunday
atm35000325,5130,4995,Sunday
atm35000326,2435,3625,Sunday
atm35000327,4425,4925,Sunday
atm35000328,3240,5965,Sunday
atm35000329,4460,6850,Sunday
atm35000330,5530,6315,Sunday
atm35000331,2575,4240,Sunday
atm35000332,3450,5765,Sunday
atm35000333,1905,4465,Sunday
atm35000334,3580,4425,Sunday
atm35000335,4270,3995,Sunday
atm35000336,6635,4060,Sunday
atm35000337,6180,5880,Sunday
atm35000338,2650,2970,Sunday
atm35000339,5030,5480,Sunday
atm35000340,4535,5180,Sunday
atm35000341,7750,4520,Sunday
atm35000342,6820,2510,Sunday
atm35000343,6105,3650,Sunday
atm35000344,2915,5270,Sunday
atm35000345,4985,4785,Sunday
atm35000346,2350,3135,Sunday
atm35000347,3980,6895,Sunday
atm35000348,2235,6760,Sunday
atm35000349,3400,2850,Sunday
atm35000350,2745,5075,Sunday
atm35000351,5525,3195,Sunday
atm35000352,3335,4145,Sunday
atm35000353,6425,5905,Sunday
atm35000354,2140,4780,Sunday
atm35000355,4070,5920,Sunday
atm35000356,3655,4100,Sunday
atm35000357,4320,5595,Sunday
atm35000358,2475,4945,Sunday
atm0,0,0,Monday
atm350001,780,610,Monday
atm350002,1370,120,Monday
atm350003,315,995,Monday
atm350004,1265,1315,Monday
atm350005,630,60,Monday
atm350006,345,785,Monday
atm350007,65,605,Monday
atm350008,255,540,Monday
atm350009,130,1510,Monday
atm3500010,5110,6545,Monday
atm3500011,955,1075,Monday
atm3500012,0,980,Monday
atm3500013,1230,630,Monday
atm3500014,100,865,Monday
atm3500015,1035,100,Monday
atm3500016,785,230,Monday
atm3500017,885,975,Monday
atm3500018,1145,235,Monday
atm3500019,390,755,Monday
atm3500020,1625,280,Monday
atm3500021,1000,995,Monday
atm3500022,1385,565,Monday
atm3500023,1405,1025,Monday
atm3500024,770,300,Monday
atm3500025,965,20,Monday
atm3500026,690,530,Monday
atm3500027,540,555,Monday
atm3500028,1280,570,Monday
atm3500029,555,810,Monday
atm3500030,1140,50,Monday
atm3500031,695,915,Monday
atm3500032,100,420,Monday
atm3500033,250,665,Monday
atm3500034,155,115,Monday
atm3500035,10,585,Monday
atm3500062,1490,750,Monday
atm3500063,785,70,Monday
atm3500064,70,995,Monday
atm3500065,1090,765,Monday
atm35000230,760,0,Monday
atm35000231,360,1080,Monday
atm35000232,240,1420,Monday
atm35000233,1360,155,Monday
atm35000234,525,230,Monday
atm35000235,15,1140,Monday
atm35000236,0,535,Monday
atm35000237,330,285,Monday
atm35000238,105,335,Monday
atm35000239,470,560,Monday
atm35000240,580,1025,Monday
atm35000241,1230,435,Monday
atm35000242,125,175,Monday
atm35000243,965,1155,Monday
atm35000244,725,305,Monday
atm35000245,50,625,Monday
atm35000246,1580,320,Monday
atm35000247,1130,0,Monday
atm35000248,130,50,Monday
atm35000249,30,875,Monday
atm35000250,240,1080,Monday
atm35000251,1150,350,Monday
atm35000252,1200,215,Monday
atm35000253,1335,800,Monday
atm35000254,760,1040,Monday
atm35000255,450,810,Monday
atm35000256,860,50,Monday
atm35000257,755,685,Monday
atm35000258,1605,770,Monday
atm35000259,1135,765,Monday
atm35000260,935,40,Monday
atm35000261,815,970,Monday
atm35000262,1290,1105,Monday
atm35000263,570,695,Monday
atm35000264,755,1125,Monday
atm3500036,1415,200,Monday
atm3500037,1025,905,Monday
atm3500038,200,330,Monday
atm3500039,650,620,Monday
atm3500040,0,285,Monday
atm3500041,630,1495,Monday
atm3500042,55,1475,Monday
atm3500043,900,810,Monday
atm3500044,415,390,Monday
atm3500045,270,665,Monday
atm3500046,150,635,Monday
atm3500047,0,860,Monday
atm3500048,785,170,Monday
atm3500049,15,1135,Monday
atm3500050,485,790,Monday
atm3500051,0,525,Monday
atm3500052,0,335,Monday
atm3500053,590,55,Monday
atm3500054,590,1285,Monday
atm3500055,1300,0,Monday
atm3500056,5465,7615,Monday
atm3500057,700,310,Monday
atm3500058,1335,620,Monday
atm3500059,730,520,Monday
atm3500060,465,250,Monday
atm3500061,40,355,Monday
atm3500066,200,260,Monday
atm3500067,1185,990,Monday
atm3500068,20,320,Monday
atm3500069,290,1055,Monday
atm3500070,25,335,Monday
atm3500071,610,1025,Monday
atm3500072,250,310,Monday
atm3500073,300,225,Monday
atm3500074,615,1010,Monday
atm3500075,1375,695,Monday
atm3500076,4300,5120,Monday
atm3500077,300,1100,Monday
atm3500078,450,655,Monday
atm3500079,915,10,Monday
atm3500080,1330,575,Monday
atm3500081,475,420,Monday
atm3500082,815,205,Monday
atm3500083,4505,4495,Monday
atm3500084,560,100,Monday
atm3500085,430,335,Monday
atm3500086,215,485,Monday
atm3500087,4350,5600,Monday
atm3500088,940,510,Monday
atm3500089,180,545,Monday
atm3500090,35,325,Monday
atm3500091,1465,200,Monday
atm3500092,1350,105,Monday
atm3500093,1075,785,Monday
atm3500094,210,1420,Monday
atm3500095,635,100,Monday
atm3500096,525,10,Monday
atm3500097,655,875,Monday
atm3500098,660,230,Monday
atm3500099,750,0,Monday
atm35000100,530,335,Monday
atm35000101,495,365,Monday
atm35000102,800,665,Monday
atm35000103,1265,760,Monday
atm35000104,1025,180,Monday
atm35000105,0,280,Monday
atm35000106,1045,1120,Monday
atm35000107,435,20,Monday
atm35000108,1040,1710,Monday
atm35000109,300,785,Monday
atm35000110,405,60,Monday
atm35000111,575,1055,Monday
atm35000112,1805,985,Monday
atm35000113,455,825,Monday
atm35000114,580,1175,Monday
atm35000115,800,1330,Monday
atm35000116,790,820,Monday
atm35000117,610,1530,Monday
atm35000118,530,580,Monday
atm35000119,100,770,Monday
atm35000120,725,500,Monday
atm35000121,1085,345,Monday
atm35000122,1110,0,Monday
atm35000123,450,20,Monday
atm35000124,6225,6480,Monday
atm35000125,0,425,Monday
atm35000126,1085,650,Monday
atm35000127,0,580,Monday
atm35000128,1315,740,Monday
atm35000129,935,620,Monday
atm35000130,715,605,Monday
atm35000131,1145,1085,Monday
atm35000132,810,1475,Monday
atm35000133,795,1415,Monday
atm35000134,85,985,Monday
atm35000135,995,1145,Monday
atm35000136,570,60,Monday
atm35000137,775,20,Monday
atm35000138,410,800,Monday
atm35000139,295,1370,Monday
atm35000140,750,735,Monday
atm35000141,510,570,Monday
atm35000142,90,1145,Monday
atm35000143,355,60,Monday
atm35000144,515,710,Monday
atm35000145,495,540,Monday
atm35000146,10,765,Monday
atm35000147,1210,385,Monday
atm35000148,1435,1240,Monday
atm35000149,1205,630,Monday
atm35000150,520,1475,Monday
atm35000151,100,940,Monday
atm35000152,420,1415,Monday
atm35000153,130,110,Monday
atm35000154,655,530,Monday
atm35000155,255,585,Monday
atm35000156,720,0,Monday
atm35000157,80,515,Monday
atm35000158,1305,770,Monday
atm35000159,1795,50,Monday
atm35000160,1235,740,Monday
atm35000161,1320,600,Monday
atm35000162,415,470,Monday
atm35000163,660,305,Monday
atm35000164,580,0,Monday
atm35000165,1440,250,Monday
atm35000166,660,405,Monday
atm35000167,4610,5630,Monday
atm35000168,4470,5590,Monday
atm35000169,215,20,Monday
atm35000170,900,0,Monday
atm35000171,1035,445,Monday
atm35000172,555,1820,Monday
atm35000173,200,415,Monday
atm35000174,735,60,Monday
atm35000175,685,535,Monday
atm35000176,345,705,Monday
atm35000177,980,775,Monday
atm35000178,1135,600,Monday
atm35000179,1280,1265,Monday
atm35000180,270,1420,Monday
atm35000181,205,440,Monday
atm35000182,915,0,Monday
atm35000183,105,850,Monday
atm35000184,365,385,Monday
atm35000185,130,1240,Monday
atm35000186,660,100,Monday
atm35000187,385,240,Monday
atm35000188,0,345,Monday
atm35000189,630,1045,Monday
atm35000190,270,370,Monday
atm35000191,620,850,Monday
atm35000192,1110,5,Monday
atm35000193,50,750,Monday
atm35000194,250,240,Monday
atm35000195,330,635,Monday
atm35000196,1125,1075,Monday
atm35000197,550,1285,Monday
atm35000198,405,1320,Monday
atm35000199,300,925,Monday
atm35000200,415,1440,Monday
atm35000201,1035,835,Monday
atm35000202,785,200,Monday
atm35000203,0,315,Monday
atm35000204,685,1340,Monday
atm35000205,810,205,Monday
atm35000206,6005,5655,Monday
atm35000207,15,305,Monday
atm35000208,735,205,Monday
atm35000209,105,1185,Monday
atm35000210,1420,1285,Monday
atm35000211,250,305,Monday
atm35000212,0,655,Monday
atm35000213,1330,40,Monday
atm35000214,395,1745,Monday
atm35000215,1155,885,Monday
atm35000216,935,205,Monday
atm35000217,900,775,Monday
atm35000218,805,1120,Monday
atm35000219,525,280,Monday
atm35000220,680,390,Monday
atm35000221,430,470,Monday
atm35000222,525,670,Monday
atm35000223,1245,545,Monday
atm35000224,1060,405,Monday
atm35000225,800,660,Monday
atm35000226,1105,1570,Monday
atm35000227,4725,6600,Monday
atm35000228,835,30,Monday
atm35000229,1140,730,Monday
atm35000265,850,685,Monday
atm35000266,1035,55,Monday
atm35000267,5,250,Monday
atm35000268,110,440,Monday
atm35000269,830,630,Monday
atm35000270,1230,930,Monday
atm35000271,785,70,Monday
atm35000272,6030,5510,Monday
atm35000273,955,1100,Monday
atm35000274,5945,4245,Monday
atm35000275,5520,4705,Monday
atm35000276,0,205,Monday
atm35000277,435,1075,Monday
atm35000278,1425,1050,Monday
atm35000279,395,200,Monday
atm35000280,710,1190,Monday
atm35000281,1030,220,Monday
atm35000282,835,510,Monday
atm35000283,115,945,Monday
atm35000284,650,870,Monday
atm35000285,1445,970,Monday
atm35000286,10,0,Monday
atm35000287,0,470,Monday
atm35000288,20,1165,Monday
atm35000289,830,100,Monday
atm35000290,670,100,Monday
atm35000291,870,200,Monday
atm35000292,55,525,Monday
atm35000293,765,330,Monday
atm35000294,1055,440,Monday
atm35000295,1210,300,Monday
atm35000296,60,360,Monday
atm35000297,1805,1530,Monday
atm35000298,935,430,Monday
atm35000299,350,20,Monday
atm35000300,1240,250,Monday
atm35000301,595,1000,Monday
atm35000302,130,430,Monday
atm35000303,920,200,Monday
atm35000304,360,890,Monday
atm35000305,1050,200,Monday
atm35000306,25,1765,Monday
atm35000307,1475,1165,Monday
atm35000308,95,1390,Monday
atm35000309,385,640,Monday
atm35000310,250,60,Monday
atm35000311,835,870,Monday
atm35000312,410,355,Monday
atm35000313,990,655,Monday
atm35000314,6215,4945,Monday
atm35000315,640,600,Monday
atm35000316,1180,925,Monday
atm35000317,4745,4725,Monday
atm35000318,960,0,Monday
atm35000319,925,25,Monday
atm35000320,755,295,Monday
atm35000321,400,710,Monday
atm35000322,500,705,Monday
atm35000323,900,320,Monday
atm35000324,455,490,Monday
atm35000325,570,595,Monday
atm35000326,1005,60,Monday
atm35000327,930,780,Monday
atm35000328,280,455,Monday
atm35000329,1015,550,Monday
atm35000330,375,510,Monday
atm35000331,5,705,Monday
atm35000332,1195,905,Monday
atm35000333,780,1320,Monday
atm35000334,695,1410,Monday
atm35000335,715,970,Monday
atm35000336,140,1265,Monday
atm35000337,420,265,Monday
atm35000338,480,230,Monday
atm35000339,5260,5490,Monday
atm35000340,5,855,Monday
atm35000341,460,1275,Monday
atm35000342,440,100,Monday
atm35000343,850,20,Monday
atm35000344,10,460,Monday
atm35000345,310,210,Monday
atm35000346,530,225,Monday
atm35000347,975,135,Monday
atm35000348,1005,270,Monday
atm35000349,200,120,Monday
atm35000350,60,165,Monday
atm35000351,1865,1160,Monday
atm35000352,1465,650,Monday
atm35000353,240,495,Monday
atm35000354,95,795,Monday
atm35000355,815,485,Monday
atm35000356,6750,5250,Monday
atm35000357,305,1240,Monday
atm35000358,400,490,Monday
atm0,0,0,Monday
atm350001,155,1280,Monday
atm350002,1240,220,Monday
atm350003,1135,640,Monday
atm350004,135,915,Monday
atm350005,10,280,Monday
atm350006,475,1010,Monday
atm350007,900,1220,Monday
atm350008,90,1440,Monday
atm350009,1785,870,Monday
atm3500010,5505,5805,Monday
atm3500011,305,1070,Monday
atm3500012,1560,1715,Monday
atm3500013,625,80,Monday
atm3500014,240,1350,Monday
atm3500015,120,255,Monday
atm3500016,630,450,Monday
atm3500017,965,1285,Monday
atm3500018,410,1360,Monday
atm3500019,665,1375,Monday
atm3500020,1130,195,Monday
atm3500021,130,800,Monday
atm3500022,5,1020,Monday
atm3500023,800,1465,Monday
atm3500024,120,950,Monday
atm3500025,1495,1335,Monday
atm3500026,500,455,Monday
atm3500027,950,320,Monday
atm3500028,600,20,Monday
atm3500029,180,215,Monday
atm3500030,265,1725,Monday
atm3500031,1070,240,Monday
atm3500032,950,160,Monday
atm3500033,850,220,Monday
atm3500034,120,1215,Monday
atm3500035,75,390,Monday
atm3500062,795,930,Monday
atm3500063,1205,485,Monday
atm3500064,0,575,Monday
atm3500065,480,580,Monday
atm35000230,1045,650,Monday
atm35000231,1055,495,Monday
atm35000232,355,260,Monday
atm35000233,275,555,Monday
atm35000234,750,220,Monday
atm35000235,1450,1150,Monday
atm35000236,895,405,Monday
atm35000237,950,1170,Monday
atm35000238,120,895,Monday
atm35000239,125,735,Monday
atm35000240,415,240,Monday
atm35000241,820,5,Monday
atm35000242,20,165,Monday
atm35000243,50,990,Monday
atm35000244,1080,555,Monday
atm35000245,290,10,Monday
atm35000246,595,860,Monday
atm35000247,705,370,Monday
atm35000248,475,560,Monday
atm35000249,830,630,Monday
atm35000250,650,755,Monday
atm35000251,1325,0,Monday
atm35000252,1080,740,Monday
atm35000253,1255,360,Monday
atm35000254,125,240,Monday
atm35000255,300,1300,Monday
atm35000256,720,825,Monday
atm35000257,140,705,Monday
atm35000258,105,80,Monday
atm35000259,115,840,Monday
atm35000260,1185,855,Monday
atm35000261,680,0,Monday
atm35000262,100,675,Monday
atm35000263,980,200,Monday
atm35000264,1010,1405,Monday
atm3500036,410,855,Monday
atm3500037,705,485,Monday
atm3500038,930,1045,Monday
atm3500039,130,215,Monday
atm3500040,200,0,Monday
atm3500041,470,250,Monday
atm3500042,685,10,Monday
atm3500043,325,610,Monday
atm3500044,1515,5,Monday
atm3500045,810,105,Monday
atm3500046,220,215,Monday
atm3500047,915,1085,Monday
atm3500048,70,670,Monday
atm3500049,810,735,Monday
atm3500050,60,1380,Monday
atm3500051,1170,190,Monday
atm3500052,1080,130,Monday
atm3500053,800,1485,Monday
atm3500054,935,380,Monday
atm3500055,525,540,Monday
atm3500056,6125,6155,Monday
atm3500057,820,960,Monday
atm3500058,965,480,Monday
atm3500059,210,865,Monday
atm3500060,545,770,Monday
atm3500061,770,1135,Monday
atm3500066,245,880,Monday
atm3500067,1630,5,Monday
atm3500068,485,80,Monday
atm3500069,950,965,Monday
atm3500070,300,915,Monday
atm3500071,230,310,Monday
atm3500072,565,1180,Monday
atm3500073,385,180,Monday
atm3500074,255,430,Monday
atm3500075,1070,945,Monday
atm3500076,5900,5955,Monday
atm3500077,305,300,Monday
atm3500078,1315,780,Monday
atm3500079,260,450,Monday
atm3500080,560,155,Monday
atm3500081,785,1460,Monday
atm3500082,1175,770,Monday
atm3500083,5840,5490,Monday
atm3500084,595,390,Monday
atm3500085,215,755,Monday
atm3500086,310,355,Monday
atm3500087,3635,6135,Monday
atm3500088,710,1200,Monday
atm3500089,925,1065,Monday
atm3500090,1480,615,Monday
atm3500091,10,820,Monday
atm3500092,280,180,Monday
atm3500093,1230,685,Monday
atm3500094,425,315,Monday
atm3500095,790,15,Monday
atm3500096,1295,1135,Monday
atm3500097,1080,780,Monday
atm3500098,510,340,Monday
atm3500099,655,830,Monday
atm35000100,820,805,Monday
atm35000101,1020,80,Monday
atm35000102,35,855,Monday
atm35000103,1125,10,Monday
atm35000104,765,120,Monday
atm35000105,1265,995,Monday
atm35000106,1230,620,Monday
atm35000107,1160,1195,Monday
atm35000108,735,125,Monday
atm35000109,165,620,Monday
atm35000110,960,690,Monday
atm35000111,920,500,Monday
atm35000112,590,770,Monday
atm35000113,1175,455,Monday
atm35000114,1605,345,Monday
atm35000115,595,1585,Monday
atm35000116,1565,755,Monday
atm35000117,1235,510,Monday
atm35000118,660,295,Monday
atm35000119,100,420,Monday
atm35000120,115,0,Monday
atm35000121,1120,805,Monday
atm35000122,350,1105,Monday
atm35000123,510,1210,Monday
atm35000124,3370,4915,Monday
atm35000125,315,195,Monday
atm35000126,835,770,Monday
atm35000127,685,215,Monday
atm35000128,1355,0,Monday
atm35000129,0,940,Monday
atm35000130,165,270,Monday
atm35000131,855,310,Monday
atm35000132,200,455,Monday
atm35000133,505,0,Monday
atm35000134,65,485,Monday
atm35000135,680,415,Monday
atm35000136,100,285,Monday
atm35000137,235,915,Monday
atm35000138,50,325,Monday
atm35000139,475,0,Monday
atm35000140,1135,105,Monday
atm35000141,765,40,Monday
atm35000142,1055,300,Monday
atm35000143,25,285,Monday
atm35000144,1110,50,Monday
atm35000145,815,805,Monday
atm35000146,25,795,Monday
atm35000147,655,5,Monday
atm35000148,610,700,Monday
atm35000149,20,290,Monday
atm35000150,875,0,Monday
atm35000151,245,1090,Monday
atm35000152,405,5,Monday
atm35000153,1305,525,Monday
atm35000154,395,990,Monday
atm35000155,680,1155,Monday
atm35000156,335,265,Monday
atm35000157,275,790,Monday
atm35000158,1510,675,Monday
atm35000159,255,650,Monday
atm35000160,1140,0,Monday
atm35000161,10,1145,Monday
atm35000162,550,325,Monday
atm35000163,530,270,Monday
atm35000164,255,1005,Monday
atm35000165,1080,575,Monday
atm35000166,470,345,Monday
atm35000167,5125,6230,Monday
atm35000168,5395,4960,Monday
atm35000169,470,395,Monday
atm35000170,815,205,Monday
atm35000171,795,610,Monday
atm35000172,965,1015,Monday
atm35000173,580,540,Monday
atm35000174,125,80,Monday
atm35000175,445,1480,Monday
atm35000176,85,830,Monday
atm35000177,1260,0,Monday
atm35000178,765,1095,Monday
atm35000179,650,1340,Monday
atm35000180,1715,680,Monday
atm35000181,655,10,Monday
atm35000182,615,580,Monday
atm35000183,200,50,Monday
atm35000184,365,400,Monday
atm35000185,625,420,Monday
atm35000186,1245,245,Monday
atm35000187,590,255,Monday
atm35000188,900,225,Monday
atm35000189,170,1260,Monday
atm35000190,600,0,Monday
atm35000191,715,1150,Monday
atm35000192,300,160,Monday
atm35000193,855,1470,Monday
atm35000194,240,415,Monday
atm35000195,1325,1535,Monday
atm35000196,375,1185,Monday
atm35000197,320,810,Monday
atm35000198,285,245,Monday
atm35000199,1110,790,Monday
atm35000200,275,220,Monday
atm35000201,910,485,Monday
atm35000202,950,1185,Monday
atm35000203,100,175,Monday
atm35000204,25,1060,Monday
atm35000205,270,665,Monday
atm35000206,4035,6480,Monday
atm35000207,605,370,Monday
atm35000208,505,1045,Monday
atm35000209,715,200,Monday
atm35000210,0,1135,Monday
atm35000211,1055,725,Monday
atm35000212,140,400,Monday
atm35000213,870,670,Monday
atm35000214,1270,160,Monday
atm35000215,0,250,Monday
atm35000216,985,1245,Monday
atm35000217,950,1215,Monday
atm35000218,10,260,Monday
atm35000219,365,1415,Monday
atm35000220,30,5,Monday
atm35000221,815,545,Monday
atm35000222,315,1540,Monday
atm35000223,1000,555,Monday
atm35000224,350,1155,Monday
atm35000225,800,695,Monday
atm35000226,1505,860,Monday
atm35000227,3675,5010,Monday
atm35000228,445,1045,Monday
atm35000229,1505,425,Monday
atm35000265,430,1315,Monday
atm35000266,55,580,Monday
atm35000267,1725,950,Monday
atm35000268,60,565,Monday
atm35000269,1150,310,Monday
atm35000270,745,210,Monday
atm35000271,750,1220,Monday
atm35000272,3600,6560,Monday
atm35000273,340,980,Monday
atm35000274,4540,6400,Monday
atm35000275,5070,5990,Monday
atm35000276,10,365,Monday
atm35000277,1935,940,Monday
atm35000278,825,1110,Monday
atm35000279,145,470,Monday
atm35000280,0,200,Monday
atm35000281,180,1265,Monday
atm35000282,495,715,Monday
atm35000283,0,1135,Monday
atm35000284,625,20,Monday
atm35000285,210,415,Monday
atm35000286,1280,400,Monday
atm35000287,1265,795,Monday
atm35000288,485,0,Monday
atm35000289,385,970,Monday
atm35000290,200,140,Monday
atm35000291,980,0,Monday
atm35000292,915,25,Monday
atm35000293,375,1020,Monday
atm35000294,210,210,Monday
atm35000295,1065,1110,Monday
atm35000296,1400,780,Monday
atm35000297,1180,1005,Monday
atm35000298,135,905,Monday
atm35000299,1240,1395,Monday
atm35000300,615,435,Monday
atm35000301,390,965,Monday
atm35000302,275,805,Monday
atm35000303,640,1040,Monday
atm35000304,720,645,Monday
atm35000305,50,1360,Monday
atm35000306,375,715,Monday
atm35000307,1205,1090,Monday
atm35000308,60,235,Monday
atm35000309,45,435,Monday
atm35000310,280,205,Monday
atm35000311,740,530,Monday
atm35000312,260,200,Monday
atm35000313,400,600,Monday
atm35000314,6215,5680,Monday
atm35000315,170,1445,Monday
atm35000316,865,430,Monday
atm35000317,5965,5345,Monday
atm35000318,925,200,Monday
atm35000319,65,590,Monday
atm35000320,650,5,Monday
atm35000321,340,660,Monday
atm35000322,140,350,Monday
atm35000323,810,545,Monday
atm35000324,360,5,Monday
atm35000325,350,435,Monday
atm35000326,1190,1005,Monday
atm35000327,120,55,Monday
atm35000328,585,130,Monday
atm35000329,110,410,Monday
atm35000330,685,1115,Monday
atm35000331,100,175,Monday
atm35000332,935,0,Monday
atm35000333,115,925,Monday
atm35000334,0,930,Monday
atm35000335,255,245,Monday
atm35000336,1150,905,Monday
atm35000337,40,0,Monday
atm35000338,200,675,Monday
atm35000339,3890,6465,Monday
atm35000340,60,1055,Monday
atm35000341,560,1320,Monday
atm35000342,360,930,Monday
atm35000343,60,320,Monday
atm35000344,740,655,Monday
atm35000345,615,1470,Monday
atm35000346,835,1005,Monday
atm35000347,635,880,Monday
atm35000348,580,270,Monday
atm35000349,1215,900,Monday
atm35000350,75,1045,Monday
atm35000351,295,640,Monday
atm35000352,310,635,Monday
atm35000353,90,335,Monday
atm35000354,600,1045,Monday
atm35000355,640,15,Monday
atm35000356,5635,5425,Monday
atm35000357,590,355,Monday
atm35000358,1125,660,Monday
atm0,0,0,Monday
atm350001,100,90,Monday
atm350002,1320,520,Monday
atm350003,915,370,Monday
atm350004,815,370,Monday
atm350005,725,1230,Monday
atm350006,220,1060,Monday
atm350007,750,175,Monday
atm350008,480,565,Monday
atm350009,400,480,Monday
atm3500010,4190,4730,Monday
atm3500011,70,555,Monday
atm3500012,455,675,Monday
atm3500013,1240,0,Monday
atm3500014,1400,150,Monday
atm3500015,10,1160,Monday
atm3500016,560,1450,Monday
atm3500017,1200,1220,Monday
atm3500018,100,575,Monday
atm3500019,595,1350,Monday
atm3500020,1430,1250,Monday
atm3500021,955,420,Monday
atm3500022,830,1685,Monday
atm3500023,105,890,Monday
atm3500024,930,725,Monday
atm3500025,765,100,Monday
atm3500026,260,780,Monday
atm3500027,20,1240,Monday
atm3500028,1245,225,Monday
atm3500029,670,400,Monday
atm3500030,895,0,Monday
atm3500031,25,1075,Monday
atm3500032,960,1460,Monday
atm3500033,690,360,Monday
atm3500034,765,930,Monday
atm3500035,1170,535,Monday
atm3500062,770,80,Monday
atm3500063,1250,100,Monday
atm3500064,330,255,Monday
atm3500065,390,1040,Monday
atm35000230,260,1525,Monday
atm35000231,1510,470,Monday
atm35000232,1205,405,Monday
atm35000233,720,250,Monday
atm35000234,1260,755,Monday
atm35000235,1175,705,Monday
atm35000236,1190,490,Monday
atm35000237,1015,310,Monday
atm35000238,200,320,Monday
atm35000239,320,905,Monday
atm35000240,1325,710,Monday
atm35000241,155,685,Monday
atm35000242,915,120,Monday
atm35000243,705,200,Monday
atm35000244,50,865,Monday
atm35000245,160,470,Monday
atm35000246,775,700,Monday
atm35000247,295,535,Monday
atm35000248,65,300,Monday
atm35000249,235,900,Monday
atm35000250,205,455,Monday
atm35000251,235,115,Monday
atm35000252,390,100,Monday
atm35000253,0,710,Monday
atm35000254,415,995,Monday
atm35000255,105,560,Monday
atm35000256,300,980,Monday
atm35000257,340,1200,Monday
atm35000258,1035,1300,Monday
atm35000259,995,1115,Monday
atm35000260,255,1620,Monday
atm35000261,705,170,Monday
atm35000262,1830,835,Monday
atm35000263,170,840,Monday
atm35000264,605,880,Monday
atm3500036,350,200,Monday
atm3500037,400,930,Monday
atm3500038,265,1000,Monday
atm3500039,465,670,Monday
atm3500040,320,1090,Monday
atm3500041,1265,725,Monday
atm3500042,200,690,Monday
atm3500043,700,0,Monday
atm3500044,1355,585,Monday
atm3500045,130,305,Monday
atm3500046,125,155,Monday
atm3500047,200,1300,Monday
atm3500048,1575,1800,Monday
atm3500049,200,425,Monday
atm3500050,580,980,Monday
atm3500051,10,610,Monday
atm3500052,100,270,Monday
atm3500053,665,1060,Monday
atm3500054,415,325,Monday
atm3500055,895,1125,Monday
atm3500056,6890,4845,Monday
atm3500057,1400,525,Monday
atm3500058,1215,720,Monday
atm3500059,960,225,Monday
atm3500060,1100,1410,Monday
atm3500061,435,280,Monday
atm3500066,945,80,Monday
atm3500067,495,315,Monday
atm3500068,310,125,Monday
atm3500069,1295,1085,Monday
atm3500070,410,925,Monday
atm3500071,150,435,Monday
atm3500072,660,745,Monday
atm3500073,5,760,Monday
atm3500074,1045,475,Monday
atm3500075,1150,120,Monday
atm3500076,3380,5710,Monday
atm3500077,1375,1430,Monday
atm3500078,5,855,Monday
atm3500079,1065,440,Monday
atm3500080,570,5,Monday
atm3500081,825,310,Monday
atm3500082,125,790,Monday
atm3500083,3960,6025,Monday
atm3500084,580,445,Monday
atm3500085,670,225,Monday
atm3500086,1500,495,Monday
atm3500087,6630,5520,Monday
atm3500088,1130,600,Monday
atm3500089,870,860,Monday
atm3500090,140,255,Monday
atm3500091,830,1580,Monday
atm3500092,0,700,Monday
atm3500093,420,770,Monday
atm3500094,0,640,Monday
atm3500095,880,130,Monday
atm3500096,1235,1640,Monday
atm3500097,870,0,Monday
atm3500098,605,1215,Monday
atm3500099,900,880,Monday
atm35000100,125,20,Monday
atm35000101,240,1190,Monday
atm35000102,775,1160,Monday
atm35000103,430,400,Monday
atm35000104,1155,220,Monday
atm35000105,735,20,Monday
atm35000106,1355,765,Monday
atm35000107,310,1015,Monday
atm35000108,390,715,Monday
atm35000109,0,570,Monday
atm35000110,30,390,Monday
atm35000111,75,820,Monday
atm35000112,310,405,Monday
atm35000113,0,400,Monday
atm35000114,1670,770,Monday
atm35000115,720,1250,Monday
atm35000116,305,1260,Monday
atm35000117,135,955,Monday
atm35000118,455,715,Monday
atm35000119,355,1545,Monday
atm35000120,250,1180,Monday
atm35000121,640,620,Monday
atm35000122,1360,335,Monday
atm35000123,1205,1100,Monday
atm35000124,6115,6245,Monday
atm35000125,710,250,Monday
atm35000126,280,765,Monday
atm35000127,0,1300,Monday
atm35000128,20,1740,Monday
atm35000129,280,610,Monday
atm35000130,1030,0,Monday
atm35000131,90,990,Monday
atm35000132,1750,290,Monday
atm35000133,1115,415,Monday
atm35000134,595,925,Monday
atm35000135,20,140,Monday
atm35000136,1225,725,Monday
atm35000137,140,20,Monday
atm35000138,620,985,Monday
atm35000139,1080,900,Monday
atm35000140,485,535,Monday
atm35000141,110,50,Monday
atm35000142,1100,255,Monday
atm35000143,25,50,Monday
atm35000144,260,625,Monday
atm35000145,900,595,Monday
atm35000146,25,765,Monday
atm35000147,1415,810,Monday
atm35000148,945,960,Monday
atm35000149,220,25,Monday
atm35000150,40,995,Monday
atm35000151,570,670,Monday
atm35000152,640,230,Monday
atm35000153,520,1645,Monday
atm35000154,900,475,Monday
atm35000155,725,665,Monday
atm35000156,545,0,Monday
atm35000157,360,1010,Monday
atm35000158,655,1170,Monday
atm35000159,1025,505,Monday
atm35000160,1550,1330,Monday
atm35000161,115,920,Monday
atm35000162,990,100,Monday
atm35000163,420,270,Monday
atm35000164,525,920,Monday
atm35000165,1805,1435,Monday
atm35000166,20,530,Monday
atm35000167,5285,6245,Monday
atm35000168,5700,5665,Monday
atm35000169,120,775,Monday
atm35000170,615,200,Monday
atm35000171,445,765,Monday
atm35000172,270,0,Monday
atm35000173,0,95,Monday
atm35000174,1160,0,Monday
atm35000175,0,445,Monday
atm35000176,500,625,Monday
atm35000177,145,775,Monday
atm35000178,1305,685,Monday
atm35000179,565,320,Monday
atm35000180,630,480,Monday
atm35000181,1580,450,Monday
atm35000182,770,305,Monday
atm35000183,1115,1185,Monday
atm35000184,350,1700,Monday
atm35000185,430,980,Monday
atm35000186,1000,565,Monday
atm35000187,660,1490,Monday
atm35000188,1200,1120,Monday
atm35000189,885,1640,Monday
atm35000190,1155,280,Monday
atm35000191,640,250,Monday
atm35000192,200,220,Monday
atm35000193,2180,1520,Monday
atm35000194,900,360,Monday
atm35000195,125,465,Monday
atm35000196,210,745,Monday
atm35000197,50,675,Monday
atm35000198,510,450,Monday
atm35000199,0,40,Monday
atm35000200,535,955,Monday
atm35000201,885,610,Monday
atm35000202,965,330,Monday
atm35000203,850,20,Monday
atm35000204,220,890,Monday
atm35000205,435,835,Monday
atm35000206,4895,5660,Monday
atm35000207,225,370,Monday
atm35000208,200,550,Monday
atm35000209,30,535,Monday
atm35000210,945,345,Monday
atm35000211,1325,260,Monday
atm35000212,10,745,Monday
atm35000213,440,325,Monday
atm35000214,1275,360,Monday
atm35000215,205,1570,Monday
atm35000216,730,20,Monday
atm35000217,775,535,Monday
atm35000218,1480,1595,Monday
atm35000219,5,1000,Monday
atm35000220,15,870,Monday
atm35000221,1055,60,Monday
atm35000222,780,195,Monday
atm35000223,1190,1485,Monday
atm35000224,715,1370,Monday
atm35000225,880,860,Monday
atm35000226,1125,0,Monday
atm35000227,3840,5600,Monday
atm35000228,245,890,Monday
atm35000229,705,1135,Monday
atm35000265,10,850,Monday
atm35000266,1200,370,Monday
atm35000267,10,220,Monday
atm35000268,435,400,Monday
atm35000269,1560,40,Monday
atm35000270,1620,975,Monday
atm35000271,330,630,Monday
atm35000272,5430,5215,Monday
atm35000273,500,815,Monday
atm35000274,5610,7125,Monday
atm35000275,5265,6975,Monday
atm35000276,790,785,Monday
atm35000277,870,1760,Monday
atm35000278,1120,760,Monday
atm35000279,825,170,Monday
atm35000280,445,1540,Monday
atm35000281,360,545,Monday
atm35000282,570,830,Monday
atm35000283,340,305,Monday
atm35000284,650,210,Monday
atm35000285,1125,480,Monday
atm35000286,935,315,Monday
atm35000287,70,425,Monday
atm35000288,870,710,Monday
atm35000289,675,945,Monday
atm35000290,65,1220,Monday
atm35000291,20,825,Monday
atm35000292,1200,980,Monday
atm35000293,960,780,Monday
atm35000294,935,0,Monday
atm35000295,1195,300,Monday
atm35000296,620,970,Monday
atm35000297,1435,925,Monday
atm35000298,1155,410,Monday
atm35000299,1265,135,Monday
atm35000300,980,0,Monday
atm35000301,245,775,Monday
atm35000302,545,615,Monday
atm35000303,875,735,Monday
atm35000304,735,415,Monday
atm35000305,65,175,Monday
atm35000306,1025,1170,Monday
atm35000307,585,1240,Monday
atm35000308,90,1525,Monday
atm35000309,1195,475,Monday
atm35000310,900,475,Monday
atm35000311,1375,540,Monday
atm35000312,490,440,Monday
atm35000313,1625,240,Monday
atm35000314,5010,7470,Monday
atm35000315,275,190,Monday
atm35000316,500,605,Monday
atm35000317,4535,5520,Monday
atm35000318,940,1110,Monday
atm35000319,405,1280,Monday
atm35000320,1000,290,Monday
atm35000321,1015,360,Monday
atm35000322,760,810,Monday
atm35000323,290,450,Monday
atm35000324,1380,915,Monday
atm35000325,750,350,Monday
atm35000326,645,450,Monday
atm35000327,505,1015,Monday
atm35000328,545,1270,Monday
atm35000329,1005,250,Monday
atm35000330,1160,1130,Monday
atm35000331,115,320,Monday
atm35000332,855,240,Monday
atm35000333,650,105,Monday
atm35000334,1465,935,Monday
atm35000335,1270,1110,Monday
atm35000336,0,1180,Monday
atm35000337,905,665,Monday
atm35000338,655,300,Monday
atm35000339,5495,5635,Monday
atm35000340,45,1045,Monday
atm35000341,420,125,Monday
atm35000342,600,110,Monday
atm35000343,1460,635,Monday
atm35000344,0,865,Monday
atm35000345,860,905,Monday
atm35000346,960,1480,Monday
atm35000347,1195,1030,Monday
atm35000348,440,205,Monday
atm35000349,25,30,Monday
atm35000350,735,1475,Monday
atm35000351,70,175,Monday
atm35000352,950,1045,Monday
atm35000353,245,580,Monday
atm35000354,430,170,Monday
atm35000355,410,785,Monday
atm35000356,5260,4015,Monday
atm35000357,330,520,Monday
atm35000358,400,665,Monday
atm0,0,0,Monday
atm350001,100,215,Monday
atm350002,985,145,Monday
atm350003,220,1095,Monday
atm350004,790,300,Monday
atm350005,1125,900,Monday
atm350006,770,455,Monday
atm350007,0,285,Monday
atm350008,225,225,Monday
atm350009,755,820,Monday
atm3500010,4345,6530,Monday
atm3500011,180,770,Monday
atm3500012,0,375,Monday
atm3500013,760,1165,Monday
atm3500014,785,450,Monday
atm3500015,25,445,Monday
atm3500016,105,1490,Monday
atm3500017,995,315,Monday
atm3500018,10,705,Monday
atm3500019,275,680,Monday
atm3500020,70,230,Monday
atm3500021,0,350,Monday
atm3500022,60,425,Monday
atm3500023,395,775,Monday
atm3500024,655,645,Monday
atm3500025,1170,1315,Monday
atm3500026,550,210,Monday
atm3500027,20,720,Monday
atm3500028,710,50,Monday
atm3500029,315,1260,Monday
atm3500030,1400,895,Monday
atm3500031,0,1180,Monday
atm3500032,485,420,Monday
atm3500033,685,1610,Monday
atm3500034,50,845,Monday
atm3500035,55,75,Monday
atm3500062,80,850,Monday
atm3500063,295,660,Monday
atm3500064,485,100,Monday
atm3500065,45,860,Monday
atm35000230,530,640,Monday
atm35000231,770,515,Monday
atm35000232,960,50,Monday
atm35000233,165,470,Monday
atm35000234,120,1390,Monday
atm35000235,965,1230,Monday
atm35000236,0,275,Monday
atm35000237,80,190,Monday
atm35000238,30,20,Monday
atm35000239,1525,65,Monday
atm35000240,200,850,Monday
atm35000241,375,315,Monday
atm35000242,180,1245,Monday
atm35000243,25,1035,Monday
atm35000244,800,600,Monday
atm35000245,540,200,Monday
atm35000246,1410,205,Monday
atm35000247,1050,840,Monday
atm35000248,700,570,Monday
atm35000249,455,950,Monday
atm35000250,710,1285,Monday
atm35000251,570,955,Monday
atm35000252,20,1170,Monday
atm35000253,710,825,Monday
atm35000254,1110,730,Monday
atm35000255,270,1180,Monday
atm35000256,625,1405,Monday
atm35000257,560,760,Monday
atm35000258,1085,1365,Monday
atm35000259,815,205,Monday
atm35000260,375,850,Monday
atm35000261,620,1100,Monday
atm35000262,780,40,Monday
atm35000263,380,1180,Monday
atm35000264,670,890,Monday
atm3500036,420,445,Monday
atm3500037,1500,245,Monday
atm3500038,1060,435,Monday
atm3500039,790,1000,Monday
atm3500040,390,1380,Monday
atm3500041,1365,415,Monday
atm3500042,825,365,Monday
atm3500043,335,335,Monday
atm3500044,1915,775,Monday
atm3500045,970,1055,Monday
atm3500046,65,640,Monday
atm3500047,0,220,Monday
atm3500048,300,920,Monday
atm3500049,175,385,Monday
atm3500050,495,825,Monday
atm3500051,1400,990,Monday
atm3500052,120,280,Monday
atm3500053,1335,65,Monday
atm3500054,280,480,Monday
atm3500055,430,30,Monday
atm3500056,5315,5675,Monday
atm3500057,1485,1305,Monday
atm3500058,115,715,Monday
atm3500059,785,375,Monday
atm3500060,1005,545,Monday
atm3500061,585,1170,Monday
atm3500066,0,1160,Monday
atm3500067,1155,680,Monday
atm3500068,770,0,Monday
atm3500069,340,575,Monday
atm3500070,525,470,Monday
atm3500071,0,0,Monday
atm3500072,1030,275,Monday
atm3500073,805,105,Monday
atm3500074,620,1365,Monday
atm3500075,1535,585,Monday
atm3500076,6170,5345,Monday
atm3500077,285,65,Monday
atm3500078,275,640,Monday
atm3500079,1010,400,Monday
atm3500080,5,595,Monday
atm3500081,750,1220,Monday
atm3500082,115,255,Monday
atm3500083,3885,6945,Monday
atm3500084,605,345,Monday
atm3500085,1220,540,Monday
atm3500086,1270,465,Monday
atm3500087,4805,6395,Monday
atm3500088,490,775,Monday
atm3500089,250,450,Monday
atm3500090,245,1365,Monday
atm3500091,170,175,Monday
atm3500092,1365,1530,Monday
atm3500093,675,960,Monday
atm3500094,335,100,Monday
atm3500095,1745,670,Monday
atm3500096,505,1455,Monday
atm3500097,1375,65,Monday
atm3500098,1075,1330,Monday
atm3500099,30,615,Monday
atm35000100,665,435,Monday
atm35000101,1080,840,Monday
atm35000102,565,560,Monday
atm35000103,1010,1220,Monday
atm35000104,1575,670,Monday
atm35000105,1285,220,Monday
atm35000106,430,570,Monday
atm35000107,500,230,Monday
atm35000108,1375,1090,Monday
atm35000109,685,40,Monday
atm35000110,300,565,Monday
atm35000111,15,580,Monday
atm35000112,0,1025,Monday
atm35000113,815,80,Monday
atm35000114,0,10,Monday
atm35000115,1045,105,Monday
atm35000116,545,590,Monday
atm35000117,340,395,Monday
atm35000118,40,770,Monday
atm35000119,790,280,Monday
atm35000120,320,300,Monday
atm35000121,1595,785,Monday
atm35000122,1260,150,Monday
atm35000123,1655,275,Monday
atm35000124,4390,6085,Monday
atm35000125,990,20,Monday
atm35000126,1415,110,Monday
atm35000127,120,935,Monday
atm35000128,1150,915,Monday
atm35000129,1190,515,Monday
atm35000130,590,705,Monday
atm35000131,1200,790,Monday
atm35000132,0,590,Monday
atm35000133,560,520,Monday
atm35000134,575,340,Monday
atm35000135,720,1050,Monday
atm35000136,515,30,Monday
atm35000137,985,330,Monday
atm35000138,1575,1375,Monday
atm35000139,830,905,Monday
atm35000140,645,60,Monday
atm35000141,120,0,Monday
atm35000142,1070,505,Monday
atm35000143,1060,345,Monday
atm35000144,0,200,Monday
atm35000145,420,410,Monday
atm35000146,1605,750,Monday
atm35000147,420,350,Monday
atm35000148,1260,515,Monday
atm35000149,180,285,Monday
atm35000150,530,0,Monday
atm35000151,835,1420,Monday
atm35000152,525,200,Monday
atm35000153,1140,1065,Monday
atm35000154,395,585,Monday
atm35000155,915,405,Monday
atm35000156,550,1500,Monday
atm35000157,40,320,Monday
atm35000158,635,0,Monday
atm35000159,300,1400,Monday
atm35000160,1040,530,Monday
atm35000161,120,1670,Monday
atm35000162,2130,260,Monday
atm35000163,785,15,Monday
atm35000164,970,350,Monday
atm35000165,535,125,Monday
atm35000166,1500,205,Monday
atm35000167,4510,5910,Monday
atm35000168,4280,5410,Monday
atm35000169,905,1030,Monday
atm35000170,1215,690,Monday
atm35000171,1065,1035,Monday
atm35000172,10,235,Monday
atm35000173,940,900,Monday
atm35000174,125,450,Monday
atm35000175,745,50,Monday
atm35000176,230,765,Monday
atm35000177,400,220,Monday
atm35000178,370,560,Monday
atm35000179,750,655,Monday
atm35000180,1210,1520,Monday
atm35000181,510,400,Monday
atm35000182,1195,915,Monday
atm35000183,230,955,Monday
atm35000184,280,1085,Monday
atm35000185,400,920,Monday
atm35000186,0,615,Monday
atm35000187,330,1070,Monday
atm35000188,0,510,Monday
atm35000189,730,235,Monday
atm35000190,605,1630,Monday
atm35000191,1090,0,Monday
atm35000192,210,300,Monday
atm35000193,665,100,Monday
atm35000194,500,785,Monday
atm35000195,980,595,Monday
atm35000196,1320,65,Monday
atm35000197,100,990,Monday
atm35000198,850,1670,Monday
atm35000199,985,1060,Monday
atm35000200,70,705,Monday
atm35000201,190,50,Monday
atm35000202,0,360,Monday
atm35000203,1350,0,Monday
atm35000204,1120,50,Monday
atm35000205,100,290,Monday
atm35000206,3975,5290,Monday
atm35000207,175,505,Monday
atm35000208,635,535,Monday
atm35000209,1035,725,Monday
atm35000210,80,0,Monday
atm35000211,765,855,Monday
atm35000212,1120,0,Monday
atm35000213,820,795,Monday
atm35000214,685,50,Monday
atm35000215,935,420,Monday
atm35000216,795,1185,Monday
atm35000217,60,545,Monday
atm35000218,935,350,Monday
atm35000219,695,1285,Monday
atm35000220,855,1315,Monday
atm35000221,370,710,Monday
atm35000222,745,10,Monday
atm35000223,270,1095,Monday
atm35000224,850,1000,Monday
atm35000225,200,725,Monday
atm35000226,970,570,Monday
atm35000227,5110,5275,Monday
atm35000228,1000,20,Monday
atm35000229,1420,760,Monday
atm35000265,1195,1320,Monday
atm35000266,700,270,Monday
atm35000267,1070,880,Monday
atm35000268,700,930,Monday
atm35000269,1130,0,Monday
atm35000270,0,100,Monday
atm35000271,315,820,Monday
atm35000272,5295,6930,Monday
atm35000273,200,30,Monday
atm35000274,6645,4305,Monday
atm35000275,4940,6720,Monday
atm35000276,890,660,Monday
atm35000277,725,50,Monday
atm35000278,1025,1195,Monday
atm35000279,815,855,Monday
atm35000280,390,645,Monday
atm35000281,460,580,Monday
atm35000282,2025,1205,Monday
atm35000283,560,220,Monday
atm35000284,220,960,Monday
atm35000285,20,875,Monday
atm35000286,700,125,Monday
atm35000287,1465,1300,Monday
atm35000288,955,1135,Monday
atm35000289,1260,625,Monday
atm35000290,1250,225,Monday
atm35000291,970,375,Monday
atm35000292,430,630,Monday
atm35000293,60,1300,Monday
atm35000294,560,735,Monday
atm35000295,0,260,Monday
atm35000296,1200,1045,Monday
atm35000297,910,225,Monday
atm35000298,1075,120,Monday
atm35000299,500,605,Monday
atm35000300,1355,1220,Monday
atm35000301,0,415,Monday
atm35000302,570,405,Monday
atm35000303,185,700,Monday
atm35000304,1280,300,Monday
atm35000305,1560,445,Monday
atm35000306,835,1195,Monday
atm35000307,340,475,Monday
atm35000308,0,1015,Monday
atm35000309,1090,485,Monday
atm35000310,760,445,Monday
atm35000311,720,0,Monday
atm35000312,1165,715,Monday
atm35000313,160,595,Monday
atm35000314,4455,6490,Monday
atm35000315,700,450,Monday
atm35000316,1080,0,Monday
atm35000317,4570,5765,Monday
atm35000318,865,825,Monday
atm35000319,1240,250,Monday
atm35000320,1020,810,Monday
atm35000321,680,210,Monday
atm35000322,1095,1190,Monday
atm35000323,70,1515,Monday
atm35000324,1670,10,Monday
atm35000325,1040,50,Monday
atm35000326,995,0,Monday
atm35000327,100,1235,Monday
atm35000328,105,50,Monday
atm35000329,1015,1315,Monday
atm35000330,425,80,Monday
atm35000331,1295,660,Monday
atm35000332,665,350,Monday
atm35000333,225,310,Monday
atm35000334,1130,950,Monday
atm35000335,255,485,Monday
atm35000336,1455,685,Monday
atm35000337,1205,740,Monday
atm35000338,300,580,Monday
atm35000339,6425,5965,Monday
atm35000340,245,270,Monday
atm35000341,545,55,Monday
atm35000342,1300,475,Monday
atm35000343,570,1495,Monday
atm35000344,710,640,Monday
atm35000345,1350,905,Monday
atm35000346,325,770,Monday
atm35000347,250,325,Monday
atm35000348,360,695,Monday
atm35000349,0,765,Monday
atm35000350,340,815,Monday
atm35000351,690,430,Monday
atm35000352,510,610,Monday
atm35000353,265,375,Monday
atm35000354,210,1780,Monday
atm35000355,385,415,Monday
atm35000356,5635,5575,Monday
atm35000357,1080,110,Monday
atm35000358,1495,1335,Monday
atm0,0,0,Monday
atm350001,4115,5825,Monday
atm350002,3220,4740,Monday
atm350003,3535,6140,Monday
atm350004,2800,6950,Monday
atm350005,1870,4395,Monday
atm350006,5640,5690,Monday
atm350007,3485,5040,Monday
atm350008,3780,4330,Monday
atm350009,2935,5650,Monday
atm3500010,5670,5715,Monday
atm3500011,2735,5795,Monday
atm3500012,5115,5285,Monday
atm3500013,1600,6135,Monday
atm3500014,5585,6360,Monday
atm3500015,6030,7955,Monday
atm3500016,6030,4580,Monday
atm3500017,6460,4665,Monday
atm3500018,6420,5500,Monday
atm3500019,2650,4340,Monday
atm3500020,2745,5105,Monday
atm3500021,4610,3810,Monday
atm3500022,6330,5945,Monday
atm3500023,4910,3250,Monday
atm3500024,6560,6500,Monday
atm3500025,6480,3145,Monday
atm3500026,4295,3205,Monday
atm3500027,5670,4400,Monday
atm3500028,5900,2395,Monday
atm3500029,3900,4930,Monday
atm3500030,3195,5505,Monday
atm3500031,3380,5920,Monday
atm3500032,3255,5525,Monday
atm3500033,3160,3540,Monday
atm3500034,2135,4125,Monday
atm3500035,3445,4485,Monday
atm3500062,3495,4590,Monday
atm3500063,4550,3475,Monday
atm3500064,4265,5895,Monday
atm3500065,3405,5310,Monday
atm35000230,4110,5775,Monday
atm35000231,2575,4275,Monday
atm35000232,5575,3320,Monday
atm35000233,6770,5925,Monday
atm35000234,6330,4785,Monday
atm35000235,4280,6330,Monday
atm35000236,6110,4695,Monday
atm35000237,2510,3915,Monday
atm35000238,3755,5765,Monday
atm35000239,4750,3015,Monday
atm35000240,2895,3585,Monday
atm35000241,1750,5485,Monday
atm35000242,2260,4580,Monday
atm35000243,6700,4970,Monday
atm35000244,2120,5475,Monday
atm35000245,3655,4480,Monday
atm35000246,5415,4595,Monday
atm35000247,2260,4845,Monday
atm35000248,4700,5795,Monday
atm35000249,1965,6105,Monday
atm35000250,4230,3825,Monday
atm35000251,6335,6970,Monday
atm35000252,3120,3560,Monday
atm35000253,4375,5060,Monday
atm35000254,3645,7310,Monday
atm35000255,6545,3635,Monday
atm35000256,2115,4965,Monday
atm35000257,5230,5235,Monday
atm35000258,5095,6695,Monday
atm35000259,1740,5630,Monday
atm35000260,6265,4960,Monday
atm35000261,2535,3290,Monday
atm35000262,3180,5880,Monday
atm35000263,2410,5940,Monday
atm35000264,3750,5805,Monday
atm3500036,3445,5210,Monday
atm3500037,4965,3775,Monday
atm3500038,4965,5795,Monday
atm3500039,4955,5790,Monday
atm3500040,5340,4515,Monday
atm3500041,3255,5330,Monday
atm3500042,4210,3595,Monday
atm3500043,6750,4875,Monday
atm3500044,5510,4585,Monday
atm3500045,3695,7350,Monday
atm3500046,1710,5490,Monday
atm3500047,3200,6045,Monday
atm3500048,3295,4920,Monday
atm3500049,3585,6460,Monday
atm3500050,2530,3370,Monday
atm3500051,2840,2620,Monday
atm3500052,4250,5210,Monday
atm3500053,4175,5685,Monday
atm3500054,4875,4360,Monday
atm3500055,4900,5770,Monday
atm3500056,3940,5460,Monday
atm3500057,5275,4180,Monday
atm3500058,2915,3940,Monday
atm3500059,3055,5150,Monday
atm3500060,2885,4745,Monday
atm3500061,5080,5645,Monday
atm3500066,2105,6405,Monday
atm3500067,4615,4615,Monday
atm3500068,2770,5965,Monday
atm3500069,3200,6720,Monday
atm3500070,4985,5910,Monday
atm3500071,4655,7210,Monday
atm3500072,3515,6500,Monday
atm3500073,5155,4965,Monday
atm3500074,2180,4845,Monday
atm3500075,5250,4620,Monday
atm3500076,4595,5430,Monday
atm3500077,6765,3955,Monday
atm3500078,3855,3955,Monday
atm3500079,4125,3250,Monday
atm3500080,6705,4970,Monday
atm3500081,6420,4570,Monday
atm3500082,4395,6535,Monday
atm3500083,5260,5870,Monday
atm3500084,4965,2320,Monday
atm3500085,4975,3430,Monday
atm3500086,3230,5985,Monday
atm3500087,5740,5125,Monday
atm3500088,3535,5040,Monday
atm3500089,2935,3590,Monday
atm3500090,4660,5875,Monday
atm3500091,4965,4215,Monday
atm3500092,6615,3325,Monday
atm3500093,3340,5995,Monday
atm3500094,2980,6740,Monday
atm3500095,3450,7165,Monday
atm3500096,3770,2890,Monday
atm3500097,1605,5755,Monday
atm3500098,5815,4480,Monday
atm3500099,4780,4460,Monday
atm35000100,5615,5770,Monday
atm35000101,4180,2925,Monday
atm35000102,1650,2915,Monday
atm35000103,4185,5365,Monday
atm35000104,4760,6755,Monday
atm35000105,5865,4275,Monday
atm35000106,3925,4720,Monday
atm35000107,5045,5315,Monday
atm35000108,4485,6245,Monday
atm35000109,7280,4280,Monday
atm35000110,2515,5975,Monday
atm35000111,2970,3605,Monday
atm35000112,3900,6260,Monday
atm35000113,2955,4440,Monday
atm35000114,4445,5525,Monday
atm35000115,4585,3250,Monday
atm35000116,6650,4445,Monday
atm35000117,3220,5650,Monday
atm35000118,5325,4380,Monday
atm35000119,3335,5335,Monday
atm35000120,6135,4590,Monday
atm35000121,5050,6150,Monday
atm35000122,3020,4900,Monday
atm35000123,2655,3240,Monday
atm35000124,6480,5650,Monday
atm35000125,2870,3085,Monday
atm35000126,2735,5395,Monday
atm35000127,5370,2940,Monday
atm35000128,5645,4375,Monday
atm35000129,7215,5510,Monday
atm35000130,4095,2850,Monday
atm35000131,4020,5270,Monday
atm35000132,3755,2865,Monday
atm35000133,2755,2960,Monday
atm35000134,7425,5440,Monday
atm35000135,3170,3790,Monday
atm35000136,5245,5060,Monday
atm35000137,4430,4750,Monday
atm35000138,1975,3055,Monday
atm35000139,3595,4870,Monday
atm35000140,2905,4495,Monday
atm35000141,5150,5425,Monday
atm35000142,2420,2735,Monday
atm35000143,3495,3695,Monday
atm35000144,3405,3295,Monday
atm35000145,3015,6075,Monday
atm35000146,5065,5750,Monday
atm35000147,2940,2915,Monday
atm35000148,5120,4770,Monday
atm35000149,5870,4745,Monday
atm35000150,5985,4650,Monday
atm35000151,3575,5455,Monday
atm35000152,4745,3130,Monday
atm35000153,5255,5210,Monday
atm35000154,4805,4435,Monday
atm35000155,5870,2790,Monday
atm35000156,3675,4095,Monday
atm35000157,2595,5600,Monday
atm35000158,2755,4205,Monday
atm35000159,4410,6160,Monday
atm35000160,1855,5515,Monday
atm35000161,2710,5020,Monday
atm35000162,5485,3995,Monday
atm35000163,3210,3965,Monday
atm35000164,4200,5065,Monday
atm35000165,4860,3625,Monday
atm35000166,2595,4770,Monday
atm35000167,6175,6595,Monday
atm35000168,7500,5045,Monday
atm35000169,3040,5060,Monday
atm35000170,2920,3125,Monday
atm35000171,3400,5585,Monday
atm35000172,1985,5495,Monday
atm35000173,5770,4660,Monday
atm35000174,3810,3620,Monday
atm35000175,6500,4445,Monday
atm35000176,4000,7875,Monday
atm35000177,5960,5995,Monday
atm35000178,4035,3345,Monday
atm35000179,2420,4325,Monday
atm35000180,6395,4160,Monday
atm35000181,2130,4315,Monday
atm35000182,5880,3675,Monday
atm35000183,4035,5685,Monday
atm35000184,7410,3925,Monday
atm35000185,4580,3930,Monday
atm35000186,3585,2955,Monday
atm35000187,6055,4925,Monday
atm35000188,6465,6265,Monday
atm35000189,1950,4095,Monday
atm35000190,1465,5330,Monday
atm35000191,4220,4895,Monday
atm35000192,4735,4910,Monday
atm35000193,3305,4160,Monday
atm35000194,3090,5310,Monday
atm35000195,5855,5845,Monday
atm35000196,4740,4640,Monday
atm35000197,2500,5750,Monday
atm35000198,3580,4085,Monday
atm35000199,4970,5860,Monday
atm35000200,4245,3155,Monday
atm35000201,2215,5525,Monday
atm35000202,3265,3495,Monday
atm35000203,6820,6775,Monday
atm35000204,2855,2795,Monday
atm35000205,2625,6640,Monday
atm35000206,3985,5545,Monday
atm35000207,3150,4765,Monday
atm35000208,2015,5550,Monday
atm35000209,3450,3560,Monday
atm35000210,2090,6045,Monday
atm35000211,2615,5935,Monday
atm35000212,3240,4645,Monday
atm35000213,2290,5150,Monday
atm35000214,3155,4290,Monday
atm35000215,5660,3900,Monday
atm35000216,3355,4130,Monday
atm35000217,5055,4070,Monday
atm35000218,5230,5240,Monday
atm35000219,3525,5475,Monday
atm35000220,5545,5395,Monday
atm35000221,4325,3085,Monday
atm35000222,3115,6145,Monday
atm35000223,1915,6450,Monday
atm35000224,4845,5415,Monday
atm35000225,5680,4325,Monday
atm35000226,2600,4720,Monday
atm35000227,4490,5575,Monday
atm35000228,5685,4195,Monday
atm35000229,3630,4635,Monday
atm35000265,2045,5070,Monday
atm35000266,3640,5410,Monday
atm35000267,3205,3540,Monday
atm35000268,3220,4635,Monday
atm35000269,3950,3830,Monday
atm35000270,6140,5715,Monday
atm35000271,4450,3695,Monday
atm35000272,5735,7335,Monday
atm35000273,6360,7785,Monday
atm35000274,3415,5680,Monday
atm35000275,4165,5310,Monday
atm35000276,4105,3415,Monday
atm35000277,2945,4215,Monday
atm35000278,4250,5645,Monday
atm35000279,4950,5715,Monday
atm35000280,5145,3555,Monday
atm35000281,5150,4340,Monday
atm35000282,4085,3265,Monday
atm35000283,5160,4960,Monday
atm35000284,3730,7660,Monday
atm35000285,3325,4280,Monday
atm35000286,4685,4550,Monday
atm35000287,5410,3140,Monday
atm35000288,5320,3080,Monday
atm35000289,5480,4780,Monday
atm35000290,3420,4125,Monday
atm35000291,4590,4895,Monday
atm35000292,3105,6395,Monday
atm35000293,2100,6165,Monday
atm35000294,4325,4195,Monday
atm35000295,5195,3720,Monday
atm35000296,5140,5550,Monday
atm35000297,1985,4160,Monday
atm35000298,4900,4835,Monday
atm35000299,4920,5130,Monday
atm35000300,3580,6145,Monday
atm35000301,7100,4885,Monday
atm35000302,5095,4590,Monday
atm35000303,5855,4885,Monday
atm35000304,2435,3030,Monday
atm35000305,6065,4415,Monday
atm35000306,4850,3690,Monday
atm35000307,6355,6280,Monday
atm35000308,4980,5025,Monday
atm35000309,1900,5285,Monday
atm35000310,1800,3410,Monday
atm35000311,5415,5740,Monday
atm35000312,2915,6865,Monday
atm35000313,6330,5145,Monday
atm35000314,5185,6825,Monday
atm35000315,2975,4540,Monday
atm35000316,4500,4015,Monday
atm35000317,4655,6935,Monday
atm35000318,3395,3290,Monday
atm35000319,2420,5125,Monday
atm35000320,4555,5445,Monday
atm35000321,4070,5695,Monday
atm35000322,3205,5840,Monday
atm35000323,3180,4865,Monday
atm35000324,6440,5785,Monday
atm35000325,4880,3885,Monday
atm35000326,4075,5900,Monday
atm35000327,2595,7485,Monday
atm35000328,2120,4235,Monday
atm35000329,3910,3990,Monday
atm35000330,5755,2995,Monday
atm35000331,6200,2175,Monday
atm35000332,2055,4405,Monday
atm35000333,2660,4260,Monday
atm35000334,4960,5565,Monday
atm35000335,3065,7370,Monday
atm35000336,5175,3650,Monday
atm35000337,4630,4835,Monday
atm35000338,2910,2885,Monday
atm35000339,3435,4990,Monday
atm35000340,6495,3410,Monday
atm35000341,5645,3820,Monday
atm35000342,5020,4415,Monday
atm35000343,2170,5605,Monday
atm35000344,2160,5370,Monday
atm35000345,4815,5045,Monday
atm35000346,4870,5930,Monday
atm35000347,1315,3440,Monday
atm35000348,3145,4600,Monday
atm35000349,3720,6005,Monday
atm35000350,2825,4805,Monday
atm35000351,2730,3470,Monday
atm35000352,7460,6230,Monday
atm35000353,2965,3355,Monday
atm35000354,5515,3665,Monday
atm35000355,5695,3955,Monday
atm35000356,5615,5290,Monday
atm35000357,3470,6165,Monday
atm35000358,3760,3535,Monday
atm0,0,0,Monday
atm350001,4590,4480,Monday
atm350002,5500,4050,Monday
atm350003,5480,3495,Monday
atm350004,4970,4755,Monday
atm350005,3210,5970,Monday
atm350006,1830,4310,Monday
atm350007,3330,6525,Monday
atm350008,2455,5805,Monday
atm350009,4335,3595,Monday
atm3500010,4100,5995,Monday
atm3500011,5110,5840,Monday
atm3500012,3085,3075,Monday
atm3500013,3575,5730,Monday
atm3500014,3470,5985,Monday
atm3500015,2555,4290,Monday
atm3500016,5455,4675,Monday
atm3500017,5280,4750,Monday
atm3500018,2810,5505,Monday
atm3500019,5860,7075,Monday
atm3500020,5075,5870,Monday
atm3500021,5960,6285,Monday
atm3500022,5330,4645,Monday
atm3500023,4825,3375,Monday
atm3500024,2050,5125,Monday
atm3500025,3465,5640,Monday
atm3500026,4615,5840,Monday
atm3500027,5710,5200,Monday
atm3500028,3850,3350,Monday
atm3500029,3905,4610,Monday
atm3500030,4065,6435,Monday
atm3500031,2765,4150,Monday
atm3500032,4180,5660,Monday
atm3500033,1710,5105,Monday
atm3500034,4975,3905,Monday
atm3500035,3755,4515,Monday
atm3500062,3865,4305,Monday
atm3500063,5010,5610,Monday
atm3500064,3770,5850,Monday
atm3500065,1865,4830,Monday
atm35000230,2580,6455,Monday
atm35000231,5220,7620,Monday
atm35000232,3450,5915,Monday
atm35000233,3630,2660,Monday
atm35000234,4845,5085,Monday
atm35000235,4290,5800,Monday
atm35000236,6205,7385,Monday
atm35000237,2835,3385,Monday
atm35000238,6460,5765,Monday
atm35000239,3255,3825,Monday
atm35000240,3115,5355,Monday
atm35000241,2510,4495,Monday
atm35000242,4035,6735,Monday
atm35000243,7460,3160,Monday
atm35000244,4920,3665,Monday
atm35000245,2695,3230,Monday
atm35000246,6605,4885,Monday
atm35000247,5265,3685,Monday
atm35000248,6100,3705,Monday
atm35000249,5230,2385,Monday
atm35000250,5480,2965,Monday
atm35000251,3510,4395,Monday
atm35000252,2975,6650,Monday
atm35000253,4835,3815,Monday
atm35000254,4950,3995,Monday
atm35000255,4620,6225,Monday
atm35000256,2335,4835,Monday
atm35000257,3095,5730,Monday
atm35000258,5425,5495,Monday
atm35000259,2665,5270,Monday
atm35000260,5660,4165,Monday
atm35000261,6330,3455,Monday
atm35000262,4015,3450,Monday
atm35000263,6055,6570,Monday
atm35000264,2505,5900,Monday
atm3500036,6250,4810,Monday
atm3500037,6380,3460,Monday
atm3500038,4240,4210,Monday
atm3500039,2910,6235,Monday
atm3500040,1955,3995,Monday
atm3500041,4280,3710,Monday
atm3500042,2150,5355,Monday
atm3500043,4210,5040,Monday
atm3500044,3730,4800,Monday
atm3500045,5345,3555,Monday
atm3500046,6410,3765,Monday
atm3500047,2240,2255,Monday
atm3500048,2765,3735,Monday
atm3500049,4775,6145,Monday
atm3500050,4515,3950,Monday
atm3500051,3450,4685,Monday
atm3500052,3875,7070,Monday
atm3500053,4115,5370,Monday
atm3500054,2745,5090,Monday
atm3500055,5340,5765,Monday
atm3500056,3880,6940,Monday
atm3500057,4210,4910,Monday
atm3500058,4480,7085,Monday
atm3500059,2920,3220,Monday
atm3500060,3390,4085,Monday
atm3500061,2500,5815,Monday
atm3500066,2000,4770,Monday
atm3500067,2005,4900,Monday
atm3500068,2995,3055,Monday
atm3500069,4310,5880,Monday
atm3500070,3305,6875,Monday
atm3500071,5905,4830,Monday
atm3500072,3790,4515,Monday
atm3500073,3025,5715,Monday
atm3500074,5980,4215,Monday
atm3500075,2685,3800,Monday
atm3500076,5330,5155,Monday
atm3500077,2530,4745,Monday
atm3500078,2925,5295,Monday
atm3500079,5820,5450,Monday
atm3500080,5065,4390,Monday
atm3500081,5070,5985,Monday
atm3500082,5085,4350,Monday
atm3500083,4135,6165,Monday
atm3500084,1885,5800,Monday
atm3500085,3435,6215,Monday
atm3500086,2890,2765,Monday
atm3500087,5570,4890,Monday
atm3500088,3925,3850,Monday
atm3500089,5010,4830,Monday
atm3500090,3675,6385,Monday
atm3500091,3155,4620,Monday
atm3500092,5565,4520,Monday
atm3500093,5255,4875,Monday
atm3500094,2205,4295,Monday
atm3500095,5655,4315,Monday
atm3500096,3020,4055,Monday
atm3500097,3555,5240,Monday
atm3500098,4890,4780,Monday
atm3500099,5075,3150,Monday
atm35000100,2090,5665,Monday
atm35000101,3440,6785,Monday
atm35000102,3520,3365,Monday
atm35000103,2190,3480,Monday
atm35000104,3035,5165,Monday
atm35000105,6445,3645,Monday
atm35000106,2190,2705,Monday
atm35000107,4945,6945,Monday
atm35000108,2795,4200,Monday
atm35000109,2000,6030,Monday
atm35000110,5030,4635,Monday
atm35000111,5415,5060,Monday
atm35000112,4975,4415,Monday
atm35000113,3615,4430,Monday
atm35000114,4415,3645,Monday
atm35000115,2850,5240,Monday
atm35000116,5630,5410,Monday
atm35000117,3130,7000,Monday
atm35000118,2000,4240,Monday
atm35000119,2725,6355,Monday
atm35000120,2235,4945,Monday
atm35000121,5170,4135,Monday
atm35000122,2145,3915,Monday
atm35000123,6575,5740,Monday
atm35000124,3615,6135,Monday
atm35000125,5890,4390,Monday
atm35000126,3375,6755,Monday
atm35000127,5300,3615,Monday
atm35000128,3405,4825,Monday
atm35000129,3385,7620,Monday
atm35000130,5370,3870,Monday
atm35000131,3095,4675,Monday
atm35000132,7610,6335,Monday
atm35000133,2610,5740,Monday
atm35000134,2380,4725,Monday
atm35000135,3325,5795,Monday
atm35000136,5510,4000,Monday
atm35000137,4370,5895,Monday
atm35000138,4590,3365,Monday
atm35000139,3230,4935,Monday
atm35000140,4090,5500,Monday
atm35000141,4830,5795,Monday
atm35000142,1685,3230,Monday
atm35000143,4830,4485,Monday
atm35000144,4465,4660,Monday
atm35000145,3940,3870,Monday
atm35000146,4675,5640,Monday
atm35000147,5350,3670,Monday
atm35000148,3240,4155,Monday
atm35000149,4675,6275,Monday
atm35000150,4550,4045,Monday
atm35000151,6650,5645,Monday
atm35000152,5785,4635,Monday
atm35000153,4445,4840,Monday
atm35000154,4985,4325,Monday
atm35000155,5080,5945,Monday
atm35000156,2010,5270,Monday
atm35000157,4765,5675,Monday
atm35000158,3735,5780,Monday
atm35000159,5610,6895,Monday
atm35000160,2555,5115,Monday
atm35000161,3955,3195,Monday
atm35000162,5225,3865,Monday
atm35000163,3735,3690,Monday
atm35000164,5845,4010,Monday
atm35000165,4625,3465,Monday
atm35000166,3645,6710,Monday
atm35000167,3695,5605,Monday
atm35000168,3295,6085,Monday
atm35000169,3285,4865,Monday
atm35000170,4200,6100,Monday
atm35000171,3190,4865,Monday
atm35000172,3230,4825,Monday
atm35000173,4650,4925,Monday
atm35000174,3330,5200,Monday
atm35000175,7325,3920,Monday
atm35000176,5300,5550,Monday
atm35000177,6385,5185,Monday
atm35000178,2490,3550,Monday
atm35000179,2905,4435,Monday
atm35000180,3395,4095,Monday
atm35000181,2665,3565,Monday
atm35000182,4275,5595,Monday
atm35000183,3635,3945,Monday
atm35000184,4505,4060,Monday
atm35000185,2655,5545,Monday
atm35000186,1690,4195,Monday
atm35000187,2150,5435,Monday
atm35000188,2315,3820,Monday
atm35000189,6460,2965,Monday
atm35000190,3750,5115,Monday
atm35000191,2970,3765,Monday
atm35000192,3335,4655,Monday
atm35000193,4280,5810,Monday
atm35000194,2425,5070,Monday
atm35000195,5225,5000,Monday
atm35000196,3065,2765,Monday
atm35000197,2075,4970,Monday
atm35000198,3560,3940,Monday
atm35000199,4100,5225,Monday
atm35000200,5090,3130,Monday
atm35000201,4795,6050,Monday
atm35000202,6035,4005,Monday
atm35000203,2140,4225,Monday
atm35000204,6795,4990,Monday
atm35000205,5030,3720,Monday
atm35000206,5825,5680,Monday
atm35000207,3240,5415,Monday
atm35000208,2200,3895,Monday
atm35000209,3625,3010,Monday
atm35000210,2880,5540,Monday
atm35000211,1345,4530,Monday
atm35000212,6085,3310,Monday
atm35000213,6330,4220,Monday
atm35000214,2395,4490,Monday
atm35000215,3145,4500,Monday
atm35000216,5780,5435,Monday
atm35000217,6795,3950,Monday
atm35000218,5485,6700,Monday
atm35000219,4945,5545,Monday
atm35000220,2975,2080,Monday
atm35000221,4835,4390,Monday
atm35000222,5160,3905,Monday
atm35000223,5040,4065,Monday
atm35000224,2250,6300,Monday
atm35000225,4090,4850,Monday
atm35000226,6115,3335,Monday
atm35000227,5290,5320,Monday
atm35000228,3400,4630,Monday
atm35000229,1375,3770,Monday
atm35000265,3055,6495,Monday
atm35000266,5470,6185,Monday
atm35000267,6780,5720,Monday
atm35000268,3050,7115,Monday
atm35000269,3545,4160,Monday
atm35000270,3005,4495,Monday
atm35000271,5130,4330,Monday
atm35000272,6830,6180,Monday
atm35000273,5300,5195,Monday
atm35000274,4600,5365,Monday
atm35000275,4590,4545,Monday
atm35000276,3900,2695,Monday
atm35000277,5605,3885,Monday
atm35000278,1430,4925,Monday
atm35000279,2900,4310,Monday
atm35000280,4595,5145,Monday
atm35000281,6605,4025,Monday
atm35000282,4280,6095,Monday
atm35000283,3575,3190,Monday
atm35000284,4870,4425,Monday
atm35000285,4655,4220,Monday
atm35000286,4625,6565,Monday
atm35000287,2855,4910,Monday
atm35000288,4770,4785,Monday
atm35000289,2470,3475,Monday
atm35000290,2960,2935,Monday
atm35000291,4940,5595,Monday
atm35000292,4355,5505,Monday
atm35000293,2095,5620,Monday
atm35000294,4470,3370,Monday
atm35000295,5110,3440,Monday
atm35000296,2290,4740,Monday
atm35000297,3855,6555,Monday
atm35000298,5340,5175,Monday
atm35000299,4335,6385,Monday
atm35000300,2735,3835,Monday
atm35000301,4940,6700,Monday
atm35000302,5745,6230,Monday
atm35000303,5520,6085,Monday
atm35000304,4300,5730,Monday
atm35000305,4070,4665,Monday
atm35000306,4135,3485,Monday
atm35000307,5605,2690,Monday
atm35000308,6370,4755,Monday
atm35000309,4485,5720,Monday
atm35000310,4680,6050,Monday
atm35000311,2380,5755,Monday
atm35000312,5550,5360,Monday
atm35000313,5950,6815,Monday
atm35000314,6325,5495,Monday
atm35000315,1725,5940,Monday
atm35000316,5495,4255,Monday
atm35000317,4830,6075,Monday
atm35000318,4360,3185,Monday
atm35000319,3155,6210,Monday
atm35000320,1955,3180,Monday
atm35000321,2025,4920,Monday
atm35000322,6595,4135,Monday
atm35000323,3670,5350,Monday
atm35000324,4235,2975,Monday
atm35000325,3175,3375,Monday
atm35000326,5990,3425,Monday
atm35000327,4075,2865,Monday
atm35000328,5840,5290,Monday
atm35000329,3205,3805,Monday
atm35000330,2465,3830,Monday
atm35000331,4220,6005,Monday
atm35000332,3345,5700,Monday
atm35000333,5625,3235,Monday
atm35000334,3375,4555,Monday
atm35000335,2215,6850,Monday
atm35000336,4645,3030,Monday
atm35000337,2990,3105,Monday
atm35000338,2950,4760,Monday
atm35000339,6745,5480,Monday
atm35000340,4895,5435,Monday
atm35000341,4460,5600,Monday
atm35000342,3850,4135,Monday
atm35000343,5390,4000,Monday
atm35000344,5820,5220,Monday
atm35000345,3845,6370,Monday
atm35000346,3610,5035,Monday
atm35000347,7305,5415,Monday
atm35000348,3505,5355,Monday
atm35000349,5230,3955,Monday
atm35000350,4070,4870,Monday
atm35000351,6005,3965,Monday
atm35000352,4350,4835,Monday
atm35000353,3420,6260,Monday
atm35000354,4800,3085,Monday
atm35000355,5380,4620,Monday
atm35000356,4680,5965,Monday
atm35000357,2710,4515,Monday
atm35000358,2565,5410,Monday
atm0,0,0,Monday
atm350001,3340,4810,Monday
atm350002,4385,4065,Monday
atm350003,4050,6080,Monday
atm350004,3200,5920,Monday
atm350005,5810,3905,Monday
atm350006,1920,7005,Monday
atm350007,3365,3350,Monday
atm350008,5290,5060,Monday
atm350009,4145,5310,Monday
atm3500010,5120,5135,Monday
atm3500011,5415,6120,Monday
atm3500012,5010,3925,Monday
atm3500013,2595,3205,Monday
atm3500014,3750,5860,Monday
atm3500015,7125,4175,Monday
atm3500016,1945,3385,Monday
atm3500017,5525,6885,Monday
atm3500018,5120,3240,Monday
atm3500019,6275,3285,Monday
atm3500020,4270,6485,Monday
atm3500021,3240,5785,Monday
atm3500022,1695,3780,Monday
atm3500023,4530,4780,Monday
atm3500024,4765,3450,Monday
atm3500025,2540,3970,Monday
atm3500026,4040,6110,Monday
atm3500027,2035,4565,Monday
atm3500028,2215,5275,Monday
atm3500029,2245,4665,Monday
atm3500030,3600,2475,Monday
atm3500031,3140,3030,Monday
atm3500032,2960,5140,Monday
atm3500033,2815,5960,Monday
atm3500034,4260,4215,Monday
atm3500035,4225,4595,Monday
atm3500062,4375,3305,Monday
atm3500063,3380,3065,Monday
atm3500064,5365,4090,Monday
atm3500065,6005,4405,Monday
atm35000230,3075,4620,Monday
atm35000231,2285,3715,Monday
atm35000232,3180,4380,Monday
atm35000233,4980,5065,Monday
atm35000234,4195,3770,Monday
atm35000235,5525,2875,Monday
atm35000236,3735,6915,Monday
atm35000237,5515,6185,Monday
atm35000238,5090,4380,Monday
atm35000239,2900,5215,Monday
atm35000240,2325,7295,Monday
atm35000241,4530,3290,Monday
atm35000242,3740,3545,Monday
atm35000243,5160,6065,Monday
atm35000244,3845,3585,Monday
atm35000245,5525,5955,Monday
atm35000246,5720,5165,Monday
atm35000247,3510,3610,Monday
atm35000248,2050,5540,Monday
atm35000249,3250,4320,Monday
atm35000250,4575,6415,Monday
atm35000251,1565,5775,Monday
atm35000252,3775,4205,Monday
atm35000253,4930,5800,Monday
atm35000254,5335,6240,Monday
atm35000255,4900,4255,Monday
atm35000256,4655,4720,Monday
atm35000257,2420,6590,Monday
atm35000258,5300,4265,Monday
atm35000259,3050,3740,Monday
atm35000260,4990,3425,Monday
atm35000261,5335,5490,Monday
atm35000262,6855,3550,Monday
atm35000263,4600,5020,Monday
atm35000264,5495,3505,Monday
atm3500036,4105,5920,Monday
atm3500037,5470,3555,Monday
atm3500038,3665,7300,Monday
atm3500039,3710,3730,Monday
atm3500040,3370,5040,Monday
atm3500041,3460,5570,Monday
atm3500042,4695,4100,Monday
atm3500043,3650,3210,Monday
atm3500044,3715,7840,Monday
atm3500045,5755,5820,Monday
atm3500046,2395,6715,Monday
atm3500047,1710,3835,Monday
atm3500048,5930,4260,Monday
atm3500049,5250,3650,Monday
atm3500050,1625,4585,Monday
atm3500051,3935,7020,Monday
atm3500052,5715,2895,Monday
atm3500053,2575,3225,Monday
atm3500054,4315,4600,Monday
atm3500055,4610,6440,Monday
atm3500056,4860,5555,Monday
atm3500057,2040,4610,Monday
atm3500058,4190,3955,Monday
atm3500059,7265,5860,Monday
atm3500060,2990,4005,Monday
atm3500061,3310,3130,Monday
atm3500066,6685,4295,Monday
atm3500067,5710,6080,Monday
atm3500068,6335,5120,Monday
atm3500069,2255,4105,Monday
atm3500070,4750,3570,Monday
atm3500071,1935,6100,Monday
atm3500072,5035,5455,Monday
atm3500073,5940,4440,Monday
atm3500074,5315,2910,Monday
atm3500075,6075,5215,Monday
atm3500076,3220,5095,Monday
atm3500077,3395,3960,Monday
atm3500078,1990,4115,Monday
atm3500079,5645,2780,Monday
atm3500080,6715,4630,Monday
atm3500081,2185,5505,Monday
atm3500082,3715,6760,Monday
atm3500083,4110,5120,Monday
atm3500084,2060,6485,Monday
atm3500085,1875,4745,Monday
atm3500086,4700,8495,Monday
atm3500087,5835,6435,Monday
atm3500088,3855,5080,Monday
atm3500089,3505,4630,Monday
atm3500090,4355,3475,Monday
atm3500091,2860,3195,Monday
atm3500092,3690,3345,Monday
atm3500093,4515,3070,Monday
atm3500094,4070,5755,Monday
atm3500095,3245,3840,Monday
atm3500096,3315,5305,Monday
atm3500097,5560,3060,Monday
atm3500098,1600,6420,Monday
atm3500099,5765,4225,Monday
atm35000100,3605,3955,Monday
atm35000101,5645,2745,Monday
atm35000102,1925,2800,Monday
atm35000103,1470,3985,Monday
atm35000104,5235,6355,Monday
atm35000105,1655,3680,Monday
atm35000106,4865,5920,Monday
atm35000107,3020,6485,Monday
atm35000108,2915,2880,Monday
atm35000109,2030,5590,Monday
atm35000110,3655,4455,Monday
atm35000111,4610,3345,Monday
atm35000112,3200,5510,Monday
atm35000113,7295,4245,Monday
atm35000114,2680,3625,Monday
atm35000115,6200,4655,Monday
atm35000116,3355,6415,Monday
atm35000117,4220,4985,Monday
atm35000118,5770,5540,Monday
atm35000119,4010,3970,Monday
atm35000120,2335,3930,Monday
atm35000121,4725,4285,Monday
atm35000122,6070,3535,Monday
atm35000123,3545,4265,Monday
atm35000124,4840,6620,Monday
atm35000125,4505,3560,Monday
atm35000126,2840,5675,Monday
atm35000127,3665,6700,Monday
atm35000128,3255,6255,Monday
atm35000129,3465,3750,Monday
atm35000130,5945,5805,Monday
atm35000131,3965,3190,Monday
atm35000132,4795,3845,Monday
atm35000133,3060,3770,Monday
atm35000134,5425,6595,Monday
atm35000135,4410,4130,Monday
atm35000136,2060,5055,Monday
atm35000137,3650,3430,Monday
atm35000138,5260,5295,Monday
atm35000139,6165,3535,Monday
atm35000140,2365,5660,Monday
atm35000141,2810,3330,Monday
atm35000142,3750,5455,Monday
atm35000143,3210,5910,Monday
atm35000144,3340,3805,Monday
atm35000145,5510,3690,Monday
atm35000146,4455,5695,Monday
atm35000147,2815,6885,Monday
atm35000148,5725,7030,Monday
atm35000149,2125,5075,Monday
atm35000150,2910,3615,Monday
atm35000151,2685,5570,Monday
atm35000152,4790,2645,Monday
atm35000153,2665,3885,Monday
atm35000154,4180,4620,Monday
atm35000155,5945,5430,Monday
atm35000156,5710,2870,Monday
atm35000157,3650,4565,Monday
atm35000158,3815,3235,Monday
atm35000159,1960,5150,Monday
atm35000160,4020,3725,Monday
atm35000161,2080,6525,Monday
atm35000162,2940,5715,Monday
atm35000163,2855,5925,Monday
atm35000164,3315,3245,Monday
atm35000165,3240,3750,Monday
atm35000166,5785,5910,Monday
atm35000167,5660,6700,Monday
atm35000168,5145,5250,Monday
atm35000169,6455,5070,Monday
atm35000170,4570,5720,Monday
atm35000171,2505,3585,Monday
atm35000172,5060,4065,Monday
atm35000173,4020,4855,Monday
atm35000174,5245,4830,Monday
atm35000175,2390,5755,Monday
atm35000176,5635,3945,Monday
atm35000177,4730,5810,Monday
atm35000178,6595,5405,Monday
atm35000179,5790,4380,Monday
atm35000180,3525,5955,Monday
atm35000181,2190,4425,Monday
atm35000182,2815,4425,Monday
atm35000183,2555,4655,Monday
atm35000184,4055,6220,Monday
atm35000185,4950,2985,Monday
atm35000186,4810,4405,Monday
atm35000187,3010,5405,Monday
atm35000188,7105,2910,Monday
atm35000189,1800,3875,Monday
atm35000190,2310,5075,Monday
atm35000191,3725,6370,Monday
atm35000192,2070,3840,Monday
atm35000193,5200,3725,Monday
atm35000194,1825,4770,Monday
atm35000195,2515,3685,Monday
atm35000196,5200,5045,Monday
atm35000197,5955,5825,Monday
atm35000198,4575,6320,Monday
atm35000199,6485,4770,Monday
atm35000200,1650,5895,Monday
atm35000201,4590,6375,Monday
atm35000202,1870,5035,Monday
atm35000203,5810,5675,Monday
atm35000204,6095,2725,Monday
atm35000205,3500,3545,Monday
atm35000206,6215,5065,Monday
atm35000207,4115,5825,Monday
atm35000208,4170,2980,Monday
atm35000209,5600,4775,Monday
atm35000210,2405,5250,Monday
atm35000211,6530,7115,Monday
atm35000212,2625,6805,Monday
atm35000213,2565,5050,Monday
atm35000214,5255,6145,Monday
atm35000215,2235,3555,Monday
atm35000216,2770,4975,Monday
atm35000217,5630,5345,Monday
atm35000218,6280,5190,Monday
atm35000219,5090,4145,Monday
atm35000220,2890,4210,Monday
atm35000221,4655,3980,Monday
atm35000222,2205,5720,Monday
atm35000223,4420,6480,Monday
atm35000224,2550,4570,Monday
atm35000225,5345,4570,Monday
atm35000226,4610,2200,Monday
atm35000227,4935,4790,Monday
atm35000228,4670,4255,Monday
atm35000229,2665,4625,Monday
atm35000265,3655,5525,Monday
atm35000266,5100,4645,Monday
atm35000267,3015,6285,Monday
atm35000268,3765,3865,Monday
atm35000269,4170,5510,Monday
atm35000270,2270,2610,Monday
atm35000271,3810,3590,Monday
atm35000272,5125,6145,Monday
atm35000273,4890,4270,Monday
atm35000274,4600,4750,Monday
atm35000275,4990,5715,Monday
atm35000276,5795,5015,Monday
atm35000277,4340,4105,Monday
atm35000278,2365,6690,Monday
atm35000279,3055,5825,Monday
atm35000280,3035,5560,Monday
atm35000281,6680,3830,Monday
atm35000282,3685,3650,Monday
atm35000283,6200,3035,Monday
atm35000284,6305,3455,Monday
atm35000285,3825,4710,Monday
atm35000286,2345,3735,Monday
atm35000287,4880,6280,Monday
atm35000288,4995,6835,Monday
atm35000289,6590,3830,Monday
atm35000290,5230,5550,Monday
atm35000291,4845,3445,Monday
atm35000292,1940,6735,Monday
atm35000293,3810,4185,Monday
atm35000294,3255,5790,Monday
atm35000295,2635,4860,Monday
atm35000296,5685,3615,Monday
atm35000297,2415,5650,Monday
atm35000298,2030,6060,Monday
atm35000299,2530,4715,Monday
atm35000300,2360,4355,Monday
atm35000301,4825,3745,Monday
atm35000302,5495,5000,Monday
atm35000303,6360,6795,Monday
atm35000304,2650,6990,Monday
atm35000305,4870,4040,Monday
atm35000306,6125,5605,Monday
atm35000307,2815,4355,Monday
atm35000308,4125,4455,Monday
atm35000309,6455,4060,Monday
atm35000310,3945,4330,Monday
atm35000311,1635,5035,Monday
atm35000312,2800,8395,Monday
atm35000313,2025,3605,Monday
atm35000314,4495,7150,Monday
atm35000315,4620,4495,Monday
atm35000316,2945,4600,Monday
atm35000317,4850,5960,Monday
atm35000318,5305,4160,Monday
atm35000319,4190,4800,Monday
atm35000320,5505,3600,Monday
atm35000321,4250,4300,Monday
atm35000322,4940,4570,Monday
atm35000323,4220,3910,Monday
atm35000324,5780,4950,Monday
atm35000325,5955,4875,Monday
atm35000326,5110,4840,Monday
atm35000327,3390,3365,Monday
atm35000328,3260,4130,Monday
atm35000329,3055,2800,Monday
atm35000330,5090,5185,Monday
atm35000331,2045,4395,Monday
atm35000332,3365,5370,Monday
atm35000333,6540,4965,Monday
atm35000334,3820,5980,Monday
atm35000335,4060,4855,Monday
atm35000336,4065,6510,Monday
atm35000337,3435,3470,Monday
atm35000338,2575,4365,Monday
atm35000339,5025,5040,Monday
atm35000340,4485,4350,Monday
atm35000341,1585,5055,Monday
atm35000342,2835,3410,Monday
atm35000343,4560,4285,Monday
atm35000344,4340,4065,Monday
atm35000345,4055,6025,Monday
atm35000346,5690,6000,Monday
atm35000347,4160,5690,Monday
atm35000348,2470,3400,Monday
atm35000349,4890,5750,Monday
atm35000350,4285,5260,Monday
atm35000351,2380,6680,Monday
atm35000352,1445,4965,Monday
atm35000353,3875,5705,Monday
atm35000354,5170,5095,Monday
atm35000355,2600,7615,Monday
atm35000356,4130,5695,Monday
atm35000357,3355,5250,Monday
atm35000358,4850,6400,Monday
atm0,0,0,Monday
atm350001,3200,4250,Monday
atm350002,5745,4655,Monday
atm350003,2235,3585,Monday
atm350004,5135,4085,Monday
atm350005,4680,3685,Monday
atm350006,1720,3560,Monday
atm350007,2100,5310,Monday
atm350008,6430,5095,Monday
atm350009,4635,4335,Monday
atm3500010,4035,4505,Monday
atm3500011,1940,6110,Monday
atm3500012,2920,5275,Monday
atm3500013,3925,3620,Monday
atm3500014,6215,4040,Monday
atm3500015,6705,3070,Monday
atm3500016,4875,3550,Monday
atm3500017,6590,5945,Monday
atm3500018,4100,6410,Monday
atm3500019,2360,4485,Monday
atm3500020,6290,5880,Monday
atm3500021,6230,6510,Monday
atm3500022,4260,3885,Monday
atm3500023,3890,4840,Monday
atm3500024,4465,4735,Monday
atm3500025,5415,4780,Monday
atm3500026,2240,7235,Monday
atm3500027,4465,4965,Monday
atm3500028,5315,7640,Monday
atm3500029,4620,6685,Monday
atm3500030,3080,3665,Monday
atm3500031,2470,4930,Monday
atm3500032,4140,2845,Monday
atm3500033,3875,4735,Monday
atm3500034,3200,6080,Monday
atm3500035,5405,2880,Monday
atm3500062,5295,4665,Monday
atm3500063,2580,5315,Monday
atm3500064,5655,4185,Monday
atm3500065,3065,3495,Monday
atm35000230,3170,5570,Monday
atm35000231,4305,4480,Monday
atm35000232,5575,6175,Monday
atm35000233,1780,2840,Monday
atm35000234,1540,4720,Monday
atm35000235,4410,4585,Monday
atm35000236,7500,5205,Monday
atm35000237,4290,4935,Monday
atm35000238,5780,4615,Monday
atm35000239,5735,5775,Monday
atm35000240,4370,4545,Monday
atm35000241,3430,3540,Monday
atm35000242,6695,3375,Monday
atm35000243,4830,5855,Monday
atm35000244,2600,3650,Monday
atm35000245,5115,4180,Monday
atm35000246,3945,5220,Monday
atm35000247,2495,6065,Monday
atm35000248,4765,3495,Monday
atm35000249,5845,5100,Monday
atm35000250,2180,5065,Monday
atm35000251,5400,3190,Monday
atm35000252,3985,3825,Monday
atm35000253,3395,6620,Monday
atm35000254,4445,3510,Monday
atm35000255,2660,3925,Monday
atm35000256,5890,3950,Monday
atm35000257,2425,6490,Monday
atm35000258,5925,6095,Monday
atm35000259,5505,4615,Monday
atm35000260,4555,5370,Monday
atm35000261,4950,3815,Monday
atm35000262,3535,5270,Monday
atm35000263,2100,3345,Monday
atm35000264,4440,5090,Monday
atm3500036,7220,5515,Monday
atm3500037,1700,4795,Monday
atm3500038,5130,4240,Monday
atm3500039,2420,3780,Monday
atm3500040,2035,2705,Monday
atm3500041,1825,4675,Monday
atm3500042,2595,3445,Monday
atm3500043,5340,4935,Monday
atm3500044,4765,4595,Monday
atm3500045,1850,5135,Monday
atm3500046,3090,5455,Monday
atm3500047,4050,5445,Monday
atm3500048,7300,5010,Monday
atm3500049,5370,3435,Monday
atm3500050,3545,4175,Monday
atm3500051,6190,2770,Monday
atm3500052,5165,7075,Monday
atm3500053,3325,7165,Monday
atm3500054,5295,3790,Monday
atm3500055,2760,3130,Monday
atm3500056,5480,5855,Monday
atm3500057,4295,4945,Monday
atm3500058,2070,5650,Monday
atm3500059,4185,4535,Monday
atm3500060,6305,4665,Monday
atm3500061,4435,5850,Monday
atm3500066,4195,4760,Monday
atm3500067,5385,6285,Monday
atm3500068,6280,6375,Monday
atm3500069,2765,6275,Monday
atm3500070,5580,5395,Monday
atm3500071,4565,3145,Monday
atm3500072,5350,5785,Monday
atm3500073,2055,4365,Monday
atm3500074,3525,6215,Monday
atm3500075,5300,4335,Monday
atm3500076,5760,5045,Monday
atm3500077,4360,4650,Monday
atm3500078,4690,5680,Monday
atm3500079,1815,5230,Monday
atm3500080,1565,5865,Monday
atm3500081,3190,3945,Monday
atm3500082,5215,3820,Monday
atm3500083,5145,6635,Monday
atm3500084,5820,4700,Monday
atm3500085,2410,4700,Monday
atm3500086,4365,3730,Monday
atm3500087,5860,6085,Monday
atm3500088,6045,4400,Monday
atm3500089,4505,4930,Monday
atm3500090,6330,5970,Monday
atm3500091,6315,5850,Monday
atm3500092,2265,5605,Monday
atm3500093,5775,3840,Monday
atm3500094,3890,4915,Monday
atm3500095,5470,5215,Monday
atm3500096,4530,6975,Monday
atm3500097,5485,5775,Monday
atm3500098,1720,3615,Monday
atm3500099,5195,3905,Monday
atm35000100,5335,3910,Monday
atm35000101,1935,4810,Monday
atm35000102,4660,4725,Monday
atm35000103,2375,4705,Monday
atm35000104,6700,4820,Monday
atm35000105,7030,5920,Monday
atm35000106,3105,4440,Monday
atm35000107,6770,4005,Monday
atm35000108,4070,6840,Monday
atm35000109,3085,6025,Monday
atm35000110,5280,6140,Monday
atm35000111,3690,6185,Monday
atm35000112,3460,7000,Monday
atm35000113,6390,3575,Monday
atm35000114,2345,5705,Monday
atm35000115,3250,5000,Monday
atm35000116,4475,4590,Monday
atm35000117,4885,4705,Monday
atm35000118,3045,5055,Monday
atm35000119,5015,6835,Monday
atm35000120,2015,3945,Monday
atm35000121,2080,4265,Monday
atm35000122,2610,5015,Monday
atm35000123,3665,4925,Monday
atm35000124,5195,7105,Monday
atm35000125,3135,4085,Monday
atm35000126,4260,5350,Monday
atm35000127,6250,6685,Monday
atm35000128,2280,4050,Monday
atm35000129,6240,3605,Monday
atm35000130,3800,5430,Monday
atm35000131,5790,3490,Monday
atm35000132,3960,4795,Monday
atm35000133,4245,6645,Monday
atm35000134,2745,4300,Monday
atm35000135,4325,6290,Monday
atm35000136,4240,3755,Monday
atm35000137,6350,4295,Monday
atm35000138,5195,2600,Monday
atm35000139,4775,3080,Monday
atm35000140,3050,5395,Monday
atm35000141,3085,4610,Monday
atm35000142,1825,3920,Monday
atm35000143,3310,3735,Monday
atm35000144,1500,5760,Monday
atm35000145,6280,5590,Monday
atm35000146,5550,5620,Monday
atm35000147,2925,4285,Monday
atm35000148,2655,5915,Monday
atm35000149,3125,4700,Monday
atm35000150,5470,4885,Monday
atm35000151,5215,6075,Monday
atm35000152,2440,5990,Monday
atm35000153,4715,7350,Monday
atm35000154,4315,6555,Monday
atm35000155,3795,4975,Monday
atm35000156,4605,3970,Monday
atm35000157,5345,5470,Monday
atm35000158,2210,3920,Monday
atm35000159,4280,6160,Monday
atm35000160,6095,5565,Monday
atm35000161,6575,7170,Monday
atm35000162,3715,5100,Monday
atm35000163,4150,4400,Monday
atm35000164,3385,5245,Monday
atm35000165,4665,4305,Monday
atm35000166,5325,6550,Monday
atm35000167,4485,4525,Monday
atm35000168,5035,6020,Monday
atm35000169,3105,5820,Monday
atm35000170,5165,3580,Monday
atm35000171,7230,4585,Monday
atm35000172,6030,6760,Monday
atm35000173,7235,2855,Monday
atm35000174,2455,4255,Monday
atm35000175,2820,6890,Monday
atm35000176,5790,3725,Monday
atm35000177,5825,5140,Monday
atm35000178,5035,5630,Monday
atm35000179,5660,4205,Monday
atm35000180,5590,6055,Monday
atm35000181,4235,4045,Monday
atm35000182,5895,3740,Monday
atm35000183,5895,5915,Monday
atm35000184,2270,2870,Monday
atm35000185,1975,4505,Monday
atm35000186,4125,4335,Monday
atm35000187,4535,6030,Monday
atm35000188,4760,6110,Monday
atm35000189,3465,4220,Monday
atm35000190,3880,4675,Monday
atm35000191,4555,8115,Monday
atm35000192,3010,3975,Monday
atm35000193,5860,3160,Monday
atm35000194,3205,3845,Monday
atm35000195,5635,6515,Monday
atm35000196,2270,5610,Monday
atm35000197,5565,3375,Monday
atm35000198,3955,3600,Monday
atm35000199,2700,5160,Monday
atm35000200,6505,4510,Monday
atm35000201,3015,4980,Monday
atm35000202,1860,2920,Monday
atm35000203,5005,4430,Monday
atm35000204,5005,4580,Monday
atm35000205,5875,5040,Monday
atm35000206,5470,5395,Monday
atm35000207,2175,5900,Monday
atm35000208,7905,6755,Monday
atm35000209,1970,7255,Monday
atm35000210,6360,5135,Monday
atm35000211,3015,5960,Monday
atm35000212,5370,5135,Monday
atm35000213,6555,6230,Monday
atm35000214,4995,6280,Monday
atm35000215,4385,5785,Monday
atm35000216,2245,4010,Monday
atm35000217,4715,5100,Monday
atm35000218,5920,4055,Monday
atm35000219,3810,5140,Monday
atm35000220,5485,3570,Monday
atm35000221,6595,4895,Monday
atm35000222,4375,5895,Monday
atm35000223,5390,3735,Monday
atm35000224,1505,4525,Monday
atm35000225,4955,6315,Monday
atm35000226,5635,4315,Monday
atm35000227,4405,6975,Monday
atm35000228,5515,3340,Monday
atm35000229,1735,3675,Monday
atm35000265,7375,5025,Monday
atm35000266,5315,4595,Monday
atm35000267,3865,3845,Monday
atm35000268,5570,3310,Monday
atm35000269,6300,3795,Monday
atm35000270,2990,5660,Monday
atm35000271,5165,7045,Monday
atm35000272,3725,5685,Monday
atm35000273,4415,5330,Monday
atm35000274,6465,4985,Monday
atm35000275,4980,4805,Monday
atm35000276,2255,5040,Monday
atm35000277,5350,5415,Monday
atm35000278,5320,4900,Monday
atm35000279,2020,5210,Monday
atm35000280,4860,2860,Monday
atm35000281,7425,2940,Monday
atm35000282,4450,4345,Monday
atm35000283,3855,4860,Monday
atm35000284,3975,2890,Monday
atm35000285,6545,5625,Monday
atm35000286,6375,4760,Monday
atm35000287,2315,3530,Monday
atm35000288,5550,6745,Monday
atm35000289,4550,3565,Monday
atm35000290,4055,5060,Monday
atm35000291,2515,5045,Monday
atm35000292,1885,4195,Monday
atm35000293,2375,3370,Monday
atm35000294,3675,6055,Monday
atm35000295,1515,4945,Monday
atm35000296,4120,6865,Monday
atm35000297,3290,5435,Monday
atm35000298,5045,5980,Monday
atm35000299,3125,6505,Monday
atm35000300,2520,4745,Monday
atm35000301,970,4560,Monday
atm35000302,6730,3445,Monday
atm35000303,3845,6300,Monday
atm35000304,5430,5080,Monday
atm35000305,4170,6310,Monday
atm35000306,4215,4365,Monday
atm35000307,5730,4505,Monday
atm35000308,5725,6650,Monday
atm35000309,3950,4385,Monday
atm35000310,3460,5950,Monday
atm35000311,4735,4645,Monday
atm35000312,5250,5850,Monday
atm35000313,2000,5770,Monday
atm35000314,5870,5695,Monday
atm35000315,6815,3265,Monday
atm35000316,3465,4270,Monday
atm35000317,5725,4725,Monday
atm35000318,3600,3590,Monday
atm35000319,3430,3600,Monday
atm35000320,4295,4275,Monday
atm35000321,5095,5680,Monday
atm35000322,5015,6615,Monday
atm35000323,4235,6685,Monday
atm35000324,3705,3815,Monday
atm35000325,5230,3675,Monday
atm35000326,2890,3495,Monday
atm35000327,1765,5315,Monday
atm35000328,1780,3800,Monday
atm35000329,2975,4715,Monday
atm35000330,5610,5630,Monday
atm35000331,4565,5560,Monday
atm35000332,2945,3415,Monday
atm35000333,4955,3210,Monday
atm35000334,3750,5055,Monday
atm35000335,3830,5175,Monday
atm35000336,4040,5040,Monday
atm35000337,2665,5895,Monday
atm35000338,5320,5025,Monday
atm35000339,6340,5205,Monday
atm35000340,7075,3760,Monday
atm35000341,4345,3615,Monday
atm35000342,4120,7090,Monday
atm35000343,2845,5690,Monday
atm35000344,2895,4860,Monday
atm35000345,5365,4525,Monday
atm35000346,6495,5010,Monday
atm35000347,2480,5320,Monday
atm35000348,3570,4630,Monday
atm35000349,4170,6510,Monday
atm35000350,6675,5175,Monday
atm35000351,4000,6080,Monday
atm35000352,4895,5205,Monday
atm35000353,2435,3680,Monday
atm35000354,5110,3575,Monday
atm35000355,4275,4165,Monday
atm35000356,4890,6945,Monday
atm35000357,4065,3435,Monday
atm35000358,6015,4950,Monday
atm0,0,0,Monday
atm350001,1705,5895,Monday
atm350002,3785,5495,Monday
atm350003,2200,3455,Monday
atm350004,4955,5995,Monday
atm350005,4670,4225,Monday
atm350006,3280,4765,Monday
atm350007,3860,4460,Monday
atm350008,5375,3995,Monday
atm350009,2445,3925,Monday
atm3500010,3945,5275,Monday
atm3500011,2105,4295,Monday
atm3500012,6045,5520,Monday
atm3500013,2070,2805,Monday
atm3500014,4030,5520,Monday
atm3500015,2910,4315,Monday
atm3500016,5145,3680,Monday
atm3500017,5055,6780,Monday
atm3500018,5040,4800,Monday
atm3500019,4280,3970,Monday
atm3500020,4045,6560,Monday
atm3500021,2195,7000,Monday
atm3500022,5810,4895,Monday
atm3500023,1790,5985,Monday
atm3500024,4835,4485,Monday
atm3500025,3060,6670,Monday
atm3500026,4945,6020,Monday
atm3500027,6140,2855,Monday
atm3500028,5290,3305,Monday
atm3500029,5245,4785,Monday
atm3500030,2580,4665,Monday
atm3500031,4875,4910,Monday
atm3500032,2625,5690,Monday
atm3500033,5055,4920,Monday
atm3500034,2175,3685,Monday
atm3500035,4605,5295,Monday
atm3500062,4710,3580,Monday
atm3500063,5170,6235,Monday
atm3500064,6680,4380,Monday
atm3500065,3930,4910,Monday
atm35000230,6885,6210,Monday
atm35000231,6350,4210,Monday
atm35000232,1960,4350,Monday
atm35000233,4430,2810,Monday
atm35000234,4530,2385,Monday
atm35000235,4895,3270,Monday
atm35000236,5480,5075,Monday
atm35000237,2995,4810,Monday
atm35000238,1615,3030,Monday
atm35000239,5490,4840,Monday
atm35000240,3355,6570,Monday
atm35000241,2310,4810,Monday
atm35000242,3165,5010,Monday
atm35000243,5050,4285,Monday
atm35000244,4455,5420,Monday
atm35000245,3860,5090,Monday
atm35000246,3135,6195,Monday
atm35000247,1525,3780,Monday
atm35000248,5050,3875,Monday
atm35000249,2170,4385,Monday
atm35000250,3980,5645,Monday
atm35000251,2150,4710,Monday
atm35000252,4915,6345,Monday
atm35000253,2205,6855,Monday
atm35000254,4780,2735,Monday
atm35000255,4170,3080,Monday
atm35000256,2290,4695,Monday
atm35000257,5030,3705,Monday
atm35000258,2470,4660,Monday
atm35000259,5740,6230,Monday
atm35000260,3885,6245,Monday
atm35000261,6120,5915,Monday
atm35000262,4405,6785,Monday
atm35000263,3115,3370,Monday
atm35000264,1915,5695,Monday
atm3500036,5215,4845,Monday
atm3500037,4620,5870,Monday
atm3500038,4315,3560,Monday
atm3500039,5890,4305,Monday
atm3500040,7580,5975,Monday
atm3500041,2580,4930,Monday
atm3500042,3130,3690,Monday
atm3500043,2125,2405,Monday
atm3500044,4005,6430,Monday
atm3500045,5500,5415,Monday
atm3500046,4055,4830,Monday
atm3500047,2925,7100,Monday
atm3500048,2890,3620,Monday
atm3500049,6370,3810,Monday
atm3500050,6405,4990,Monday
atm3500051,3415,5575,Monday
atm3500052,4615,4995,Monday
atm3500053,4860,3535,Monday
atm3500054,2780,4155,Monday
atm3500055,4040,4650,Monday
atm3500056,3295,5540,Monday
atm3500057,4765,4025,Monday
atm3500058,5490,7010,Monday
atm3500059,5990,4540,Monday
atm3500060,6135,6145,Monday
atm3500061,2105,3805,Monday
atm3500066,2195,6200,Monday
atm3500067,6240,3585,Monday
atm3500068,2465,6245,Monday
atm3500069,6850,6050,Monday
atm3500070,4230,5135,Monday
atm3500071,4880,2940,Monday
atm3500072,5210,4995,Monday
atm3500073,6280,5205,Monday
atm3500074,2245,6630,Monday
atm3500075,3220,4700,Monday
atm3500076,4075,4395,Monday
atm3500077,5485,4125,Monday
atm3500078,5605,4490,Monday
atm3500079,4595,4375,Monday
atm3500080,5845,6955,Monday
atm3500081,3795,3905,Monday
atm3500082,2095,5070,Monday
atm3500083,7040,6705,Monday
atm3500084,2375,3770,Monday
atm3500085,1800,4310,Monday
atm3500086,4025,5895,Monday
atm3500087,3805,3970,Monday
atm3500088,3090,3180,Monday
atm3500089,2545,4750,Monday
atm3500090,4665,3250,Monday
atm3500091,4290,4365,Monday
atm3500092,5040,3435,Monday
atm3500093,2380,6570,Monday
atm3500094,3625,3625,Monday
atm3500095,3655,4305,Monday
atm3500096,2870,4440,Monday
atm3500097,4400,7375,Monday
atm3500098,6710,6875,Monday
atm3500099,4200,5765,Monday
atm35000100,3060,4515,Monday
atm35000101,4745,5675,Monday
atm35000102,6610,5905,Monday
atm35000103,6255,3040,Monday
atm35000104,3785,4135,Monday
atm35000105,2010,3410,Monday
atm35000106,3705,5390,Monday
atm35000107,2335,3030,Monday
atm35000108,2980,6290,Monday
atm35000109,2700,3360,Monday
atm35000110,4430,4865,Monday
atm35000111,3315,3325,Monday
atm35000112,2975,4135,Monday
atm35000113,2380,5685,Monday
atm35000114,5885,5955,Monday
atm35000115,4000,5500,Monday
atm35000116,3395,3615,Monday
atm35000117,5640,2990,Monday
atm35000118,3980,5760,Monday
atm35000119,6115,4385,Monday
atm35000120,2980,6910,Monday
atm35000121,2780,4020,Monday
atm35000122,1885,7045,Monday
atm35000123,5600,4140,Monday
atm35000124,5380,5355,Monday
atm35000125,2520,4065,Monday
atm35000126,3305,6085,Monday
atm35000127,6190,3125,Monday
atm35000128,2260,5125,Monday
atm35000129,4100,6840,Monday
atm35000130,4860,4790,Monday
atm35000131,3380,4485,Monday
atm35000132,4190,6765,Monday
atm35000133,2060,3330,Monday
atm35000134,3850,5285,Monday
atm35000135,7010,3055,Monday
atm35000136,2645,3340,Monday
atm35000137,2880,3620,Monday
atm35000138,1355,7115,Monday
atm35000139,5100,5620,Monday
atm35000140,6470,4400,Monday
atm35000141,6365,7515,Monday
atm35000142,3810,5555,Monday
atm35000143,2415,6060,Monday
atm35000144,5640,5140,Monday
atm35000145,5840,6955,Monday
atm35000146,4135,4265,Monday
atm35000147,3150,3995,Monday
atm35000148,3895,3795,Monday
atm35000149,4960,4775,Monday
atm35000150,5485,3495,Monday
atm35000151,3990,6160,Monday
atm35000152,1820,6420,Monday
atm35000153,6540,3210,Monday
atm35000154,1940,4700,Monday
atm35000155,4840,6290,Monday
atm35000156,3155,3830,Monday
atm35000157,3930,4105,Monday
atm35000158,4965,3640,Monday
atm35000159,3120,4395,Monday
atm35000160,3785,3355,Monday
atm35000161,5720,4955,Monday
atm35000162,5090,4705,Monday
atm35000163,3885,3975,Monday
atm35000164,5130,3775,Monday
atm35000165,4575,3715,Monday
atm35000166,4280,4015,Monday
atm35000167,5160,5290,Monday
atm35000168,6165,6900,Monday
atm35000169,6025,5785,Monday
atm35000170,6540,4080,Monday
atm35000171,4325,3195,Monday
atm35000172,3300,5155,Monday
atm35000173,1655,6285,Monday
atm35000174,3425,4150,Monday
atm35000175,5690,4480,Monday
atm35000176,4115,3795,Monday
atm35000177,5085,5085,Monday
atm35000178,6350,4685,Monday
atm35000179,3580,5035,Monday
atm35000180,2245,3555,Monday
atm35000181,5220,4865,Monday
atm35000182,3435,3510,Monday
atm35000183,4450,6005,Monday
atm35000184,4930,2395,Monday
atm35000185,3265,5065,Monday
atm35000186,5275,3645,Monday
atm35000187,3315,4680,Monday
atm35000188,2910,4870,Monday
atm35000189,4725,4010,Monday
atm35000190,4715,4205,Monday
atm35000191,4155,3395,Monday
atm35000192,4735,4810,Monday
atm35000193,6315,3145,Monday
atm35000194,5545,5140,Monday
atm35000195,2530,5620,Monday
atm35000196,6850,3685,Monday
atm35000197,3865,6150,Monday
atm35000198,2715,4335,Monday
atm35000199,4785,4925,Monday
atm35000200,3335,4105,Monday
atm35000201,4800,3865,Monday
atm35000202,4605,5965,Monday
atm35000203,1520,6080,Monday
atm35000204,4880,5660,Monday
atm35000205,4665,4305,Monday
atm35000206,5005,6425,Monday
atm35000207,6950,5710,Monday
atm35000208,4655,4890,Monday
atm35000209,4165,4255,Monday
atm35000210,2130,3100,Monday
atm35000211,3605,3965,Monday
atm35000212,2105,5880,Monday
atm35000213,2460,5300,Monday
atm35000214,3595,6100,Monday
atm35000215,4315,5165,Monday
atm35000216,3670,4470,Monday
atm35000217,5330,3755,Monday
atm35000218,2180,4275,Monday
atm35000219,4910,5370,Monday
atm35000220,2695,4495,Monday
atm35000221,2185,5525,Monday
atm35000222,2975,4345,Monday
atm35000223,5680,4325,Monday
atm35000224,3370,4420,Monday
atm35000225,5320,3970,Monday
atm35000226,7440,4125,Monday
atm35000227,5655,7220,Monday
atm35000228,4330,4770,Monday
atm35000229,1925,3320,Monday
atm35000265,4005,4690,Monday
atm35000266,5725,3330,Monday
atm35000267,1615,5860,Monday
atm35000268,2995,5930,Monday
atm35000269,2380,4940,Monday
atm35000270,5850,5020,Monday
atm35000271,5885,5040,Monday
atm35000272,5425,5400,Monday
atm35000273,3025,6355,Monday
atm35000274,5380,4855,Monday
atm35000275,3120,5200,Monday
atm35000276,2185,6235,Monday
atm35000277,4680,3455,Monday
atm35000278,1605,6120,Monday
atm35000279,6375,3400,Monday
atm35000280,5820,4560,Monday
atm35000281,5170,5235,Monday
atm35000282,3915,4545,Monday
atm35000283,6075,4765,Monday
atm35000284,2775,6925,Monday
atm35000285,2760,6100,Monday
atm35000286,4860,5280,Monday
atm35000287,7220,5545,Monday
atm35000288,3355,3445,Monday
atm35000289,7615,3955,Monday
atm35000290,3455,4695,Monday
atm35000291,4775,5415,Monday
atm35000292,5980,4395,Monday
atm35000293,1935,3925,Monday
atm35000294,3815,4770,Monday
atm35000295,6580,5920,Monday
atm35000296,3145,7050,Monday
atm35000297,5015,4600,Monday
atm35000298,2335,5450,Monday
atm35000299,5660,5055,Monday
atm35000300,3590,6145,Monday
atm35000301,3990,3965,Monday
atm35000302,3485,3895,Monday
atm35000303,1855,6415,Monday
atm35000304,4710,5625,Monday
atm35000305,5210,5855,Monday
atm35000306,4960,5685,Monday
atm35000307,5250,3645,Monday
atm35000308,3665,3590,Monday
atm35000309,2760,3410,Monday
atm35000310,2425,3300,Monday
atm35000311,3080,6190,Monday
atm35000312,2260,3505,Monday
atm35000313,2085,3505,Monday
atm35000314,5520,4210,Monday
atm35000315,5745,6990,Monday
atm35000316,7085,4680,Monday
atm35000317,4840,6510,Monday
atm35000318,5785,5265,Monday
atm35000319,4085,5970,Monday
atm35000320,2250,4935,Monday
atm35000321,2390,4915,Monday
atm35000322,3380,6350,Monday
atm35000323,1630,3995,Monday
atm35000324,2520,3640,Monday
atm35000325,3220,6385,Monday
atm35000326,2885,4595,Monday
atm35000327,3375,4945,Monday
atm35000328,4340,5420,Monday
atm35000329,4495,3000,Monday
atm35000330,1910,7120,Monday
atm35000331,2610,5120,Monday
atm35000332,2235,3730,Monday
atm35000333,4520,4000,Monday
atm35000334,4155,4820,Monday
atm35000335,2615,6045,Monday
atm35000336,2835,5740,Monday
atm35000337,4855,5575,Monday
atm35000338,2205,3895,Monday
atm35000339,4895,5910,Monday
atm35000340,4695,4105,Monday
atm35000341,5630,4945,Monday
atm35000342,2395,3850,Monday
atm35000343,6660,7590,Monday
atm35000344,4025,5480,Monday
atm35000345,4690,3615,Monday
atm35000346,3960,7395,Monday
atm35000347,3145,4580,Monday
atm35000348,4140,5060,Monday
atm35000349,5595,5930,Monday
atm35000350,6445,3235,Monday
atm35000351,1835,5195,Monday
atm35000352,5200,4025,Monday
atm35000353,2975,5080,Monday
atm35000354,5355,5980,Monday
atm35000355,2770,5995,Monday
atm35000356,5775,6470,Monday
atm35000357,4755,4300,Monday
atm35000358,6085,3665,Monday
atm0,0,0,Monday
atm350001,2275,4520,Monday
atm350002,4125,5175,Monday
atm350003,2705,2585,Monday
atm350004,1055,5125,Monday
atm350005,4740,5320,Monday
atm350006,5730,3290,Monday
atm350007,5960,4920,Monday
atm350008,2305,3345,Monday
atm350009,5055,5945,Monday
atm3500010,4390,5435,Monday
atm3500011,4155,4990,Monday
atm3500012,5095,5215,Monday
atm3500013,3680,5490,Monday
atm3500014,2505,5280,Monday
atm3500015,1465,3670,Monday
atm3500016,4030,4275,Monday
atm3500017,5230,4040,Monday
atm3500018,2890,4845,Monday
atm3500019,5265,5205,Monday
atm3500020,2820,3915,Monday
atm3500021,4035,5315,Monday
atm3500022,2135,4355,Monday
atm3500023,4550,4375,Monday
atm3500024,4095,6175,Monday
atm3500025,4520,2885,Monday
atm3500026,6250,4965,Monday
atm3500027,5130,4585,Monday
atm3500028,5055,5400,Monday
atm3500029,3985,4405,Monday
atm3500030,6275,4445,Monday
atm3500031,3045,3200,Monday
atm3500032,5640,5805,Monday
atm3500033,4920,4580,Monday
atm3500034,5840,4875,Monday
atm3500035,2625,3865,Monday
atm3500062,5875,4010,Monday
atm3500063,5935,7025,Monday
atm3500064,2730,4395,Monday
atm3500065,2145,4770,Monday
atm35000230,3800,3825,Monday
atm35000231,4690,5230,Monday
atm35000232,4120,5065,Monday
atm35000233,4880,5185,Monday
atm35000234,4830,6605,Monday
atm35000235,2230,5240,Monday
atm35000236,5165,3865,Monday
atm35000237,5310,4530,Monday
atm35000238,5205,3525,Monday
atm35000239,4070,4135,Monday
atm35000240,4205,5230,Monday
atm35000241,2440,5200,Monday
atm35000242,3120,3355,Monday
atm35000243,2210,3735,Monday
atm35000244,3695,3895,Monday
atm35000245,7485,4680,Monday
atm35000246,3405,4335,Monday
atm35000247,4865,4865,Monday
atm35000248,4815,4120,Monday
atm35000249,2165,3675,Monday
atm35000250,2600,6075,Monday
atm35000251,6265,5045,Monday
atm35000252,4510,6300,Monday
atm35000253,5355,5460,Monday
atm35000254,5405,4180,Monday
atm35000255,3300,7015,Monday
atm35000256,6145,3060,Monday
atm35000257,5020,3310,Monday
atm35000258,7220,3930,Monday
atm35000259,5980,4505,Monday
atm35000260,4400,4830,Monday
atm35000261,5525,3720,Monday
atm35000262,3065,5995,Monday
atm35000263,4320,4400,Monday
atm35000264,3100,4770,Monday
atm3500036,3765,6225,Monday
atm3500037,6150,3875,Monday
atm3500038,4960,2860,Monday
atm3500039,2950,5345,Monday
atm3500040,4365,4425,Monday
atm3500041,4030,4795,Monday
atm3500042,5535,4695,Monday
atm3500043,5125,4005,Monday
atm3500044,1730,7070,Monday
atm3500045,3390,4145,Monday
atm3500046,3980,5270,Monday
atm3500047,6140,5500,Monday
atm3500048,5085,4115,Monday
atm3500049,3490,4745,Monday
atm3500050,5030,4860,Monday
atm3500051,4560,5450,Monday
atm3500052,6100,4510,Monday
atm3500053,3950,4625,Monday
atm3500054,3400,4745,Monday
atm3500055,4535,4580,Monday
atm3500056,5750,4785,Monday
atm3500057,4595,4290,Monday
atm3500058,6300,5115,Monday
atm3500059,3770,7505,Monday
atm3500060,5355,5205,Monday
atm3500061,2925,4685,Monday
atm3500066,2695,4835,Monday
atm3500067,3395,5280,Monday
atm3500068,5440,4580,Monday
atm3500069,1480,5975,Monday
atm3500070,2420,2570,Monday
atm3500071,5745,5860,Monday
atm3500072,6575,4320,Monday
atm3500073,4465,4545,Monday
atm3500074,2070,7135,Monday
atm3500075,2355,6145,Monday
atm3500076,3640,4930,Monday
atm3500077,4075,4320,Monday
atm3500078,4345,5215,Monday
atm3500079,5835,5805,Monday
atm3500080,4245,5340,Monday
atm3500081,4910,7245,Monday
atm3500082,5210,4700,Monday
atm3500083,4995,5410,Monday
atm3500084,5005,5695,Monday
atm3500085,3875,4145,Monday
atm3500086,1865,4980,Monday
atm3500087,6440,5360,Monday
atm3500088,5410,3625,Monday
atm3500089,4970,4015,Monday
atm3500090,4035,6150,Monday
atm3500091,7005,4160,Monday
atm3500092,4875,3570,Monday
atm3500093,4670,5440,Monday
atm3500094,4765,6160,Monday
atm3500095,4315,6960,Monday
atm3500096,5950,5515,Monday
atm3500097,5095,5010,Monday
atm3500098,2310,5020,Monday
atm3500099,3120,4755,Monday
atm35000100,4375,4355,Monday
atm35000101,4390,2860,Monday
atm35000102,6070,6550,Monday
atm35000103,6090,3630,Monday
atm35000104,1905,6440,Monday
atm35000105,3530,3725,Monday
atm35000106,2095,4630,Monday
atm35000107,4315,6415,Monday
atm35000108,4900,3245,Monday
atm35000109,2450,3405,Monday
atm35000110,5625,3950,Monday
atm35000111,3065,4005,Monday
atm35000112,3010,3870,Monday
atm35000113,2000,6010,Monday
atm35000114,3810,4675,Monday
atm35000115,3475,5435,Monday
atm35000116,5070,4260,Monday
atm35000117,2230,5430,Monday
atm35000118,3775,5125,Monday
atm35000119,6370,3775,Monday
atm35000120,5370,3020,Monday
atm35000121,6255,3610,Monday
atm35000122,2825,5580,Monday
atm35000123,2835,5375,Monday
atm35000124,5410,6970,Monday
atm35000125,4255,5925,Monday
atm35000126,4645,5870,Monday
atm35000127,5395,3245,Monday
atm35000128,4960,7160,Monday
atm35000129,2060,3820,Monday
atm35000130,3555,4380,Monday
atm35000131,5685,3020,Monday
atm35000132,5740,3440,Monday
atm35000133,2400,4270,Monday
atm35000134,2100,3845,Monday
atm35000135,5430,4855,Monday
atm35000136,5560,4665,Monday
atm35000137,2400,5920,Monday
atm35000138,3620,6405,Monday
atm35000139,3620,3425,Monday
atm35000140,6960,4745,Monday
atm35000141,5975,4125,Monday
atm35000142,3690,6025,Monday
atm35000143,4690,3595,Monday
atm35000144,2200,3775,Monday
atm35000145,3785,4825,Monday
atm35000146,1890,5470,Monday
atm35000147,3700,3645,Monday
atm35000148,1700,6635,Monday
atm35000149,5055,3250,Monday
atm35000150,5745,5115,Monday
atm35000151,4345,4295,Monday
atm35000152,3840,5310,Monday
atm35000153,4390,4355,Monday
atm35000154,4865,2880,Monday
atm35000155,6340,4865,Monday
atm35000156,2915,6325,Monday
atm35000157,5425,3920,Monday
atm35000158,5865,3275,Monday
atm35000159,5725,5020,Monday
atm35000160,2860,4190,Monday
atm35000161,2365,4475,Monday
atm35000162,2700,4010,Monday
atm35000163,6440,4990,Monday
atm35000164,3010,3905,Monday
atm35000165,4165,4060,Monday
atm35000166,2515,2965,Monday
atm35000167,5845,7405,Monday
atm35000168,4335,6990,Monday
atm35000169,6465,6660,Monday
atm35000170,4005,5765,Monday
atm35000171,5010,4305,Monday
atm35000172,2635,4825,Monday
atm35000173,4515,6100,Monday
atm35000174,5260,4120,Monday
atm35000175,1240,7395,Monday
atm35000176,4245,3070,Monday
atm35000177,1975,4010,Monday
atm35000178,3455,4580,Monday
atm35000179,2215,4500,Monday
atm35000180,5960,5405,Monday
atm35000181,1930,3225,Monday
atm35000182,2565,5860,Monday
atm35000183,6925,4775,Monday
atm35000184,7610,7300,Monday
atm35000185,4235,4530,Monday
atm35000186,7165,2745,Monday
atm35000187,3655,4755,Monday
atm35000188,4775,5395,Monday
atm35000189,3870,3255,Monday
atm35000190,2400,4390,Monday
atm35000191,5150,3485,Monday
atm35000192,5085,5215,Monday
atm35000193,5475,4985,Monday
atm35000194,2775,5300,Monday
atm35000195,5130,5715,Monday
atm35000196,2900,3250,Monday
atm35000197,3150,5595,Monday
atm35000198,4055,5830,Monday
atm35000199,3350,3995,Monday
atm35000200,5815,5430,Monday
atm35000201,1805,4300,Monday
atm35000202,2260,3990,Monday
atm35000203,3980,4325,Monday
atm35000204,3880,5230,Monday
atm35000205,3170,5435,Monday
atm35000206,6355,5695,Monday
atm35000207,3170,3570,Monday
atm35000208,2390,5500,Monday
atm35000209,7830,5400,Monday
atm35000210,5285,6145,Monday
atm35000211,4650,4945,Monday
atm35000212,6650,3105,Monday
atm35000213,2445,4105,Monday
atm35000214,3570,6240,Monday
atm35000215,3345,4925,Monday
atm35000216,1650,4190,Monday
atm35000217,5760,4715,Monday
atm35000218,6180,6740,Monday
atm35000219,5735,5060,Monday
atm35000220,3015,3595,Monday
atm35000221,5230,4950,Monday
atm35000222,3035,6010,Monday
atm35000223,4085,5375,Monday
atm35000224,3645,4130,Monday
atm35000225,2375,4565,Monday
atm35000226,2435,5435,Monday
atm35000227,5290,6315,Monday
atm35000228,4280,3445,Monday
atm35000229,6835,4330,Monday
atm35000265,7060,6675,Monday
atm35000266,5535,5400,Monday
atm35000267,3710,3925,Monday
atm35000268,4430,5040,Monday
atm35000269,5360,5410,Monday
atm35000270,2970,3770,Monday
atm35000271,2380,3255,Monday
atm35000272,5590,5430,Monday
atm35000273,1675,3390,Monday
atm35000274,6010,6455,Monday
atm35000275,4820,5370,Monday
atm35000276,4175,4995,Monday
atm35000277,3830,4435,Monday
atm35000278,3765,7765,Monday
atm35000279,1800,3125,Monday
atm35000280,3375,4405,Monday
atm35000281,2260,5185,Monday
atm35000282,4195,4160,Monday
atm35000283,3260,4560,Monday
atm35000284,3320,6125,Monday
atm35000285,5785,5685,Monday
atm35000286,5930,4010,Monday
atm35000287,2425,6600,Monday
atm35000288,5025,4475,Monday
atm35000289,5320,5460,Monday
atm35000290,5100,4895,Monday
atm35000291,2890,4705,Monday
atm35000292,2645,4850,Monday
atm35000293,6640,4095,Monday
atm35000294,3390,5320,Monday
atm35000295,1955,3675,Monday
atm35000296,4815,4190,Monday
atm35000297,4610,3715,Monday
atm35000298,5555,4810,Monday
atm35000299,2430,3900,Monday
atm35000300,3505,4285,Monday
atm35000301,2925,4215,Monday
atm35000302,3530,5405,Monday
atm35000303,2950,4225,Monday
atm35000304,6145,2745,Monday
atm35000305,2240,3160,Monday
atm35000306,3080,5720,Monday
atm35000307,4035,6460,Monday
atm35000308,5060,5480,Monday
atm35000309,3045,3455,Monday
atm35000310,5875,6180,Monday
atm35000311,2485,5140,Monday
atm35000312,3535,3565,Monday
atm35000313,5110,5000,Monday
atm35000314,3795,5435,Monday
atm35000315,4475,3210,Monday
atm35000316,5035,3820,Monday
atm35000317,4970,6350,Monday
atm35000318,3830,5280,Monday
atm35000319,3070,3750,Monday
atm35000320,4055,5960,Monday
atm35000321,4635,5565,Monday
atm35000322,5600,3505,Monday
atm35000323,3085,3075,Monday
atm35000324,2730,4675,Monday
atm35000325,2750,7200,Monday
atm35000326,4465,6725,Monday
atm35000327,4290,3810,Monday
atm35000328,3325,6590,Monday
atm35000329,4400,6020,Monday
atm35000330,4425,6135,Monday
atm35000331,4395,3725,Monday
atm35000332,4215,5500,Monday
atm35000333,5920,3680,Monday
atm35000334,2825,4745,Monday
atm35000335,5815,3620,Monday
atm35000336,5240,3995,Monday
atm35000337,4030,3800,Monday
atm35000338,1940,5335,Monday
atm35000339,5010,5980,Monday
atm35000340,2705,5170,Monday
atm35000341,4970,3660,Monday
atm35000342,2195,5805,Monday
atm35000343,7250,6200,Monday
atm35000344,1530,5275,Monday
atm35000345,4520,4750,Monday
atm35000346,5845,6195,Monday
atm35000347,2680,6490,Monday
atm35000348,3085,4045,Monday
atm35000349,4385,3960,Monday
atm35000350,4400,6045,Monday
atm35000351,4580,3615,Monday
atm35000352,4755,4655,Monday
atm35000353,6420,5420,Monday
atm35000354,2700,6055,Monday
atm35000355,2775,4400,Monday
atm35000356,5400,5505,Monday
atm35000357,6040,5745,Monday
atm35000358,2275,6060,Monday
atm0,0,0,Monday
atm350001,7325,4725,Monday
atm350002,3095,3875,Monday
atm350003,3955,3795,Monday
atm350004,5065,4010,Monday
atm350005,3560,6205,Monday
atm350006,3915,5530,Monday
atm350007,4615,5430,Monday
atm350008,3975,3530,Monday
atm350009,4530,3890,Monday
atm3500010,5975,5985,Monday
atm3500011,2665,6220,Monday
atm3500012,5835,4015,Monday
atm3500013,3880,4075,Monday
atm3500014,3135,4245,Monday
atm3500015,6185,5985,Monday
atm3500016,5015,4495,Monday
atm3500017,2295,5675,Monday
atm3500018,3085,3100,Monday
atm3500019,3180,5160,Monday
atm3500020,3395,5640,Monday
atm3500021,2145,5165,Monday
atm3500022,3850,5810,Monday
atm3500023,6255,2895,Monday
atm3500024,4375,4740,Monday
atm3500025,5100,5155,Monday
atm3500026,2350,4945,Monday
atm3500027,4600,4075,Monday
atm3500028,4825,4025,Monday
atm3500029,2680,3745,Monday
atm3500030,3355,5285,Monday
atm3500031,1610,5675,Monday
atm3500032,4025,4045,Monday
atm3500033,6670,4360,Monday
atm3500034,4055,3510,Monday
atm3500035,1630,2505,Monday
atm3500062,6725,6355,Monday
atm3500063,5700,3985,Monday
atm3500064,2515,7815,Monday
atm3500065,3695,4360,Monday
atm35000230,5340,2545,Monday
atm35000231,3565,4915,Monday
atm35000232,4955,6090,Monday
atm35000233,4635,3980,Monday
atm35000234,3740,5125,Monday
atm35000235,5510,3770,Monday
atm35000236,2410,5795,Monday
atm35000237,6935,6920,Monday
atm35000238,1920,7270,Monday
atm35000239,5155,3330,Monday
atm35000240,4465,5675,Monday
atm35000241,6085,6440,Monday
atm35000242,4045,4475,Monday
atm35000243,5460,5985,Monday
atm35000244,3920,3595,Monday
atm35000245,2755,5095,Monday
atm35000246,5615,3725,Monday
atm35000247,2815,4180,Monday
atm35000248,4505,4545,Monday
atm35000249,2185,4040,Monday
atm35000250,5330,5770,Monday
atm35000251,4980,5275,Monday
atm35000252,2740,3900,Monday
atm35000253,4520,4150,Monday
atm35000254,2090,3540,Monday
atm35000255,4610,4525,Monday
atm35000256,1630,4185,Monday
atm35000257,3530,3680,Monday
atm35000258,3150,3230,Monday
atm35000259,2000,4220,Monday
atm35000260,3145,3740,Monday
atm35000261,2110,3870,Monday
atm35000262,5535,7070,Monday
atm35000263,5220,5650,Monday
atm35000264,4685,7575,Monday
atm3500036,5050,2880,Monday
atm3500037,2720,4825,Monday
atm3500038,6675,4905,Monday
atm3500039,4970,3345,Monday
atm3500040,1935,5665,Monday
atm3500041,6050,3565,Monday
atm3500042,5950,5210,Monday
atm3500043,3085,3405,Monday
atm3500044,5345,4695,Monday
atm3500045,4685,3235,Monday
atm3500046,2595,4775,Monday
atm3500047,4185,5795,Monday
atm3500048,3875,4105,Monday
atm3500049,4950,5960,Monday
atm3500050,3120,4830,Monday
atm3500051,5595,5905,Monday
atm3500052,2600,3880,Monday
atm3500053,4205,3935,Monday
atm3500054,2285,5585,Monday
atm3500055,6480,4730,Monday
atm3500056,5960,6870,Monday
atm3500057,4855,5460,Monday
atm3500058,1850,5210,Monday
atm3500059,3180,3665,Monday
atm3500060,5155,3475,Monday
atm3500061,5825,6665,Monday
atm3500066,5855,6380,Monday
atm3500067,5785,5635,Monday
atm3500068,3095,5655,Monday
atm3500069,1970,3755,Monday
atm3500070,5785,6485,Monday
atm3500071,3490,4245,Monday
atm3500072,2875,5445,Monday
atm3500073,5820,4770,Monday
atm3500074,5145,3700,Monday
atm3500075,3290,4980,Monday
atm3500076,4545,6655,Monday
atm3500077,3300,3150,Monday
atm3500078,5520,5510,Monday
atm3500079,1425,4755,Monday
atm3500080,5810,4735,Monday
atm3500081,2735,4740,Monday
atm3500082,4885,3685,Monday
atm3500083,4925,4755,Monday
atm3500084,2475,4340,Monday
atm3500085,3910,5385,Monday
atm3500086,3685,3445,Monday
atm3500087,5050,6665,Monday
atm3500088,2495,3535,Monday
atm3500089,4495,2890,Monday
atm3500090,3710,3410,Monday
atm3500091,2435,6400,Monday
atm3500092,6705,5190,Monday
atm3500093,4790,3725,Monday
atm3500094,3475,3360,Monday
atm3500095,5020,3070,Monday
atm3500096,4640,5545,Monday
atm3500097,2935,4280,Monday
atm3500098,3680,7480,Monday
atm3500099,5950,6585,Monday
atm35000100,1825,4165,Monday
atm35000101,3065,4010,Monday
atm35000102,6995,3440,Monday
atm35000103,2895,6710,Monday
atm35000104,4160,6705,Monday
atm35000105,5780,3725,Monday
atm35000106,2770,4845,Monday
atm35000107,4070,4525,Monday
atm35000108,4560,2975,Monday
atm35000109,3140,5785,Monday
atm35000110,4855,4855,Monday
atm35000111,3080,4130,Monday
atm35000112,5515,4560,Monday
atm35000113,4485,7295,Monday
atm35000114,2400,3205,Monday
atm35000115,2775,3430,Monday
atm35000116,1725,3500,Monday
atm35000117,3255,3915,Monday
atm35000118,2745,2755,Monday
atm35000119,5700,3925,Monday
atm35000120,3705,6130,Monday
atm35000121,3570,3375,Monday
atm35000122,3210,5835,Monday
atm35000123,3500,4650,Monday
atm35000124,5410,6265,Monday
atm35000125,3220,5370,Monday
atm35000126,3260,4680,Monday
atm35000127,4335,6065,Monday
atm35000128,3380,4585,Monday
atm35000129,5915,6885,Monday
atm35000130,3100,4755,Monday
atm35000131,5235,4725,Monday
atm35000132,2155,4155,Monday
atm35000133,4825,5125,Monday
atm35000134,3735,5300,Monday
atm35000135,3960,2920,Monday
atm35000136,5950,3440,Monday
atm35000137,4670,5435,Monday
atm35000138,4815,4955,Monday
atm35000139,4130,5305,Monday
atm35000140,5440,1990,Monday
atm35000141,2825,4585,Monday
atm35000142,1445,3290,Monday
atm35000143,4875,3540,Monday
atm35000144,6755,6235,Monday
atm35000145,4870,6765,Monday
atm35000146,4320,5400,Monday
atm35000147,2475,7120,Monday
atm35000148,2705,5205,Monday
atm35000149,3915,2605,Monday
atm35000150,2970,5125,Monday
atm35000151,2410,3335,Monday
atm35000152,5875,5340,Monday
atm35000153,3690,4145,Monday
atm35000154,4645,3790,Monday
atm35000155,5810,4985,Monday
atm35000156,4605,2750,Monday
atm35000157,3830,4615,Monday
atm35000158,1655,5595,Monday
atm35000159,4535,4915,Monday
atm35000160,4055,4030,Monday
atm35000161,3455,3805,Monday
atm35000162,4890,4720,Monday
atm35000163,1935,4460,Monday
atm35000164,5025,2960,Monday
atm35000165,4405,6625,Monday
atm35000166,2265,4605,Monday
atm35000167,5790,6520,Monday
atm35000168,3355,5980,Monday
atm35000169,4530,5860,Monday
atm35000170,2235,5175,Monday
atm35000171,7185,6825,Monday
atm35000172,5195,3310,Monday
atm35000173,3260,4470,Monday
atm35000174,1685,4945,Monday
atm35000175,5575,3685,Monday
atm35000176,2590,4335,Monday
atm35000177,3785,3350,Monday
atm35000178,4300,5525,Monday
atm35000179,4000,4145,Monday
atm35000180,4255,5375,Monday
atm35000181,5465,3505,Monday
atm35000182,5515,4955,Monday
atm35000183,5120,4005,Monday
atm35000184,5410,7385,Monday
atm35000185,4100,4315,Monday
atm35000186,2685,5335,Monday
atm35000187,2870,4200,Monday
atm35000188,4225,5070,Monday
atm35000189,1730,4555,Monday
atm35000190,5925,4630,Monday
atm35000191,3005,3610,Monday
atm35000192,1755,2925,Monday
atm35000193,5975,4710,Monday
atm35000194,5830,5440,Monday
atm35000195,5160,3740,Monday
atm35000196,3640,4950,Monday
atm35000197,2085,5000,Monday
atm35000198,5945,5080,Monday
atm35000199,3760,2470,Monday
atm35000200,7340,4250,Monday
atm35000201,2425,6100,Monday
atm35000202,5220,3760,Monday
atm35000203,5310,3745,Monday
atm35000204,4860,5575,Monday
atm35000205,2915,2855,Monday
atm35000206,6355,5640,Monday
atm35000207,2325,6620,Monday
atm35000208,5365,5515,Monday
atm35000209,4340,4760,Monday
atm35000210,4630,4910,Monday
atm35000211,3545,4935,Monday
atm35000212,3330,4870,Monday
atm35000213,3805,5030,Monday
atm35000214,2795,3980,Monday
atm35000215,6940,3075,Monday
atm35000216,5830,6600,Monday
atm35000217,3500,5375,Monday
atm35000218,3325,4700,Monday
atm35000219,4495,4470,Monday
atm35000220,4755,4910,Monday
atm35000221,2375,5875,Monday
atm35000222,3840,2895,Monday
atm35000223,2600,3280,Monday
atm35000224,4960,2590,Monday
atm35000225,4400,5295,Monday
atm35000226,6255,5750,Monday
atm35000227,6120,5450,Monday
atm35000228,4335,4395,Monday
atm35000229,2125,4620,Monday
atm35000265,5975,4045,Monday
atm35000266,3610,4890,Monday
atm35000267,5515,5270,Monday
atm35000268,4565,6295,Monday
atm35000269,1610,4365,Monday
atm35000270,4750,5770,Monday
atm35000271,3815,6525,Monday
atm35000272,3685,5955,Monday
atm35000273,5850,4980,Monday
atm35000274,7135,6120,Monday
atm35000275,3710,5985,Monday
atm35000276,2650,4010,Monday
atm35000277,5090,6645,Monday
atm35000278,4765,4710,Monday
atm35000279,5605,6455,Monday
atm35000280,4900,3810,Monday
atm35000281,2275,4320,Monday
atm35000282,4900,2315,Monday
atm35000283,2655,4910,Monday
atm35000284,5315,3715,Monday
atm35000285,3695,6315,Monday
atm35000286,4010,5320,Monday
atm35000287,6095,4935,Monday
atm35000288,3935,4530,Monday
atm35000289,1830,5835,Monday
atm35000290,2990,4560,Monday
atm35000291,5535,5690,Monday
atm35000292,2845,5675,Monday
atm35000293,2540,4830,Monday
atm35000294,5210,6675,Monday
atm35000295,6750,4865,Monday
atm35000296,6805,4595,Monday
atm35000297,4660,6435,Monday
atm35000298,3715,4045,Monday
atm35000299,2750,4385,Monday
atm35000300,6055,4230,Monday
atm35000301,5430,7690,Monday
atm35000302,5705,5050,Monday
atm35000303,2105,5705,Monday
atm35000304,5615,5680,Monday
atm35000305,4285,4395,Monday
atm35000306,3790,3920,Monday
atm35000307,4860,6570,Monday
atm35000308,5455,4805,Monday
atm35000309,5230,3520,Monday
atm35000310,4275,3945,Monday
atm35000311,4235,6120,Monday
atm35000312,2435,4745,Monday
atm35000313,3755,6825,Monday
atm35000314,3865,5465,Monday
atm35000315,4915,4840,Monday
atm35000316,3675,3745,Monday
atm35000317,5175,5550,Monday
atm35000318,4885,5835,Monday
atm35000319,4410,4520,Monday
atm35000320,1725,2770,Monday
atm35000321,6300,4775,Monday
atm35000322,2200,3030,Monday
atm35000323,3145,4965,Monday
atm35000324,5165,4315,Monday
atm35000325,2965,4460,Monday
atm35000326,2620,6415,Monday
atm35000327,3285,4540,Monday
atm35000328,3150,3260,Monday
atm35000329,7435,2855,Monday
atm35000330,5410,3290,Monday
atm35000331,3120,4080,Monday
atm35000332,2295,5035,Monday
atm35000333,5755,2310,Monday
atm35000334,5515,5485,Monday
atm35000335,3800,6245,Monday
atm35000336,6865,4150,Monday
atm35000337,5410,3935,Monday
atm35000338,4785,3135,Monday
atm35000339,3850,4930,Monday
atm35000340,6710,5535,Monday
atm35000341,5710,4745,Monday
atm35000342,7385,6365,Monday
atm35000343,7330,4735,Monday
atm35000344,4955,5835,Monday
atm35000345,6130,8275,Monday
atm35000346,1525,4710,Monday
atm35000347,3290,3750,Monday
atm35000348,6770,6200,Monday
atm35000349,6155,6290,Monday
atm35000350,5355,5295,Monday
atm35000351,4030,4640,Monday
atm35000352,3185,3415,Monday
atm35000353,2560,6470,Monday
atm35000354,5710,4940,Monday
atm35000355,2805,5645,Monday
atm35000356,6050,5445,Monday
atm35000357,4900,6565,Monday
atm35000358,3695,3395,Monday
atm0,0,0,Monday
atm350001,3890,6605,Monday
atm350002,5405,6100,Monday
atm350003,4110,6405,Monday
atm350004,2665,3795,Monday
atm350005,3360,6060,Monday
atm350006,1640,4345,Monday
atm350007,3310,4275,Monday
atm350008,3085,4175,Monday
atm350009,5105,5510,Monday
atm3500010,2555,5805,Monday
atm3500011,6075,7650,Monday
atm3500012,4700,5485,Monday
atm3500013,2570,4675,Monday
atm3500014,3560,6140,Monday
atm3500015,4300,4720,Monday
atm3500016,3265,6805,Monday
atm3500017,5955,3595,Monday
atm3500018,6820,6355,Monday
atm3500019,5025,5635,Monday
atm3500020,4685,3510,Monday
atm3500021,6780,7700,Monday
atm3500022,3965,5760,Monday
atm3500023,1920,5265,Monday
atm3500024,5385,5060,Monday
atm3500025,3240,3245,Monday
atm3500026,3230,5095,Monday
atm3500027,3580,5210,Monday
atm3500028,6050,3445,Monday
atm3500029,2970,6630,Monday
atm3500030,4715,4555,Monday
atm3500031,6025,6220,Monday
atm3500032,5715,6920,Monday
atm3500033,4395,4415,Monday
atm3500034,4950,3760,Monday
atm3500035,3420,3780,Monday
atm3500062,4490,6830,Monday
atm3500063,6260,2975,Monday
atm3500064,5090,2300,Monday
atm3500065,5815,4320,Monday
atm35000230,5225,6690,Monday
atm35000231,3525,4485,Monday
atm35000232,3715,6305,Monday
atm35000233,4070,4540,Monday
atm35000234,5595,3465,Monday
atm35000235,2450,5340,Monday
atm35000236,2320,4030,Monday
atm35000237,3795,4360,Monday
atm35000238,2610,4070,Monday
atm35000239,1895,3590,Monday
atm35000240,5630,3405,Monday
atm35000241,3605,5230,Monday
atm35000242,6335,6350,Monday
atm35000243,4525,5140,Monday
atm35000244,5415,5465,Monday
atm35000245,2375,5175,Monday
atm35000246,4450,4370,Monday
atm35000247,4070,5920,Monday
atm35000248,1980,2915,Monday
atm35000249,4940,4095,Monday
atm35000250,5340,4005,Monday
atm35000251,2750,3570,Monday
atm35000252,3225,4170,Monday
atm35000253,4625,6085,Monday
atm35000254,3120,6155,Monday
atm35000255,3705,4090,Monday
atm35000256,3510,6405,Monday
atm35000257,3210,5080,Monday
atm35000258,4935,4210,Monday
atm35000259,3325,4215,Monday
atm35000260,2415,3650,Monday
atm35000261,4995,5390,Monday
atm35000262,3665,5625,Monday
atm35000263,2935,2725,Monday
atm35000264,5800,6830,Monday
atm3500036,4795,3200,Monday
atm3500037,1705,6035,Monday
atm3500038,4245,5990,Monday
atm3500039,3870,4170,Monday
atm3500040,6615,4335,Monday
atm3500041,3020,6000,Monday
atm3500042,5860,4575,Monday
atm3500043,3960,4660,Monday
atm3500044,5645,5165,Monday
atm3500045,3150,4255,Monday
atm3500046,4895,4265,Monday
atm3500047,5215,5475,Monday
atm3500048,3760,5105,Monday
atm3500049,3520,4450,Monday
atm3500050,3195,5545,Monday
atm3500051,5355,3760,Monday
atm3500052,5450,5445,Monday
atm3500053,4095,4415,Monday
atm3500054,4530,4330,Monday
atm3500055,2620,6265,Monday
atm3500056,3925,7090,Monday
atm3500057,3330,4260,Monday
atm3500058,4230,5275,Monday
atm3500059,3780,6600,Monday
atm3500060,3250,3605,Monday
atm3500061,2980,6430,Monday
atm3500066,5195,4555,Monday
atm3500067,5255,4440,Monday
atm3500068,3970,6150,Monday
atm3500069,2145,6620,Monday
atm3500070,4135,5590,Monday
atm3500071,4030,5605,Monday
atm3500072,2270,3275,Monday
atm3500073,3745,4860,Monday
atm3500074,4760,3950,Monday
atm3500075,5320,5300,Monday
atm3500076,3650,5575,Monday
atm3500077,3460,5330,Monday
atm3500078,5780,4260,Monday
atm3500079,5615,5095,Monday
atm3500080,5000,4460,Monday
atm3500081,4730,3365,Monday
atm3500082,3805,5635,Monday
atm3500083,5850,5005,Monday
atm3500084,5530,4795,Monday
atm3500085,3795,4975,Monday
atm3500086,1865,6140,Monday
atm3500087,5685,4885,Monday
atm3500088,6125,6270,Monday
atm3500089,4900,4230,Monday
atm3500090,5500,4885,Monday
atm3500091,2715,5740,Monday
atm3500092,2670,4185,Monday
atm3500093,3780,4215,Monday
atm3500094,2495,3485,Monday
atm3500095,5635,4350,Monday
atm3500096,3055,3415,Monday
atm3500097,2790,4360,Monday
atm3500098,3005,3790,Monday
atm3500099,1955,4070,Monday
atm35000100,3535,5890,Monday
atm35000101,4800,3435,Monday
atm35000102,2835,3850,Monday
atm35000103,4370,5930,Monday
atm35000104,2810,4580,Monday
atm35000105,4010,7625,Monday
atm35000106,5185,3565,Monday
atm35000107,7720,4895,Monday
atm35000108,1995,3760,Monday
atm35000109,2215,4235,Monday
atm35000110,1660,6510,Monday
atm35000111,2610,4175,Monday
atm35000112,6600,2610,Monday
atm35000113,6470,4240,Monday
atm35000114,2675,4945,Monday
atm35000115,2190,5675,Monday
atm35000116,3895,3895,Monday
atm35000117,1710,4670,Monday
atm35000118,4740,2820,Monday
atm35000119,2750,3600,Monday
atm35000120,3960,3045,Monday
atm35000121,5930,4725,Monday
atm35000122,5115,4515,Monday
atm35000123,4670,6070,Monday
atm35000124,6140,4630,Monday
atm35000125,2770,5210,Monday
atm35000126,5545,4055,Monday
atm35000127,2300,7035,Monday
atm35000128,2645,4340,Monday
atm35000129,5665,5875,Monday
atm35000130,3115,3655,Monday
atm35000131,3810,6140,Monday
atm35000132,3550,4015,Monday
atm35000133,2260,6340,Monday
atm35000134,5680,3845,Monday
atm35000135,3330,5015,Monday
atm35000136,4180,5745,Monday
atm35000137,5535,3325,Monday
atm35000138,1945,4930,Monday
atm35000139,5130,4380,Monday
atm35000140,4780,5120,Monday
atm35000141,5100,4570,Monday
atm35000142,4695,4635,Monday
atm35000143,5710,5465,Monday
atm35000144,3695,4190,Monday
atm35000145,2410,5255,Monday
atm35000146,5505,4490,Monday
atm35000147,1735,4995,Monday
atm35000148,6905,4060,Monday
atm35000149,3860,5600,Monday
atm35000150,5580,5165,Monday
atm35000151,6510,3885,Monday
atm35000152,1535,3120,Monday
atm35000153,6880,4735,Monday
atm35000154,3480,5400,Monday
atm35000155,3295,5185,Monday
atm35000156,5295,4645,Monday
atm35000157,2850,5190,Monday
atm35000158,6055,4235,Monday
atm35000159,6000,4300,Monday
atm35000160,5605,3540,Monday
atm35000161,3370,2815,Monday
atm35000162,3110,4800,Monday
atm35000163,4945,4665,Monday
atm35000164,6815,5590,Monday
atm35000165,2850,6000,Monday
atm35000166,6390,5985,Monday
atm35000167,6140,4935,Monday
atm35000168,3280,5360,Monday
atm35000169,2500,4165,Monday
atm35000170,5570,5705,Monday
atm35000171,3385,4080,Monday
atm35000172,3425,3990,Monday
atm35000173,6370,4235,Monday
atm35000174,2785,3535,Monday
atm35000175,4975,5070,Monday
atm35000176,3265,5450,Monday
atm35000177,2600,5945,Monday
atm35000178,5330,5485,Monday
atm35000179,2645,5415,Monday
atm35000180,5455,4005,Monday
atm35000181,5955,5700,Monday
atm35000182,4340,5775,Monday
atm35000183,5785,5065,Monday
atm35000184,4995,4580,Monday
atm35000185,4995,3630,Monday
atm35000186,4150,5170,Monday
atm35000187,6080,4510,Monday
atm35000188,5825,5150,Monday
atm35000189,5775,5070,Monday
atm35000190,5780,6000,Monday
atm35000191,6085,3785,Monday
atm35000192,2510,4115,Monday
atm35000193,4895,5860,Monday
atm35000194,2595,4450,Monday
atm35000195,3795,4745,Monday
atm35000196,4345,3030,Monday
atm35000197,3200,7150,Monday
atm35000198,3710,4475,Monday
atm35000199,2660,5135,Monday
atm35000200,4855,5040,Monday
atm35000201,6490,6115,Monday
atm35000202,5285,3760,Monday
atm35000203,3790,4195,Monday
atm35000204,6710,4225,Monday
atm35000205,2845,3085,Monday
atm35000206,5865,5655,Monday
atm35000207,4545,5585,Monday
atm35000208,4705,3505,Monday
atm35000209,4755,5720,Monday
atm35000210,5685,6495,Monday
atm35000211,6475,6215,Monday
atm35000212,2510,4095,Monday
atm35000213,3355,5140,Monday
atm35000214,5480,4830,Monday
atm35000215,3650,5795,Monday
atm35000216,3805,4045,Monday
atm35000217,2185,5275,Monday
atm35000218,5210,7850,Monday
atm35000219,4775,3040,Monday
atm35000220,4850,4955,Monday
atm35000221,3935,5035,Monday
atm35000222,4505,5735,Monday
atm35000223,3330,4085,Monday
atm35000224,3515,6585,Monday
atm35000225,4750,5300,Monday
atm35000226,4475,4510,Monday
atm35000227,6500,5960,Monday
atm35000228,2110,5250,Monday
atm35000229,4830,4025,Monday
atm35000265,3140,4760,Monday
atm35000266,6205,5080,Monday
atm35000267,5060,3825,Monday
atm35000268,2275,4155,Monday
atm35000269,4135,3590,Monday
atm35000270,4555,6620,Monday
atm35000271,3275,5085,Monday
atm35000272,6525,5565,Monday
atm35000273,3345,6705,Monday
atm35000274,6260,6125,Monday
atm35000275,3295,4595,Monday
atm35000276,4530,6705,Monday
atm35000277,5030,4830,Monday
atm35000278,5425,4340,Monday
atm35000279,2485,5860,Monday
atm35000280,4795,2360,Monday
atm35000281,4655,3650,Monday
atm35000282,5650,5740,Monday
atm35000283,5730,3460,Monday
atm35000284,2940,5275,Monday
atm35000285,6240,5545,Monday
atm35000286,4890,3425,Monday
atm35000287,4170,4685,Monday
atm35000288,5815,3415,Monday
atm35000289,1975,5065,Monday
atm35000290,3925,4955,Monday
atm35000291,2585,5970,Monday
atm35000292,2835,5580,Monday
atm35000293,3440,3290,Monday
atm35000294,2375,4295,Monday
atm35000295,4435,5865,Monday
atm35000296,2570,4495,Monday
atm35000297,4205,6185,Monday
atm35000298,3065,3095,Monday
atm35000299,6050,6280,Monday
atm35000300,1965,5315,Monday
atm35000301,6505,3430,Monday
atm35000302,3125,3940,Monday
atm35000303,4910,3425,Monday
atm35000304,2395,4955,Monday
atm35000305,3655,6635,Monday
atm35000306,4950,4355,Monday
atm35000307,1530,6325,Monday
atm35000308,2105,5960,Monday
atm35000309,6955,6435,Monday
atm35000310,3900,5495,Monday
atm35000311,2885,3945,Monday
atm35000312,5540,6600,Monday
atm35000313,2670,5255,Monday
atm35000314,4740,7065,Monday
atm35000315,2520,3495,Monday
atm35000316,3405,4355,Monday
atm35000317,4550,4620,Monday
atm35000318,6320,3050,Monday
atm35000319,6110,4295,Monday
atm35000320,1990,5125,Monday
atm35000321,1890,5635,Monday
atm35000322,5075,6265,Monday
atm35000323,3300,3340,Monday
atm35000324,4830,5000,Monday
atm35000325,2445,4675,Monday
atm35000326,3660,4470,Monday
atm35000327,5375,3535,Monday
atm35000328,3175,6300,Monday
atm35000329,4945,6645,Monday
atm35000330,4405,4015,Monday
atm35000331,6365,5460,Monday
atm35000332,5685,4950,Monday
atm35000333,4620,5775,Monday
atm35000334,3320,5210,Monday
atm35000335,4245,3315,Monday
atm35000336,5530,2920,Monday
atm35000337,2750,4710,Monday
atm35000338,5620,3135,Monday
atm35000339,4150,5490,Monday
atm35000340,5505,6960,Monday
atm35000341,2865,7785,Monday
atm35000342,5335,6225,Monday
atm35000343,2925,4660,Monday
atm35000344,5890,5245,Monday
atm35000345,6180,5275,Monday
atm35000346,4065,4965,Monday
atm35000347,4220,4650,Monday
atm35000348,1985,5735,Monday
atm35000349,4090,5520,Monday
atm35000350,4265,4920,Monday
atm35000351,2365,3520,Monday
atm35000352,2155,5850,Monday
atm35000353,4050,6505,Monday
atm35000354,5260,4860,Monday
atm35000355,3425,5690,Monday
atm35000356,3285,5510,Monday
atm35000357,2425,5430,Monday
atm35000358,3660,4650,Monday
atm0,0,0,Tuesday
atm350001,0,440,Tuesday
atm350002,315,750,Tuesday
atm350003,1100,720,Tuesday
atm350004,925,855,Tuesday
atm350005,20,1280,Tuesday
atm350006,1225,330,Tuesday
atm350007,530,285,Tuesday
atm350008,355,1110,Tuesday
atm350009,750,985,Tuesday
atm3500010,5145,6170,Tuesday
atm3500011,840,20,Tuesday
atm3500012,530,850,Tuesday
atm3500013,920,385,Tuesday
atm3500014,220,510,Tuesday
atm3500015,1125,1240,Tuesday
atm3500016,1770,1010,Tuesday
atm3500017,0,145,Tuesday
atm3500018,430,765,Tuesday
atm3500019,540,410,Tuesday
atm3500020,0,355,Tuesday
atm3500021,100,665,Tuesday
atm3500022,685,1155,Tuesday
atm3500023,460,1070,Tuesday
atm3500024,925,830,Tuesday
atm3500025,300,845,Tuesday
atm3500026,570,950,Tuesday
atm3500027,160,785,Tuesday
atm3500028,1340,650,Tuesday
atm3500029,1315,1125,Tuesday
atm3500030,1300,800,Tuesday
atm3500031,0,1175,Tuesday
atm3500032,985,175,Tuesday
atm3500033,400,1195,Tuesday
atm3500034,270,1560,Tuesday
atm3500035,50,495,Tuesday
atm3500062,1235,975,Tuesday
atm3500063,1315,245,Tuesday
atm3500064,245,0,Tuesday
atm3500065,50,1470,Tuesday
atm35000230,480,20,Tuesday
atm35000231,570,690,Tuesday
atm35000232,0,60,Tuesday
atm35000233,565,200,Tuesday
atm35000234,680,20,Tuesday
atm35000235,120,725,Tuesday
atm35000236,1020,50,Tuesday
atm35000237,805,1135,Tuesday
atm35000238,35,360,Tuesday
atm35000239,1145,860,Tuesday
atm35000240,280,270,Tuesday
atm35000241,580,160,Tuesday
atm35000242,250,1265,Tuesday
atm35000243,615,860,Tuesday
atm35000244,200,1385,Tuesday
atm35000245,870,640,Tuesday
atm35000246,50,535,Tuesday
atm35000247,1605,1385,Tuesday
atm35000248,600,1020,Tuesday
atm35000249,895,1510,Tuesday
atm35000250,940,840,Tuesday
atm35000251,30,40,Tuesday
atm35000252,35,40,Tuesday
atm35000253,335,815,Tuesday
atm35000254,550,1460,Tuesday
atm35000255,980,1230,Tuesday
atm35000256,150,20,Tuesday
atm35000257,75,20,Tuesday
atm35000258,945,1545,Tuesday
atm35000259,725,615,Tuesday
atm35000260,1265,990,Tuesday
atm35000261,430,810,Tuesday
atm35000262,215,350,Tuesday
atm35000263,770,735,Tuesday
atm35000264,970,5,Tuesday
atm3500036,1210,975,Tuesday
atm3500037,610,0,Tuesday
atm3500038,605,1070,Tuesday
atm3500039,1450,1040,Tuesday
atm3500040,175,1025,Tuesday
atm3500041,10,5,Tuesday
atm3500042,565,1220,Tuesday
atm3500043,50,280,Tuesday
atm3500044,665,75,Tuesday
atm3500045,775,825,Tuesday
atm3500046,1345,1090,Tuesday
atm3500047,0,710,Tuesday
atm3500048,845,20,Tuesday
atm3500049,70,815,Tuesday
atm3500050,400,145,Tuesday
atm3500051,1005,825,Tuesday
atm3500052,0,165,Tuesday
atm3500053,1415,610,Tuesday
atm3500054,1605,800,Tuesday
atm3500055,525,780,Tuesday
atm3500056,4295,5475,Tuesday
atm3500057,220,780,Tuesday
atm3500058,640,355,Tuesday
atm3500059,1215,890,Tuesday
atm3500060,1040,275,Tuesday
atm3500061,1010,620,Tuesday
atm3500066,550,755,Tuesday
atm3500067,755,20,Tuesday
atm3500068,1080,500,Tuesday
atm3500069,530,1215,Tuesday
atm3500070,210,595,Tuesday
atm3500071,900,320,Tuesday
atm3500072,560,20,Tuesday
atm3500073,50,415,Tuesday
atm3500074,390,500,Tuesday
atm3500075,720,660,Tuesday
atm3500076,6425,4740,Tuesday
atm3500077,1250,470,Tuesday
atm3500078,1150,165,Tuesday
atm3500079,10,1505,Tuesday
atm3500080,190,520,Tuesday
atm3500081,150,875,Tuesday
atm3500082,205,545,Tuesday
atm3500083,5015,4650,Tuesday
atm3500084,890,75,Tuesday
atm3500085,770,10,Tuesday
atm3500086,1130,725,Tuesday
atm3500087,7115,6500,Tuesday
atm3500088,340,0,Tuesday
atm3500089,30,35,Tuesday
atm3500090,1055,765,Tuesday
atm3500091,800,775,Tuesday
atm3500092,920,940,Tuesday
atm3500093,1005,570,Tuesday
atm3500094,1230,1460,Tuesday
atm3500095,1310,225,Tuesday
atm3500096,950,50,Tuesday
atm3500097,565,420,Tuesday
atm3500098,1665,530,Tuesday
atm3500099,450,1010,Tuesday
atm35000100,765,1280,Tuesday
atm35000101,220,925,Tuesday
atm35000102,1480,1115,Tuesday
atm35000103,950,0,Tuesday
atm35000104,485,1055,Tuesday
atm35000105,20,130,Tuesday
atm35000106,650,275,Tuesday
atm35000107,0,600,Tuesday
atm35000108,985,385,Tuesday
atm35000109,335,1155,Tuesday
atm35000110,325,5,Tuesday
atm35000111,615,470,Tuesday
atm35000112,815,860,Tuesday
atm35000113,690,340,Tuesday
atm35000114,600,245,Tuesday
atm35000115,1115,0,Tuesday
atm35000116,410,540,Tuesday
atm35000117,845,1230,Tuesday
atm35000118,610,945,Tuesday
atm35000119,430,1030,Tuesday
atm35000120,790,255,Tuesday
atm35000121,485,1240,Tuesday
atm35000122,145,0,Tuesday
atm35000123,400,1070,Tuesday
atm35000124,4595,4740,Tuesday
atm35000125,770,945,Tuesday
atm35000126,375,760,Tuesday
atm35000127,1630,0,Tuesday
atm35000128,20,825,Tuesday
atm35000129,200,1185,Tuesday
atm35000130,680,0,Tuesday
atm35000131,825,355,Tuesday
atm35000132,450,5,Tuesday
atm35000133,170,1310,Tuesday
atm35000134,320,0,Tuesday
atm35000135,735,895,Tuesday
atm35000136,390,200,Tuesday
atm35000137,1230,565,Tuesday
atm35000138,960,555,Tuesday
atm35000139,605,380,Tuesday
atm35000140,870,365,Tuesday
atm35000141,1325,965,Tuesday
atm35000142,935,400,Tuesday
atm35000143,1115,50,Tuesday
atm35000144,1100,1350,Tuesday
atm35000145,0,1620,Tuesday
atm35000146,125,930,Tuesday
atm35000147,620,1130,Tuesday
atm35000148,840,440,Tuesday
atm35000149,840,485,Tuesday
atm35000150,20,1040,Tuesday
atm35000151,320,425,Tuesday
atm35000152,220,125,Tuesday
atm35000153,140,795,Tuesday
atm35000154,800,270,Tuesday
atm35000155,765,625,Tuesday
atm35000156,865,1500,Tuesday
atm35000157,20,335,Tuesday
atm35000158,200,740,Tuesday
atm35000159,975,200,Tuesday
atm35000160,550,690,Tuesday
atm35000161,1070,1175,Tuesday
atm35000162,1035,220,Tuesday
atm35000163,0,960,Tuesday
atm35000164,200,320,Tuesday
atm35000165,540,315,Tuesday
atm35000166,1335,625,Tuesday
atm35000167,5595,7310,Tuesday
atm35000168,4325,5515,Tuesday
atm35000169,220,865,Tuesday
atm35000170,480,1585,Tuesday
atm35000171,75,400,Tuesday
atm35000172,410,740,Tuesday
atm35000173,555,1230,Tuesday
atm35000174,50,475,Tuesday
atm35000175,585,170,Tuesday
atm35000176,1335,200,Tuesday
atm35000177,50,880,Tuesday
atm35000178,750,5,Tuesday
atm35000179,0,100,Tuesday
atm35000180,820,1150,Tuesday
atm35000181,1160,1610,Tuesday
atm35000182,1225,875,Tuesday
atm35000183,1090,975,Tuesday
atm35000184,270,320,Tuesday
atm35000185,1170,295,Tuesday
atm35000186,605,1320,Tuesday
atm35000187,1140,1200,Tuesday
atm35000188,1640,735,Tuesday
atm35000189,840,1155,Tuesday
atm35000190,1955,390,Tuesday
atm35000191,0,1430,Tuesday
atm35000192,110,690,Tuesday
atm35000193,775,475,Tuesday
atm35000194,800,410,Tuesday
atm35000195,210,1075,Tuesday
atm35000196,560,730,Tuesday
atm35000197,910,1185,Tuesday
atm35000198,1030,325,Tuesday
atm35000199,895,0,Tuesday
atm35000200,850,1165,Tuesday
atm35000201,0,520,Tuesday
atm35000202,810,700,Tuesday
atm35000203,945,715,Tuesday
atm35000204,470,1235,Tuesday
atm35000205,675,1305,Tuesday
atm35000206,5440,6005,Tuesday
atm35000207,160,1115,Tuesday
atm35000208,1410,415,Tuesday
atm35000209,855,0,Tuesday
atm35000210,170,1475,Tuesday
atm35000211,20,985,Tuesday
atm35000212,590,760,Tuesday
atm35000213,425,360,Tuesday
atm35000214,735,430,Tuesday
atm35000215,500,685,Tuesday
atm35000216,950,430,Tuesday
atm35000217,1020,1350,Tuesday
atm35000218,775,25,Tuesday
atm35000219,605,1180,Tuesday
atm35000220,1655,690,Tuesday
atm35000221,90,60,Tuesday
atm35000222,245,355,Tuesday
atm35000223,1320,1240,Tuesday
atm35000224,120,20,Tuesday
atm35000225,730,660,Tuesday
atm35000226,845,150,Tuesday
atm35000227,6180,6495,Tuesday
atm35000228,385,100,Tuesday
atm35000229,0,1265,Tuesday
atm35000265,0,50,Tuesday
atm35000266,640,490,Tuesday
atm35000267,1225,290,Tuesday
atm35000268,530,405,Tuesday
atm35000269,595,1000,Tuesday
atm35000270,1015,970,Tuesday
atm35000271,775,1200,Tuesday
atm35000272,4665,6045,Tuesday
atm35000273,490,150,Tuesday
atm35000274,5900,6730,Tuesday
atm35000275,4715,6155,Tuesday
atm35000276,330,180,Tuesday
atm35000277,255,105,Tuesday
atm35000278,340,495,Tuesday
atm35000279,105,500,Tuesday
atm35000280,475,1115,Tuesday
atm35000281,250,815,Tuesday
atm35000282,625,200,Tuesday
atm35000283,250,1175,Tuesday
atm35000284,1015,520,Tuesday
atm35000285,205,845,Tuesday
atm35000286,215,40,Tuesday
atm35000287,1455,15,Tuesday
atm35000288,1160,460,Tuesday
atm35000289,515,880,Tuesday
atm35000290,700,710,Tuesday
atm35000291,555,200,Tuesday
atm35000292,605,825,Tuesday
atm35000293,665,900,Tuesday
atm35000294,300,395,Tuesday
atm35000295,570,620,Tuesday
atm35000296,345,1385,Tuesday
atm35000297,1010,640,Tuesday
atm35000298,1215,810,Tuesday
atm35000299,285,100,Tuesday
atm35000300,0,1005,Tuesday
atm35000301,990,10,Tuesday
atm35000302,435,5,Tuesday
atm35000303,715,60,Tuesday
atm35000304,665,1100,Tuesday
atm35000305,70,1570,Tuesday
atm35000306,0,855,Tuesday
atm35000307,255,710,Tuesday
atm35000308,505,395,Tuesday
atm35000309,1400,650,Tuesday
atm35000310,565,1055,Tuesday
atm35000311,70,1005,Tuesday
atm35000312,805,845,Tuesday
atm35000313,155,425,Tuesday
atm35000314,5020,7345,Tuesday
atm35000315,850,1355,Tuesday
atm35000316,20,985,Tuesday
atm35000317,6355,5145,Tuesday
atm35000318,615,880,Tuesday
atm35000319,40,505,Tuesday
atm35000320,1575,640,Tuesday
atm35000321,120,735,Tuesday
atm35000322,90,270,Tuesday
atm35000323,1330,1430,Tuesday
atm35000324,1130,1040,Tuesday
atm35000325,845,890,Tuesday
atm35000326,210,1205,Tuesday
atm35000327,220,990,Tuesday
atm35000328,0,110,Tuesday
atm35000329,785,305,Tuesday
atm35000330,100,1285,Tuesday
atm35000331,350,1650,Tuesday
atm35000332,290,1255,Tuesday
atm35000333,180,150,Tuesday
atm35000334,105,100,Tuesday
atm35000335,220,725,Tuesday
atm35000336,10,120,Tuesday
atm35000337,1245,20,Tuesday
atm35000338,855,450,Tuesday
atm35000339,5460,6435,Tuesday
atm35000340,585,255,Tuesday
atm35000341,25,5,Tuesday
atm35000342,1725,680,Tuesday
atm35000343,1720,160,Tuesday
atm35000344,645,260,Tuesday
atm35000345,240,825,Tuesday
atm35000346,735,1100,Tuesday
atm35000347,1090,100,Tuesday
atm35000348,1090,1310,Tuesday
atm35000349,1720,490,Tuesday
atm35000350,560,455,Tuesday
atm35000351,385,980,Tuesday
atm35000352,1310,1525,Tuesday
atm35000353,1855,0,Tuesday
atm35000354,280,705,Tuesday
atm35000355,1075,445,Tuesday
atm35000356,7285,5185,Tuesday
atm35000357,520,965,Tuesday
atm35000358,880,555,Tuesday
atm0,0,0,Tuesday
atm350001,985,200,Tuesday
atm350002,930,980,Tuesday
atm350003,780,240,Tuesday
atm350004,200,1125,Tuesday
atm350005,785,0,Tuesday
atm350006,585,375,Tuesday
atm350007,685,635,Tuesday
atm350008,380,330,Tuesday
atm350009,610,805,Tuesday
atm3500010,4815,5965,Tuesday
atm3500011,1515,25,Tuesday
atm3500012,830,1015,Tuesday
atm3500013,360,320,Tuesday
atm3500014,490,0,Tuesday
atm3500015,315,55,Tuesday
atm3500016,225,150,Tuesday
atm3500017,830,730,Tuesday
atm3500018,1280,1880,Tuesday
atm3500019,105,0,Tuesday
atm3500020,805,1000,Tuesday
atm3500021,105,590,Tuesday
atm3500022,855,575,Tuesday
atm3500023,10,260,Tuesday
atm3500024,1620,610,Tuesday
atm3500025,35,35,Tuesday
atm3500026,390,95,Tuesday
atm3500027,345,795,Tuesday
atm3500028,800,940,Tuesday
atm3500029,865,1090,Tuesday
atm3500030,340,835,Tuesday
atm3500031,330,1260,Tuesday
atm3500032,340,0,Tuesday
atm3500033,55,560,Tuesday
atm3500034,735,780,Tuesday
atm3500035,125,1380,Tuesday
atm3500062,790,1015,Tuesday
atm3500063,50,615,Tuesday
atm3500064,1060,595,Tuesday
atm3500065,1260,1045,Tuesday
atm35000230,330,330,Tuesday
atm35000231,515,520,Tuesday
atm35000232,710,650,Tuesday
atm35000233,595,655,Tuesday
atm35000234,440,640,Tuesday
atm35000235,625,10,Tuesday
atm35000236,1175,205,Tuesday
atm35000237,1010,1105,Tuesday
atm35000238,1050,830,Tuesday
atm35000239,515,1000,Tuesday
atm35000240,670,880,Tuesday
atm35000241,270,1000,Tuesday
atm35000242,680,1300,Tuesday
atm35000243,820,665,Tuesday
atm35000244,205,610,Tuesday
atm35000245,1125,405,Tuesday
atm35000246,20,200,Tuesday
atm35000247,415,280,Tuesday
atm35000248,1145,50,Tuesday
atm35000249,225,895,Tuesday
atm35000250,1400,200,Tuesday
atm35000251,1055,735,Tuesday
atm35000252,335,1515,Tuesday
atm35000253,570,20,Tuesday
atm35000254,1010,1010,Tuesday
atm35000255,170,970,Tuesday
atm35000256,350,545,Tuesday
atm35000257,255,0,Tuesday
atm35000258,355,540,Tuesday
atm35000259,1145,0,Tuesday
atm35000260,705,310,Tuesday
atm35000261,675,615,Tuesday
atm35000262,440,20,Tuesday
atm35000263,1230,680,Tuesday
atm35000264,100,355,Tuesday
atm3500036,690,305,Tuesday
atm3500037,560,220,Tuesday
atm3500038,415,565,Tuesday
atm3500039,1610,735,Tuesday
atm3500040,1000,120,Tuesday
atm3500041,1565,915,Tuesday
atm3500042,1260,1410,Tuesday
atm3500043,235,600,Tuesday
atm3500044,510,1140,Tuesday
atm3500045,135,0,Tuesday
atm3500046,475,1185,Tuesday
atm3500047,1025,430,Tuesday
atm3500048,0,220,Tuesday
atm3500049,735,160,Tuesday
atm3500050,1620,400,Tuesday
atm3500051,235,685,Tuesday
atm3500052,470,770,Tuesday
atm3500053,0,430,Tuesday
atm3500054,820,1000,Tuesday
atm3500055,410,715,Tuesday
atm3500056,5750,5390,Tuesday
atm3500057,665,605,Tuesday
atm3500058,590,905,Tuesday
atm3500059,50,375,Tuesday
atm3500060,555,1480,Tuesday
atm3500061,1285,700,Tuesday
atm3500066,0,380,Tuesday
atm3500067,610,650,Tuesday
atm3500068,420,620,Tuesday
atm3500069,1280,1055,Tuesday
atm3500070,690,840,Tuesday
atm3500071,1680,1570,Tuesday
atm3500072,780,1240,Tuesday
atm3500073,0,1285,Tuesday
atm3500074,1105,15,Tuesday
atm3500075,785,5,Tuesday
atm3500076,6005,6360,Tuesday
atm3500077,500,360,Tuesday
atm3500078,0,1365,Tuesday
atm3500079,195,685,Tuesday
atm3500080,595,805,Tuesday
atm3500081,375,250,Tuesday
atm3500082,645,340,Tuesday
atm3500083,4300,5775,Tuesday
atm3500084,770,1165,Tuesday
atm3500085,755,1110,Tuesday
atm3500086,1250,980,Tuesday
atm3500087,4180,6900,Tuesday
atm3500088,200,65,Tuesday
atm3500089,965,755,Tuesday
atm3500090,215,610,Tuesday
atm3500091,545,1325,Tuesday
atm3500092,1000,760,Tuesday
atm3500093,1275,0,Tuesday
atm3500094,460,670,Tuesday
atm3500095,605,200,Tuesday
atm3500096,200,925,Tuesday
atm3500097,475,230,Tuesday
atm3500098,315,360,Tuesday
atm3500099,830,1435,Tuesday
atm35000100,1320,210,Tuesday
atm35000101,1145,745,Tuesday
atm35000102,485,10,Tuesday
atm35000103,0,1005,Tuesday
atm35000104,530,760,Tuesday
atm35000105,885,815,Tuesday
atm35000106,470,695,Tuesday
atm35000107,310,1330,Tuesday
atm35000108,1225,1275,Tuesday
atm35000109,60,995,Tuesday
atm35000110,265,580,Tuesday
atm35000111,1125,1440,Tuesday
atm35000112,5,410,Tuesday
atm35000113,115,1320,Tuesday
atm35000114,200,345,Tuesday
atm35000115,685,1235,Tuesday
atm35000116,1435,890,Tuesday
atm35000117,640,1605,Tuesday
atm35000118,1390,755,Tuesday
atm35000119,930,260,Tuesday
atm35000120,1035,55,Tuesday
atm35000121,805,1120,Tuesday
atm35000122,660,80,Tuesday
atm35000123,1410,875,Tuesday
atm35000124,4980,4420,Tuesday
atm35000125,1245,890,Tuesday
atm35000126,1090,630,Tuesday
atm35000127,1395,350,Tuesday
atm35000128,1655,960,Tuesday
atm35000129,1085,1550,Tuesday
atm35000130,1040,1035,Tuesday
atm35000131,430,135,Tuesday
atm35000132,960,265,Tuesday
atm35000133,1300,1200,Tuesday
atm35000134,645,890,Tuesday
atm35000135,195,1250,Tuesday
atm35000136,1120,880,Tuesday
atm35000137,575,1300,Tuesday
atm35000138,435,765,Tuesday
atm35000139,1230,755,Tuesday
atm35000140,580,100,Tuesday
atm35000141,995,280,Tuesday
atm35000142,315,150,Tuesday
atm35000143,520,230,Tuesday
atm35000144,1185,600,Tuesday
atm35000145,265,330,Tuesday
atm35000146,430,440,Tuesday
atm35000147,0,230,Tuesday
atm35000148,665,1255,Tuesday
atm35000149,785,300,Tuesday
atm35000150,265,1040,Tuesday
atm35000151,670,460,Tuesday
atm35000152,915,155,Tuesday
atm35000153,235,1075,Tuesday
atm35000154,1700,355,Tuesday
atm35000155,815,460,Tuesday
atm35000156,10,0,Tuesday
atm35000157,0,1020,Tuesday
atm35000158,370,1765,Tuesday
atm35000159,1195,1720,Tuesday
atm35000160,670,190,Tuesday
atm35000161,805,1500,Tuesday
atm35000162,830,215,Tuesday
atm35000163,765,1245,Tuesday
atm35000164,670,210,Tuesday
atm35000165,120,270,Tuesday
atm35000166,805,100,Tuesday
atm35000167,5625,5440,Tuesday
atm35000168,5450,7015,Tuesday
atm35000169,150,1195,Tuesday
atm35000170,1665,995,Tuesday
atm35000171,1660,660,Tuesday
atm35000172,235,325,Tuesday
atm35000173,1630,320,Tuesday
atm35000174,865,300,Tuesday
atm35000175,1195,430,Tuesday
atm35000176,20,955,Tuesday
atm35000177,950,705,Tuesday
atm35000178,920,880,Tuesday
atm35000179,320,460,Tuesday
atm35000180,975,425,Tuesday
atm35000181,0,340,Tuesday
atm35000182,1705,200,Tuesday
atm35000183,1460,900,Tuesday
atm35000184,535,1215,Tuesday
atm35000185,220,145,Tuesday
atm35000186,1475,1015,Tuesday
atm35000187,495,410,Tuesday
atm35000188,865,775,Tuesday
atm35000189,625,285,Tuesday
atm35000190,755,140,Tuesday
atm35000191,875,795,Tuesday
atm35000192,935,0,Tuesday
atm35000193,235,1075,Tuesday
atm35000194,510,290,Tuesday
atm35000195,0,1450,Tuesday
atm35000196,1270,395,Tuesday
atm35000197,510,430,Tuesday
atm35000198,1290,20,Tuesday
atm35000199,655,1150,Tuesday
atm35000200,490,220,Tuesday
atm35000201,1025,320,Tuesday
atm35000202,1460,580,Tuesday
atm35000203,620,665,Tuesday
atm35000204,340,1195,Tuesday
atm35000205,1145,1475,Tuesday
atm35000206,3915,6450,Tuesday
atm35000207,630,370,Tuesday
atm35000208,590,970,Tuesday
atm35000209,525,1325,Tuesday
atm35000210,400,500,Tuesday
atm35000211,835,455,Tuesday
atm35000212,470,745,Tuesday
atm35000213,60,930,Tuesday
atm35000214,515,260,Tuesday
atm35000215,840,875,Tuesday
atm35000216,385,265,Tuesday
atm35000217,1000,50,Tuesday
atm35000218,430,620,Tuesday
atm35000219,230,660,Tuesday
atm35000220,410,550,Tuesday
atm35000221,100,210,Tuesday
atm35000222,1030,385,Tuesday
atm35000223,305,620,Tuesday
atm35000224,1255,330,Tuesday
atm35000225,760,410,Tuesday
atm35000226,590,0,Tuesday
atm35000227,6770,6205,Tuesday
atm35000228,1500,1280,Tuesday
atm35000229,45,1180,Tuesday
atm35000265,155,765,Tuesday
atm35000266,530,1405,Tuesday
atm35000267,370,440,Tuesday
atm35000268,0,950,Tuesday
atm35000269,220,1315,Tuesday
atm35000270,1205,500,Tuesday
atm35000271,1135,190,Tuesday
atm35000272,4990,6895,Tuesday
atm35000273,1030,200,Tuesday
atm35000274,5295,7025,Tuesday
atm35000275,4840,5340,Tuesday
atm35000276,755,1840,Tuesday
atm35000277,260,470,Tuesday
atm35000278,210,305,Tuesday
atm35000279,1000,260,Tuesday
atm35000280,110,400,Tuesday
atm35000281,10,405,Tuesday
atm35000282,395,1065,Tuesday
atm35000283,225,130,Tuesday
atm35000284,1560,905,Tuesday
atm35000285,0,955,Tuesday
atm35000286,740,470,Tuesday
atm35000287,1385,0,Tuesday
atm35000288,1120,0,Tuesday
atm35000289,805,1280,Tuesday
atm35000290,995,770,Tuesday
atm35000291,450,655,Tuesday
atm35000292,260,15,Tuesday
atm35000293,20,825,Tuesday
atm35000294,945,695,Tuesday
atm35000295,350,820,Tuesday
atm35000296,945,805,Tuesday
atm35000297,0,320,Tuesday
atm35000298,880,100,Tuesday
atm35000299,845,145,Tuesday
atm35000300,465,385,Tuesday
atm35000301,105,375,Tuesday
atm35000302,745,675,Tuesday
atm35000303,1560,440,Tuesday
atm35000304,425,555,Tuesday
atm35000305,510,875,Tuesday
atm35000306,625,755,Tuesday
atm35000307,10,765,Tuesday
atm35000308,1240,505,Tuesday
atm35000309,460,1195,Tuesday
atm35000310,230,700,Tuesday
atm35000311,730,560,Tuesday
atm35000312,720,1395,Tuesday
atm35000313,0,585,Tuesday
atm35000314,4430,6145,Tuesday
atm35000315,1265,70,Tuesday
atm35000316,605,210,Tuesday
atm35000317,4665,5025,Tuesday
atm35000318,565,100,Tuesday
atm35000319,840,1605,Tuesday
atm35000320,20,680,Tuesday
atm35000321,20,780,Tuesday
atm35000322,1010,695,Tuesday
atm35000323,850,1575,Tuesday
atm35000324,500,920,Tuesday
atm35000325,385,550,Tuesday
atm35000326,360,935,Tuesday
atm35000327,300,210,Tuesday
atm35000328,225,180,Tuesday
atm35000329,810,200,Tuesday
atm35000330,610,30,Tuesday
atm35000331,140,1380,Tuesday
atm35000332,920,805,Tuesday
atm35000333,170,0,Tuesday
atm35000334,620,545,Tuesday
atm35000335,150,300,Tuesday
atm35000336,110,500,Tuesday
atm35000337,105,200,Tuesday
atm35000338,965,330,Tuesday
atm35000339,5785,5385,Tuesday
atm35000340,995,655,Tuesday
atm35000341,1015,710,Tuesday
atm35000342,410,1075,Tuesday
atm35000343,120,1250,Tuesday
atm35000344,470,1030,Tuesday
atm35000345,365,515,Tuesday
atm35000346,520,1065,Tuesday
atm35000347,10,100,Tuesday
atm35000348,100,10,Tuesday
atm35000349,1985,545,Tuesday
atm35000350,1045,940,Tuesday
atm35000351,1610,710,Tuesday
atm35000352,230,1295,Tuesday
atm35000353,15,1015,Tuesday
atm35000354,10,445,Tuesday
atm35000355,10,400,Tuesday
atm35000356,5840,5420,Tuesday
atm35000357,70,1065,Tuesday
atm35000358,880,470,Tuesday
atm0,0,0,Tuesday
atm350001,830,1155,Tuesday
atm350002,280,535,Tuesday
atm350003,280,845,Tuesday
atm350004,480,765,Tuesday
atm350005,1015,835,Tuesday
atm350006,830,515,Tuesday
atm350007,810,350,Tuesday
atm350008,0,0,Tuesday
atm350009,175,0,Tuesday
atm3500010,4220,6170,Tuesday
atm3500011,560,1060,Tuesday
atm3500012,450,330,Tuesday
atm3500013,510,845,Tuesday
atm3500014,1005,1555,Tuesday
atm3500015,640,0,Tuesday
atm3500016,985,80,Tuesday
atm3500017,460,585,Tuesday
atm3500018,720,585,Tuesday
atm3500019,880,725,Tuesday
atm3500020,115,1625,Tuesday
atm3500021,1405,290,Tuesday
atm3500022,260,125,Tuesday
atm3500023,200,1630,Tuesday
atm3500024,630,260,Tuesday
atm3500025,395,120,Tuesday
atm3500026,890,510,Tuesday
atm3500027,40,825,Tuesday
atm3500028,540,700,Tuesday
atm3500029,1180,875,Tuesday
atm3500030,1435,655,Tuesday
atm3500031,740,270,Tuesday
atm3500032,880,555,Tuesday
atm3500033,610,1295,Tuesday
atm3500034,255,125,Tuesday
atm3500035,1240,680,Tuesday
atm3500062,1250,1060,Tuesday
atm3500063,400,405,Tuesday
atm3500064,765,575,Tuesday
atm3500065,520,200,Tuesday
atm35000230,860,725,Tuesday
atm35000231,520,560,Tuesday
atm35000232,390,570,Tuesday
atm35000233,520,35,Tuesday
atm35000234,875,1245,Tuesday
atm35000235,1700,1440,Tuesday
atm35000236,740,10,Tuesday
atm35000237,1515,465,Tuesday
atm35000238,1280,600,Tuesday
atm35000239,1445,565,Tuesday
atm35000240,1120,215,Tuesday
atm35000241,0,970,Tuesday
atm35000242,900,270,Tuesday
atm35000243,765,165,Tuesday
atm35000244,750,425,Tuesday
atm35000245,1775,655,Tuesday
atm35000246,290,110,Tuesday
atm35000247,905,1315,Tuesday
atm35000248,1330,570,Tuesday
atm35000249,70,705,Tuesday
atm35000250,270,795,Tuesday
atm35000251,850,775,Tuesday
atm35000252,910,115,Tuesday
atm35000253,160,10,Tuesday
atm35000254,1240,260,Tuesday
atm35000255,590,500,Tuesday
atm35000256,200,0,Tuesday
atm35000257,0,1020,Tuesday
atm35000258,480,20,Tuesday
atm35000259,1485,1095,Tuesday
atm35000260,200,1210,Tuesday
atm35000261,310,590,Tuesday
atm35000262,190,600,Tuesday
atm35000263,615,890,Tuesday
atm35000264,1105,1325,Tuesday
atm3500036,215,585,Tuesday
atm3500037,785,360,Tuesday
atm3500038,1020,715,Tuesday
atm3500039,995,1245,Tuesday
atm3500040,470,105,Tuesday
atm3500041,330,0,Tuesday
atm3500042,895,1010,Tuesday
atm3500043,375,485,Tuesday
atm3500044,980,675,Tuesday
atm3500045,975,590,Tuesday
atm3500046,1545,5,Tuesday
atm3500047,70,765,Tuesday
atm3500048,1290,1205,Tuesday
atm3500049,250,390,Tuesday
atm3500050,715,1105,Tuesday
atm3500051,310,905,Tuesday
atm3500052,225,810,Tuesday
atm3500053,260,210,Tuesday
atm3500054,715,475,Tuesday
atm3500055,1070,635,Tuesday
atm3500056,6390,6225,Tuesday
atm3500057,475,0,Tuesday
atm3500058,220,0,Tuesday
atm3500059,890,620,Tuesday
atm3500060,1080,565,Tuesday
atm3500061,30,980,Tuesday
atm3500066,430,0,Tuesday
atm3500067,1160,150,Tuesday
atm3500068,120,60,Tuesday
atm3500069,450,630,Tuesday
atm3500070,55,1100,Tuesday
atm3500071,0,875,Tuesday
atm3500072,365,585,Tuesday
atm3500073,1190,1385,Tuesday
atm3500074,1610,1390,Tuesday
atm3500075,130,300,Tuesday
atm3500076,5895,7380,Tuesday
atm3500077,600,1460,Tuesday
atm3500078,670,450,Tuesday
atm3500079,490,815,Tuesday
atm3500080,1110,50,Tuesday
atm3500081,0,220,Tuesday
atm3500082,490,1055,Tuesday
atm3500083,5855,5655,Tuesday
atm3500084,150,420,Tuesday
atm3500085,725,790,Tuesday
atm3500086,930,185,Tuesday
atm3500087,5255,7070,Tuesday
atm3500088,65,435,Tuesday
atm3500089,335,410,Tuesday
atm3500090,70,950,Tuesday
atm3500091,740,1550,Tuesday
atm3500092,965,780,Tuesday
atm3500093,185,665,Tuesday
atm3500094,120,1060,Tuesday
atm3500095,755,460,Tuesday
atm3500096,1430,665,Tuesday
atm3500097,805,10,Tuesday
atm3500098,860,445,Tuesday
atm3500099,540,1435,Tuesday
atm35000100,1205,1050,Tuesday
atm35000101,0,920,Tuesday
atm35000102,710,1530,Tuesday
atm35000103,200,1395,Tuesday
atm35000104,675,260,Tuesday
atm35000105,415,60,Tuesday
atm35000106,0,1010,Tuesday
atm35000107,1200,70,Tuesday
atm35000108,945,350,Tuesday
atm35000109,1105,655,Tuesday
atm35000110,1450,160,Tuesday
atm35000111,535,1210,Tuesday
atm35000112,20,1140,Tuesday
atm35000113,410,370,Tuesday
atm35000114,940,1025,Tuesday
atm35000115,650,985,Tuesday
atm35000116,20,515,Tuesday
atm35000117,1130,730,Tuesday
atm35000118,450,1730,Tuesday
atm35000119,375,1135,Tuesday
atm35000120,400,1005,Tuesday
atm35000121,340,370,Tuesday
atm35000122,1010,570,Tuesday
atm35000123,325,260,Tuesday
atm35000124,5070,6170,Tuesday
atm35000125,1115,1745,Tuesday
atm35000126,45,1180,Tuesday
atm35000127,735,1480,Tuesday
atm35000128,265,575,Tuesday
atm35000129,1085,320,Tuesday
atm35000130,905,445,Tuesday
atm35000131,800,1380,Tuesday
atm35000132,60,850,Tuesday
atm35000133,720,710,Tuesday
atm35000134,205,825,Tuesday
atm35000135,625,855,Tuesday
atm35000136,0,0,Tuesday
atm35000137,720,0,Tuesday
atm35000138,1315,310,Tuesday
atm35000139,1005,1405,Tuesday
atm35000140,30,690,Tuesday
atm35000141,260,300,Tuesday
atm35000142,300,1355,Tuesday
atm35000143,1360,200,Tuesday
atm35000144,0,670,Tuesday
atm35000145,785,0,Tuesday
atm35000146,225,0,Tuesday
atm35000147,835,780,Tuesday
atm35000148,155,1195,Tuesday
atm35000149,50,1110,Tuesday
atm35000150,0,20,Tuesday
atm35000151,50,475,Tuesday
atm35000152,100,1235,Tuesday
atm35000153,975,210,Tuesday
atm35000154,100,0,Tuesday
atm35000155,50,65,Tuesday
atm35000156,1110,1280,Tuesday
atm35000157,185,735,Tuesday
atm35000158,770,360,Tuesday
atm35000159,860,200,Tuesday
atm35000160,235,470,Tuesday
atm35000161,600,1545,Tuesday
atm35000162,570,105,Tuesday
atm35000163,855,1705,Tuesday
atm35000164,90,115,Tuesday
atm35000165,780,330,Tuesday
atm35000166,1100,1370,Tuesday
atm35000167,4445,5695,Tuesday
atm35000168,5400,4825,Tuesday
atm35000169,480,1850,Tuesday
atm35000170,1810,120,Tuesday
atm35000171,55,705,Tuesday
atm35000172,1735,30,Tuesday
atm35000173,185,775,Tuesday
atm35000174,100,0,Tuesday
atm35000175,0,1100,Tuesday
atm35000176,255,60,Tuesday
atm35000177,720,525,Tuesday
atm35000178,1360,0,Tuesday
atm35000179,340,485,Tuesday
atm35000180,0,580,Tuesday
atm35000181,1165,1050,Tuesday
atm35000182,590,860,Tuesday
atm35000183,1445,620,Tuesday
atm35000184,0,85,Tuesday
atm35000185,20,700,Tuesday
atm35000186,1320,765,Tuesday
atm35000187,890,380,Tuesday
atm35000188,315,960,Tuesday
atm35000189,1355,340,Tuesday
atm35000190,0,270,Tuesday
atm35000191,700,220,Tuesday
atm35000192,30,210,Tuesday
atm35000193,100,0,Tuesday
atm35000194,915,260,Tuesday
atm35000195,500,910,Tuesday
atm35000196,1180,550,Tuesday
atm35000197,930,800,Tuesday
atm35000198,1190,75,Tuesday
atm35000199,570,605,Tuesday
atm35000200,260,535,Tuesday
atm35000201,0,790,Tuesday
atm35000202,305,610,Tuesday
atm35000203,1330,50,Tuesday
atm35000204,1155,200,Tuesday
atm35000205,510,715,Tuesday
atm35000206,3805,6445,Tuesday
atm35000207,10,230,Tuesday
atm35000208,160,150,Tuesday
atm35000209,370,395,Tuesday
atm35000210,65,1485,Tuesday
atm35000211,1135,170,Tuesday
atm35000212,940,50,Tuesday
atm35000213,245,210,Tuesday
atm35000214,1310,925,Tuesday
atm35000215,1035,400,Tuesday
atm35000216,25,1370,Tuesday
atm35000217,845,335,Tuesday
atm35000218,990,745,Tuesday
atm35000219,535,850,Tuesday
atm35000220,60,200,Tuesday
atm35000221,600,1015,Tuesday
atm35000222,185,555,Tuesday
atm35000223,665,200,Tuesday
atm35000224,235,630,Tuesday
atm35000225,425,395,Tuesday
atm35000226,270,740,Tuesday
atm35000227,4455,5370,Tuesday
atm35000228,0,285,Tuesday
atm35000229,1255,925,Tuesday
atm35000265,0,705,Tuesday
atm35000266,860,210,Tuesday
atm35000267,730,320,Tuesday
atm35000268,345,80,Tuesday
atm35000269,1190,1140,Tuesday
atm35000270,175,1060,Tuesday
atm35000271,650,275,Tuesday
atm35000272,6025,7505,Tuesday
atm35000273,720,490,Tuesday
atm35000274,5210,4800,Tuesday
atm35000275,5880,6380,Tuesday
atm35000276,845,695,Tuesday
atm35000277,925,1685,Tuesday
atm35000278,80,835,Tuesday
atm35000279,110,110,Tuesday
atm35000280,1260,55,Tuesday
atm35000281,1305,250,Tuesday
atm35000282,300,385,Tuesday
atm35000283,635,450,Tuesday
atm35000284,970,605,Tuesday
atm35000285,695,700,Tuesday
atm35000286,550,420,Tuesday
atm35000287,470,2370,Tuesday
atm35000288,210,280,Tuesday
atm35000289,450,1250,Tuesday
atm35000290,1335,325,Tuesday
atm35000291,365,890,Tuesday
atm35000292,110,120,Tuesday
atm35000293,30,1155,Tuesday
atm35000294,375,0,Tuesday
atm35000295,205,20,Tuesday
atm35000296,195,125,Tuesday
atm35000297,800,355,Tuesday
atm35000298,250,440,Tuesday
atm35000299,195,50,Tuesday
atm35000300,470,790,Tuesday
atm35000301,0,670,Tuesday
atm35000302,20,325,Tuesday
atm35000303,235,1135,Tuesday
atm35000304,320,650,Tuesday
atm35000305,1500,1195,Tuesday
atm35000306,430,0,Tuesday
atm35000307,605,700,Tuesday
atm35000308,645,375,Tuesday
atm35000309,1205,285,Tuesday
atm35000310,370,830,Tuesday
atm35000311,860,540,Tuesday
atm35000312,625,970,Tuesday
atm35000313,815,480,Tuesday
atm35000314,4535,5970,Tuesday
atm35000315,865,670,Tuesday
atm35000316,790,1345,Tuesday
atm35000317,5340,4980,Tuesday
atm35000318,740,1315,Tuesday
atm35000319,720,360,Tuesday
atm35000320,530,390,Tuesday
atm35000321,1390,325,Tuesday
atm35000322,1260,585,Tuesday
atm35000323,425,360,Tuesday
atm35000324,20,665,Tuesday
atm35000325,810,100,Tuesday
atm35000326,420,1080,Tuesday
atm35000327,790,525,Tuesday
atm35000328,330,190,Tuesday
atm35000329,765,500,Tuesday
atm35000330,30,1190,Tuesday
atm35000331,390,440,Tuesday
atm35000332,420,170,Tuesday
atm35000333,1100,475,Tuesday
atm35000334,1365,285,Tuesday
atm35000335,420,1050,Tuesday
atm35000336,1155,445,Tuesday
atm35000337,120,110,Tuesday
atm35000338,1490,200,Tuesday
atm35000339,5330,4755,Tuesday
atm35000340,1605,195,Tuesday
atm35000341,280,270,Tuesday
atm35000342,215,1405,Tuesday
atm35000343,440,220,Tuesday
atm35000344,220,1030,Tuesday
atm35000345,1245,495,Tuesday
atm35000346,585,1345,Tuesday
atm35000347,990,460,Tuesday
atm35000348,460,1490,Tuesday
atm35000349,1100,400,Tuesday
atm35000350,460,5,Tuesday
atm35000351,1495,30,Tuesday
atm35000352,20,905,Tuesday
atm35000353,1130,5,Tuesday
atm35000354,1305,1225,Tuesday
atm35000355,425,615,Tuesday
atm35000356,6870,4865,Tuesday
atm35000357,625,1080,Tuesday
atm35000358,1260,1110,Tuesday
atm0,0,0,Tuesday
atm350001,45,415,Tuesday
atm350002,715,435,Tuesday
atm350003,1420,700,Tuesday
atm350004,20,365,Tuesday
atm350005,220,1450,Tuesday
atm350006,1265,890,Tuesday
atm350007,1105,850,Tuesday
atm350008,1150,610,Tuesday
atm350009,1020,660,Tuesday
atm3500010,5830,6445,Tuesday
atm3500011,285,860,Tuesday
atm3500012,380,1660,Tuesday
atm3500013,385,270,Tuesday
atm3500014,785,1190,Tuesday
atm3500015,0,40,Tuesday
atm3500016,615,200,Tuesday
atm3500017,20,845,Tuesday
atm3500018,1440,245,Tuesday
atm3500019,1020,660,Tuesday
atm3500020,590,50,Tuesday
atm3500021,250,100,Tuesday
atm3500022,200,645,Tuesday
atm3500023,1305,470,Tuesday
atm3500024,850,485,Tuesday
atm3500025,400,315,Tuesday
atm3500026,965,1000,Tuesday
atm3500027,1510,210,Tuesday
atm3500028,265,830,Tuesday
atm3500029,1015,560,Tuesday
atm3500030,220,1405,Tuesday
atm3500031,265,955,Tuesday
atm3500032,625,460,Tuesday
atm3500033,160,540,Tuesday
atm3500034,1265,200,Tuesday
atm3500035,1005,970,Tuesday
atm3500062,1210,950,Tuesday
atm3500063,1585,85,Tuesday
atm3500064,1330,0,Tuesday
atm3500065,215,2680,Tuesday
atm35000230,450,790,Tuesday
atm35000231,775,360,Tuesday
atm35000232,1490,920,Tuesday
atm35000233,1045,270,Tuesday
atm35000234,515,555,Tuesday
atm35000235,5,1130,Tuesday
atm35000236,290,150,Tuesday
atm35000237,965,580,Tuesday
atm35000238,65,410,Tuesday
atm35000239,665,620,Tuesday
atm35000240,445,840,Tuesday
atm35000241,545,525,Tuesday
atm35000242,620,0,Tuesday
atm35000243,485,220,Tuesday
atm35000244,1505,1075,Tuesday
atm35000245,1170,105,Tuesday
atm35000246,1180,620,Tuesday
atm35000247,1065,975,Tuesday
atm35000248,765,1265,Tuesday
atm35000249,1390,910,Tuesday
atm35000250,310,935,Tuesday
atm35000251,180,0,Tuesday
atm35000252,700,425,Tuesday
atm35000253,0,730,Tuesday
atm35000254,885,445,Tuesday
atm35000255,50,405,Tuesday
atm35000256,360,1665,Tuesday
atm35000257,1235,1035,Tuesday
atm35000258,1690,70,Tuesday
atm35000259,780,1110,Tuesday
atm35000260,495,625,Tuesday
atm35000261,405,325,Tuesday
atm35000262,225,1040,Tuesday
atm35000263,715,565,Tuesday
atm35000264,210,480,Tuesday
atm3500036,10,1095,Tuesday
atm3500037,740,495,Tuesday
atm3500038,200,1200,Tuesday
atm3500039,985,395,Tuesday
atm3500040,1360,725,Tuesday
atm3500041,1740,10,Tuesday
atm3500042,1675,275,Tuesday
atm3500043,220,400,Tuesday
atm3500044,605,1155,Tuesday
atm3500045,875,1045,Tuesday
atm3500046,550,860,Tuesday
atm3500047,575,65,Tuesday
atm3500048,15,70,Tuesday
atm3500049,1155,550,Tuesday
atm3500050,1145,735,Tuesday
atm3500051,1025,1260,Tuesday
atm3500052,60,495,Tuesday
atm3500053,895,105,Tuesday
atm3500054,350,105,Tuesday
atm3500055,1005,775,Tuesday
atm3500056,4515,5935,Tuesday
atm3500057,780,150,Tuesday
atm3500058,875,105,Tuesday
atm3500059,425,1270,Tuesday
atm3500060,800,1205,Tuesday
atm3500061,800,1100,Tuesday
atm3500066,1105,430,Tuesday
atm3500067,555,685,Tuesday
atm3500068,15,1645,Tuesday
atm3500069,820,535,Tuesday
atm3500070,680,0,Tuesday
atm3500071,940,0,Tuesday
atm3500072,895,1265,Tuesday
atm3500073,0,950,Tuesday
atm3500074,275,20,Tuesday
atm3500075,830,465,Tuesday
atm3500076,5185,5990,Tuesday
atm3500077,1195,945,Tuesday
atm3500078,1335,900,Tuesday
atm3500079,480,430,Tuesday
atm3500080,985,1080,Tuesday
atm3500081,0,915,Tuesday
atm3500082,60,70,Tuesday
atm3500083,5845,4855,Tuesday
atm3500084,1485,680,Tuesday
atm3500085,730,955,Tuesday
atm3500086,910,740,Tuesday
atm3500087,3835,5240,Tuesday
atm3500088,620,0,Tuesday
atm3500089,0,1740,Tuesday
atm3500090,760,815,Tuesday
atm3500091,560,700,Tuesday
atm3500092,165,1195,Tuesday
atm3500093,910,200,Tuesday
atm3500094,420,710,Tuesday
atm3500095,75,365,Tuesday
atm3500096,785,555,Tuesday
atm3500097,1050,1380,Tuesday
atm3500098,605,785,Tuesday
atm3500099,940,425,Tuesday
atm35000100,1215,450,Tuesday
atm35000101,695,930,Tuesday
atm35000102,1235,550,Tuesday
atm35000103,1020,745,Tuesday
atm35000104,1390,705,Tuesday
atm35000105,710,525,Tuesday
atm35000106,850,910,Tuesday
atm35000107,1120,50,Tuesday
atm35000108,1425,905,Tuesday
atm35000109,655,775,Tuesday
atm35000110,320,420,Tuesday
atm35000111,1335,400,Tuesday
atm35000112,1145,100,Tuesday
atm35000113,1045,480,Tuesday
atm35000114,140,1030,Tuesday
atm35000115,315,750,Tuesday
atm35000116,850,1810,Tuesday
atm35000117,1040,800,Tuesday
atm35000118,340,545,Tuesday
atm35000119,0,1035,Tuesday
atm35000120,410,110,Tuesday
atm35000121,950,515,Tuesday
atm35000122,790,480,Tuesday
atm35000123,160,585,Tuesday
atm35000124,3780,6825,Tuesday
atm35000125,65,455,Tuesday
atm35000126,520,1365,Tuesday
atm35000127,50,50,Tuesday
atm35000128,0,515,Tuesday
atm35000129,120,140,Tuesday
atm35000130,0,1105,Tuesday
atm35000131,395,840,Tuesday
atm35000132,890,1030,Tuesday
atm35000133,450,1575,Tuesday
atm35000134,220,910,Tuesday
atm35000135,255,505,Tuesday
atm35000136,620,30,Tuesday
atm35000137,390,0,Tuesday
atm35000138,780,1290,Tuesday
atm35000139,15,1265,Tuesday
atm35000140,1080,525,Tuesday
atm35000141,385,300,Tuesday
atm35000142,1205,1215,Tuesday
atm35000143,1270,450,Tuesday
atm35000144,625,20,Tuesday
atm35000145,1240,1240,Tuesday
atm35000146,205,0,Tuesday
atm35000147,715,1410,Tuesday
atm35000148,685,815,Tuesday
atm35000149,285,760,Tuesday
atm35000150,315,960,Tuesday
atm35000151,310,1110,Tuesday
atm35000152,345,565,Tuesday
atm35000153,605,685,Tuesday
atm35000154,760,165,Tuesday
atm35000155,1570,675,Tuesday
atm35000156,720,15,Tuesday
atm35000157,395,200,Tuesday
atm35000158,585,0,Tuesday
atm35000159,815,1175,Tuesday
atm35000160,545,1225,Tuesday
atm35000161,350,915,Tuesday
atm35000162,755,650,Tuesday
atm35000163,415,310,Tuesday
atm35000164,865,690,Tuesday
atm35000165,735,1255,Tuesday
atm35000166,450,50,Tuesday
atm35000167,5730,5145,Tuesday
atm35000168,4995,5810,Tuesday
atm35000169,225,1345,Tuesday
atm35000170,490,540,Tuesday
atm35000171,1075,580,Tuesday
atm35000172,595,350,Tuesday
atm35000173,0,270,Tuesday
atm35000174,1415,865,Tuesday
atm35000175,60,1360,Tuesday
atm35000176,650,475,Tuesday
atm35000177,30,1910,Tuesday
atm35000178,1265,440,Tuesday
atm35000179,1290,490,Tuesday
atm35000180,0,225,Tuesday
atm35000181,1560,100,Tuesday
atm35000182,50,985,Tuesday
atm35000183,0,120,Tuesday
atm35000184,620,110,Tuesday
atm35000185,495,1135,Tuesday
atm35000186,1550,1435,Tuesday
atm35000187,635,680,Tuesday
atm35000188,945,1145,Tuesday
atm35000189,75,10,Tuesday
atm35000190,780,630,Tuesday
atm35000191,845,1050,Tuesday
atm35000192,1105,440,Tuesday
atm35000193,255,1320,Tuesday
atm35000194,730,235,Tuesday
atm35000195,240,360,Tuesday
atm35000196,245,580,Tuesday
atm35000197,0,925,Tuesday
atm35000198,1035,0,Tuesday
atm35000199,630,765,Tuesday
atm35000200,1165,955,Tuesday
atm35000201,1050,1480,Tuesday
atm35000202,950,410,Tuesday
atm35000203,490,1100,Tuesday
atm35000204,200,500,Tuesday
atm35000205,365,840,Tuesday
atm35000206,3890,5250,Tuesday
atm35000207,10,1370,Tuesday
atm35000208,695,245,Tuesday
atm35000209,1075,480,Tuesday
atm35000210,1560,230,Tuesday
atm35000211,940,220,Tuesday
atm35000212,255,1375,Tuesday
atm35000213,740,595,Tuesday
atm35000214,1165,155,Tuesday
atm35000215,140,1190,Tuesday
atm35000216,55,680,Tuesday
atm35000217,250,405,Tuesday
atm35000218,0,525,Tuesday
atm35000219,1145,1635,Tuesday
atm35000220,440,970,Tuesday
atm35000221,905,610,Tuesday
atm35000222,200,170,Tuesday
atm35000223,230,1290,Tuesday
atm35000224,875,675,Tuesday
atm35000225,845,1005,Tuesday
atm35000226,1250,720,Tuesday
atm35000227,6725,4735,Tuesday
atm35000228,860,955,Tuesday
atm35000229,845,475,Tuesday
atm35000265,1240,440,Tuesday
atm35000266,1135,1540,Tuesday
atm35000267,1325,1155,Tuesday
atm35000268,1070,240,Tuesday
atm35000269,1760,360,Tuesday
atm35000270,935,1080,Tuesday
atm35000271,0,705,Tuesday
atm35000272,5380,7620,Tuesday
atm35000273,935,1065,Tuesday
atm35000274,5570,6070,Tuesday
atm35000275,5750,5955,Tuesday
atm35000276,310,135,Tuesday
atm35000277,10,880,Tuesday
atm35000278,300,1255,Tuesday
atm35000279,275,620,Tuesday
atm35000280,1205,125,Tuesday
atm35000281,1075,1680,Tuesday
atm35000282,710,1325,Tuesday
atm35000283,920,1715,Tuesday
atm35000284,300,900,Tuesday
atm35000285,0,690,Tuesday
atm35000286,825,1105,Tuesday
atm35000287,65,1000,Tuesday
atm35000288,220,935,Tuesday
atm35000289,435,865,Tuesday
atm35000290,1020,395,Tuesday
atm35000291,700,30,Tuesday
atm35000292,595,1125,Tuesday
atm35000293,430,1230,Tuesday
atm35000294,685,955,Tuesday
atm35000295,1150,1135,Tuesday
atm35000296,545,1305,Tuesday
atm35000297,915,200,Tuesday
atm35000298,860,1095,Tuesday
atm35000299,925,810,Tuesday
atm35000300,210,0,Tuesday
atm35000301,710,130,Tuesday
atm35000302,1155,325,Tuesday
atm35000303,780,785,Tuesday
atm35000304,640,120,Tuesday
atm35000305,665,420,Tuesday
atm35000306,100,1215,Tuesday
atm35000307,1000,1270,Tuesday
atm35000308,40,205,Tuesday
atm35000309,1180,850,Tuesday
atm35000310,845,745,Tuesday
atm35000311,840,215,Tuesday
atm35000312,55,455,Tuesday
atm35000313,260,300,Tuesday
atm35000314,4160,5830,Tuesday
atm35000315,805,950,Tuesday
atm35000316,340,680,Tuesday
atm35000317,5830,4670,Tuesday
atm35000318,355,1265,Tuesday
atm35000319,665,1415,Tuesday
atm35000320,715,1090,Tuesday
atm35000321,135,175,Tuesday
atm35000322,610,1720,Tuesday
atm35000323,1085,450,Tuesday
atm35000324,540,0,Tuesday
atm35000325,665,700,Tuesday
atm35000326,750,1435,Tuesday
atm35000327,955,835,Tuesday
atm35000328,905,1390,Tuesday
atm35000329,0,0,Tuesday
atm35000330,70,385,Tuesday
atm35000331,870,670,Tuesday
atm35000332,200,350,Tuesday
atm35000333,680,365,Tuesday
atm35000334,715,430,Tuesday
atm35000335,155,935,Tuesday
atm35000336,105,1035,Tuesday
atm35000337,465,870,Tuesday
atm35000338,825,785,Tuesday
atm35000339,4400,6675,Tuesday
atm35000340,1150,615,Tuesday
atm35000341,490,1415,Tuesday
atm35000342,1085,210,Tuesday
atm35000343,965,585,Tuesday
atm35000344,1720,725,Tuesday
atm35000345,650,645,Tuesday
atm35000346,1280,10,Tuesday
atm35000347,825,820,Tuesday
atm35000348,695,355,Tuesday
atm35000349,260,2065,Tuesday
atm35000350,0,110,Tuesday
atm35000351,400,200,Tuesday
atm35000352,1285,1655,Tuesday
atm35000353,900,275,Tuesday
atm35000354,320,1595,Tuesday
atm35000355,990,445,Tuesday
atm35000356,5305,6220,Tuesday
atm35000357,410,380,Tuesday
atm35000358,980,505,Tuesday
atm0,0,0,Tuesday
atm350001,4540,3905,Tuesday
atm350002,3640,4335,Tuesday
atm350003,2055,5440,Tuesday
atm350004,4235,2960,Tuesday
atm350005,4610,6940,Tuesday
atm350006,5625,5540,Tuesday
atm350007,3890,4690,Tuesday
atm350008,3205,2990,Tuesday
atm350009,5735,4865,Tuesday
atm3500010,5680,4605,Tuesday
atm3500011,6845,6765,Tuesday
atm3500012,1875,4110,Tuesday
atm3500013,3790,5380,Tuesday
atm3500014,1985,5745,Tuesday
atm3500015,2375,5815,Tuesday
atm3500016,4805,6890,Tuesday
atm3500017,4710,3890,Tuesday
atm3500018,5780,4025,Tuesday
atm3500019,3355,4060,Tuesday
atm3500020,5010,3825,Tuesday
atm3500021,5900,3555,Tuesday
atm3500022,1775,5195,Tuesday
atm3500023,5825,6305,Tuesday
atm3500024,5050,7290,Tuesday
atm3500025,4815,5950,Tuesday
atm3500026,2855,5880,Tuesday
atm3500027,4560,5110,Tuesday
atm3500028,2060,5210,Tuesday
atm3500029,5555,6185,Tuesday
atm3500030,3420,5260,Tuesday
atm3500031,4820,3230,Tuesday
atm3500032,6365,3945,Tuesday
atm3500033,3850,4715,Tuesday
atm3500034,4665,2665,Tuesday
atm3500035,4905,5280,Tuesday
atm3500062,3845,6080,Tuesday
atm3500063,4350,3845,Tuesday
atm3500064,2080,3830,Tuesday
atm3500065,6310,3325,Tuesday
atm35000230,3570,6780,Tuesday
atm35000231,3875,4700,Tuesday
atm35000232,6510,5135,Tuesday
atm35000233,2740,5355,Tuesday
atm35000234,3950,4335,Tuesday
atm35000235,6430,2690,Tuesday
atm35000236,5615,5610,Tuesday
atm35000237,3455,3870,Tuesday
atm35000238,5720,3505,Tuesday
atm35000239,6330,4750,Tuesday
atm35000240,4845,4385,Tuesday
atm35000241,5575,5570,Tuesday
atm35000242,3990,3420,Tuesday
atm35000243,3980,4600,Tuesday
atm35000244,2345,3085,Tuesday
atm35000245,4295,6325,Tuesday
atm35000246,5125,3725,Tuesday
atm35000247,4840,5240,Tuesday
atm35000248,4170,4655,Tuesday
atm35000249,6960,3395,Tuesday
atm35000250,1955,3285,Tuesday
atm35000251,2055,5200,Tuesday
atm35000252,5455,6495,Tuesday
atm35000253,5830,6315,Tuesday
atm35000254,2260,3125,Tuesday
atm35000255,5340,4390,Tuesday
atm35000256,2080,4605,Tuesday
atm35000257,4790,3985,Tuesday
atm35000258,5920,5705,Tuesday
atm35000259,4360,4635,Tuesday
atm35000260,3130,4020,Tuesday
atm35000261,3325,4875,Tuesday
atm35000262,5190,4035,Tuesday
atm35000263,4770,5450,Tuesday
atm35000264,5515,5300,Tuesday
atm3500036,3015,4855,Tuesday
atm3500037,4870,4975,Tuesday
atm3500038,5030,4555,Tuesday
atm3500039,3085,3160,Tuesday
atm3500040,2715,5540,Tuesday
atm3500041,4160,5625,Tuesday
atm3500042,4245,9710,Tuesday
atm3500043,1840,2840,Tuesday
atm3500044,2320,2590,Tuesday
atm3500045,6695,3550,Tuesday
atm3500046,2810,4035,Tuesday
atm3500047,2510,4915,Tuesday
atm3500048,4975,6960,Tuesday
atm3500049,4915,5395,Tuesday
atm3500050,3790,3620,Tuesday
atm3500051,1795,5580,Tuesday
atm3500052,4165,4630,Tuesday
atm3500053,6440,5875,Tuesday
atm3500054,3590,5430,Tuesday
atm3500055,3350,4580,Tuesday
atm3500056,2915,6415,Tuesday
atm3500057,2980,7380,Tuesday
atm3500058,2095,5945,Tuesday
atm3500059,3520,4330,Tuesday
atm3500060,2165,5785,Tuesday
atm3500061,4950,5115,Tuesday
atm3500066,4190,4100,Tuesday
atm3500067,6385,3225,Tuesday
atm3500068,2530,6080,Tuesday
atm3500069,3490,3820,Tuesday
atm3500070,5965,5610,Tuesday
atm3500071,6620,4615,Tuesday
atm3500072,4565,4250,Tuesday
atm3500073,3260,3795,Tuesday
atm3500074,5495,4405,Tuesday
atm3500075,6080,7795,Tuesday
atm3500076,6615,6685,Tuesday
atm3500077,2025,5290,Tuesday
atm3500078,2505,4860,Tuesday
atm3500079,2700,3640,Tuesday
atm3500080,6130,3645,Tuesday
atm3500081,2135,4975,Tuesday
atm3500082,4410,4860,Tuesday
atm3500083,7015,7045,Tuesday
atm3500084,7790,5505,Tuesday
atm3500085,3500,4905,Tuesday
atm3500086,5670,5240,Tuesday
atm3500087,6530,5740,Tuesday
atm3500088,5290,6565,Tuesday
atm3500089,2715,6435,Tuesday
atm3500090,5100,4520,Tuesday
atm3500091,3780,6100,Tuesday
atm3500092,5740,2365,Tuesday
atm3500093,2695,6420,Tuesday
atm3500094,3095,4315,Tuesday
atm3500095,3795,3290,Tuesday
atm3500096,3680,5490,Tuesday
atm3500097,4245,6225,Tuesday
atm3500098,6145,4990,Tuesday
atm3500099,4010,5435,Tuesday
atm35000100,4850,4795,Tuesday
atm35000101,6015,6210,Tuesday
atm35000102,4450,4915,Tuesday
atm35000103,6975,4015,Tuesday
atm35000104,2145,5035,Tuesday
atm35000105,2380,4170,Tuesday
atm35000106,7290,4700,Tuesday
atm35000107,1880,3615,Tuesday
atm35000108,3060,5870,Tuesday
atm35000109,5240,2950,Tuesday
atm35000110,4650,4615,Tuesday
atm35000111,2660,3110,Tuesday
atm35000112,4565,6485,Tuesday
atm35000113,6990,5030,Tuesday
atm35000114,4265,4865,Tuesday
atm35000115,4860,4685,Tuesday
atm35000116,7110,5300,Tuesday
atm35000117,2180,4855,Tuesday
atm35000118,3480,3420,Tuesday
atm35000119,1585,5430,Tuesday
atm35000120,7270,5815,Tuesday
atm35000121,2050,7040,Tuesday
atm35000122,2170,3725,Tuesday
atm35000123,2975,3830,Tuesday
atm35000124,3985,6545,Tuesday
atm35000125,5495,7075,Tuesday
atm35000126,5015,4950,Tuesday
atm35000127,1820,5525,Tuesday
atm35000128,3900,4840,Tuesday
atm35000129,4480,4845,Tuesday
atm35000130,5425,4665,Tuesday
atm35000131,2405,4340,Tuesday
atm35000132,3920,3230,Tuesday
atm35000133,4520,5225,Tuesday
atm35000134,5385,5120,Tuesday
atm35000135,3365,6405,Tuesday
atm35000136,6850,4625,Tuesday
atm35000137,4225,2950,Tuesday
atm35000138,3595,4625,Tuesday
atm35000139,6855,6315,Tuesday
atm35000140,6500,4885,Tuesday
atm35000141,2965,6390,Tuesday
atm35000142,4200,4220,Tuesday
atm35000143,5370,2475,Tuesday
atm35000144,2740,5865,Tuesday
atm35000145,6720,3525,Tuesday
atm35000146,5655,4800,Tuesday
atm35000147,6290,2875,Tuesday
atm35000148,3150,4450,Tuesday
atm35000149,4995,4270,Tuesday
atm35000150,5805,6640,Tuesday
atm35000151,5335,7295,Tuesday
atm35000152,7350,3120,Tuesday
atm35000153,5360,4365,Tuesday
atm35000154,2890,5830,Tuesday
atm35000155,6110,6240,Tuesday
atm35000156,2620,5255,Tuesday
atm35000157,4935,2825,Tuesday
atm35000158,3060,5830,Tuesday
atm35000159,4420,3705,Tuesday
atm35000160,4070,5205,Tuesday
atm35000161,4505,5025,Tuesday
atm35000162,4140,7260,Tuesday
atm35000163,4935,4860,Tuesday
atm35000164,1925,5470,Tuesday
atm35000165,2445,2910,Tuesday
atm35000166,2765,3020,Tuesday
atm35000167,6400,6395,Tuesday
atm35000168,4470,7210,Tuesday
atm35000169,3655,5205,Tuesday
atm35000170,1415,5475,Tuesday
atm35000171,5535,4510,Tuesday
atm35000172,6380,3875,Tuesday
atm35000173,5240,5355,Tuesday
atm35000174,4600,6555,Tuesday
atm35000175,6495,5590,Tuesday
atm35000176,1550,4990,Tuesday
atm35000177,3200,5305,Tuesday
atm35000178,5965,4755,Tuesday
atm35000179,5425,6555,Tuesday
atm35000180,1615,4355,Tuesday
atm35000181,3190,5515,Tuesday
atm35000182,2670,5450,Tuesday
atm35000183,6350,3595,Tuesday
atm35000184,4160,6260,Tuesday
atm35000185,3645,5425,Tuesday
atm35000186,3450,7640,Tuesday
atm35000187,4500,3130,Tuesday
atm35000188,3630,5490,Tuesday
atm35000189,2305,5540,Tuesday
atm35000190,3050,4765,Tuesday
atm35000191,6250,5620,Tuesday
atm35000192,3730,4945,Tuesday
atm35000193,5150,5180,Tuesday
atm35000194,1170,5340,Tuesday
atm35000195,5325,4605,Tuesday
atm35000196,4150,5415,Tuesday
atm35000197,4625,4045,Tuesday
atm35000198,2925,6835,Tuesday
atm35000199,5950,4015,Tuesday
atm35000200,3360,3880,Tuesday
atm35000201,1985,7375,Tuesday
atm35000202,6055,4495,Tuesday
atm35000203,3450,7155,Tuesday
atm35000204,5145,5825,Tuesday
atm35000205,2020,4210,Tuesday
atm35000206,5070,6655,Tuesday
atm35000207,3390,3130,Tuesday
atm35000208,4940,2850,Tuesday
atm35000209,8095,3980,Tuesday
atm35000210,2515,3785,Tuesday
atm35000211,2945,4215,Tuesday
atm35000212,2600,4155,Tuesday
atm35000213,4615,3455,Tuesday
atm35000214,4510,4815,Tuesday
atm35000215,5160,5185,Tuesday
atm35000216,2645,6205,Tuesday
atm35000217,4270,3015,Tuesday
atm35000218,4345,3150,Tuesday
atm35000219,5495,4535,Tuesday
atm35000220,4585,4595,Tuesday
atm35000221,6040,3300,Tuesday
atm35000222,4650,5440,Tuesday
atm35000223,4195,3545,Tuesday
atm35000224,5500,6845,Tuesday
atm35000225,5290,6875,Tuesday
atm35000226,1985,4010,Tuesday
atm35000227,4755,5385,Tuesday
atm35000228,5335,5115,Tuesday
atm35000229,5535,2815,Tuesday
atm35000265,1710,3780,Tuesday
atm35000266,5240,5720,Tuesday
atm35000267,4485,3860,Tuesday
atm35000268,3695,5450,Tuesday
atm35000269,5795,4215,Tuesday
atm35000270,4605,4300,Tuesday
atm35000271,2455,5120,Tuesday
atm35000272,6510,4450,Tuesday
atm35000273,4405,6675,Tuesday
atm35000274,4150,6390,Tuesday
atm35000275,3805,5865,Tuesday
atm35000276,4520,6100,Tuesday
atm35000277,4715,5485,Tuesday
atm35000278,5095,4665,Tuesday
atm35000279,5045,6555,Tuesday
atm35000280,3520,4760,Tuesday
atm35000281,2660,5620,Tuesday
atm35000282,6195,5695,Tuesday
atm35000283,4650,4040,Tuesday
atm35000284,3910,5070,Tuesday
atm35000285,3775,3410,Tuesday
atm35000286,3905,3980,Tuesday
atm35000287,4830,5310,Tuesday
atm35000288,5520,5975,Tuesday
atm35000289,5345,3615,Tuesday
atm35000290,4510,7255,Tuesday
atm35000291,5045,4575,Tuesday
atm35000292,4620,2650,Tuesday
atm35000293,1835,6945,Tuesday
atm35000294,5865,4680,Tuesday
atm35000295,1635,3755,Tuesday
atm35000296,5975,4525,Tuesday
atm35000297,4580,4500,Tuesday
atm35000298,2590,3125,Tuesday
atm35000299,5905,6450,Tuesday
atm35000300,3130,3085,Tuesday
atm35000301,5515,4760,Tuesday
atm35000302,4100,4040,Tuesday
atm35000303,5635,6220,Tuesday
atm35000304,4010,5735,Tuesday
atm35000305,5180,5920,Tuesday
atm35000306,3080,4685,Tuesday
atm35000307,1840,4325,Tuesday
atm35000308,2900,6150,Tuesday
atm35000309,3985,3155,Tuesday
atm35000310,5810,5445,Tuesday
atm35000311,5435,5600,Tuesday
atm35000312,5825,5665,Tuesday
atm35000313,6645,6965,Tuesday
atm35000314,6525,5945,Tuesday
atm35000315,2430,4765,Tuesday
atm35000316,4415,2920,Tuesday
atm35000317,4835,6010,Tuesday
atm35000318,1370,4325,Tuesday
atm35000319,2495,5140,Tuesday
atm35000320,4910,3700,Tuesday
atm35000321,5455,6480,Tuesday
atm35000322,2295,5040,Tuesday
atm35000323,3960,7100,Tuesday
atm35000324,3910,3450,Tuesday
atm35000325,1725,3905,Tuesday
atm35000326,1350,4325,Tuesday
atm35000327,4270,5950,Tuesday
atm35000328,3065,5165,Tuesday
atm35000329,3095,5315,Tuesday
atm35000330,3215,4285,Tuesday
atm35000331,3770,4245,Tuesday
atm35000332,2735,4540,Tuesday
atm35000333,3515,5670,Tuesday
atm35000334,4220,5665,Tuesday
atm35000335,3925,7015,Tuesday
atm35000336,3595,4705,Tuesday
atm35000337,5295,5970,Tuesday
atm35000338,4270,3260,Tuesday
atm35000339,6160,3580,Tuesday
atm35000340,1660,6810,Tuesday
atm35000341,4895,2935,Tuesday
atm35000342,2345,4110,Tuesday
atm35000343,6965,5015,Tuesday
atm35000344,4920,6040,Tuesday
atm35000345,3360,4030,Tuesday
atm35000346,4260,4190,Tuesday
atm35000347,2215,3410,Tuesday
atm35000348,2400,4355,Tuesday
atm35000349,2940,5830,Tuesday
atm35000350,6820,2985,Tuesday
atm35000351,3775,6315,Tuesday
atm35000352,4905,5935,Tuesday
atm35000353,3135,4955,Tuesday
atm35000354,3210,4505,Tuesday
atm35000355,5380,5580,Tuesday
atm35000356,3715,5115,Tuesday
atm35000357,4120,4490,Tuesday
atm35000358,4955,6370,Tuesday
atm0,0,0,Tuesday
atm350001,4335,5240,Tuesday
atm350002,6815,5650,Tuesday
atm350003,3170,4515,Tuesday
atm350004,5880,4710,Tuesday
atm350005,5255,3065,Tuesday
atm350006,3555,5535,Tuesday
atm350007,2850,5555,Tuesday
atm350008,6230,3200,Tuesday
atm350009,6245,3780,Tuesday
atm3500010,3885,6955,Tuesday
atm3500011,5385,4920,Tuesday
atm3500012,1960,4935,Tuesday
atm3500013,3865,6115,Tuesday
atm3500014,4315,3855,Tuesday
atm3500015,3610,3870,Tuesday
atm3500016,6115,3670,Tuesday
atm3500017,2510,5590,Tuesday
atm3500018,4195,4805,Tuesday
atm3500019,4140,5075,Tuesday
atm3500020,2975,5470,Tuesday
atm3500021,2905,6315,Tuesday
atm3500022,2415,6025,Tuesday
atm3500023,5330,6575,Tuesday
atm3500024,6130,4900,Tuesday
atm3500025,4345,4565,Tuesday
atm3500026,6355,3280,Tuesday
atm3500027,4345,5580,Tuesday
atm3500028,2610,3695,Tuesday
atm3500029,2845,5910,Tuesday
atm3500030,6055,4640,Tuesday
atm3500031,4630,5905,Tuesday
atm3500032,5635,3700,Tuesday
atm3500033,1775,3595,Tuesday
atm3500034,1635,3635,Tuesday
atm3500035,4585,2490,Tuesday
atm3500062,1645,5290,Tuesday
atm3500063,2495,5355,Tuesday
atm3500064,5045,6355,Tuesday
atm3500065,3705,4965,Tuesday
atm35000230,2710,5740,Tuesday
atm35000231,2280,3825,Tuesday
atm35000232,2435,3835,Tuesday
atm35000233,4305,6225,Tuesday
atm35000234,4700,4065,Tuesday
atm35000235,1885,4025,Tuesday
atm35000236,4320,4975,Tuesday
atm35000237,2000,3450,Tuesday
atm35000238,4610,6060,Tuesday
atm35000239,3985,5305,Tuesday
atm35000240,2425,5360,Tuesday
atm35000241,1885,4070,Tuesday
atm35000242,2545,3690,Tuesday
atm35000243,7175,5870,Tuesday
atm35000244,2640,4730,Tuesday
atm35000245,2275,6640,Tuesday
atm35000246,1205,3655,Tuesday
atm35000247,4375,3205,Tuesday
atm35000248,4815,4680,Tuesday
atm35000249,3330,4795,Tuesday
atm35000250,5475,4155,Tuesday
atm35000251,3385,3000,Tuesday
atm35000252,3730,6235,Tuesday
atm35000253,3280,6560,Tuesday
atm35000254,4190,6670,Tuesday
atm35000255,4865,6735,Tuesday
atm35000256,5505,3445,Tuesday
atm35000257,1730,6440,Tuesday
atm35000258,3785,4565,Tuesday
atm35000259,3470,3820,Tuesday
atm35000260,3915,3605,Tuesday
atm35000261,4105,3905,Tuesday
atm35000262,2490,6190,Tuesday
atm35000263,4000,4320,Tuesday
atm35000264,6220,3535,Tuesday
atm3500036,3755,3755,Tuesday
atm3500037,2200,7555,Tuesday
atm3500038,4600,3590,Tuesday
atm3500039,4500,6620,Tuesday
atm3500040,4535,6125,Tuesday
atm3500041,1895,6610,Tuesday
atm3500042,6115,5300,Tuesday
atm3500043,5330,6410,Tuesday
atm3500044,2860,2910,Tuesday
atm3500045,2955,3290,Tuesday
atm3500046,2910,5580,Tuesday
atm3500047,3175,5100,Tuesday
atm3500048,5575,3950,Tuesday
atm3500049,4690,5675,Tuesday
atm3500050,2045,5910,Tuesday
atm3500051,5645,2960,Tuesday
atm3500052,5385,7220,Tuesday
atm3500053,2710,2640,Tuesday
atm3500054,6020,4775,Tuesday
atm3500055,2690,4590,Tuesday
atm3500056,4950,5145,Tuesday
atm3500057,2575,5485,Tuesday
atm3500058,4250,4150,Tuesday
atm3500059,2225,5445,Tuesday
atm3500060,2425,3945,Tuesday
atm3500061,4695,5840,Tuesday
atm3500066,2645,3395,Tuesday
atm3500067,5875,6855,Tuesday
atm3500068,4640,4315,Tuesday
atm3500069,5380,6555,Tuesday
atm3500070,5450,6845,Tuesday
atm3500071,2905,6845,Tuesday
atm3500072,2310,3250,Tuesday
atm3500073,5285,3780,Tuesday
atm3500074,2570,4550,Tuesday
atm3500075,3435,5030,Tuesday
atm3500076,3595,6145,Tuesday
atm3500077,2875,5460,Tuesday
atm3500078,1965,6790,Tuesday
atm3500079,2665,4170,Tuesday
atm3500080,4325,3295,Tuesday
atm3500081,2425,3365,Tuesday
atm3500082,5575,4625,Tuesday
atm3500083,5275,4755,Tuesday
atm3500084,4860,3690,Tuesday
atm3500085,2965,5360,Tuesday
atm3500086,4850,5835,Tuesday
atm3500087,6655,6655,Tuesday
atm3500088,1990,4750,Tuesday
atm3500089,5375,5395,Tuesday
atm3500090,6585,6090,Tuesday
atm3500091,5415,4485,Tuesday
atm3500092,2265,3585,Tuesday
atm3500093,5765,5720,Tuesday
atm3500094,4195,7815,Tuesday
atm3500095,4650,5530,Tuesday
atm3500096,4805,6575,Tuesday
atm3500097,3530,6930,Tuesday
atm3500098,1990,4855,Tuesday
atm3500099,4055,5025,Tuesday
atm35000100,4800,6200,Tuesday
atm35000101,4530,6410,Tuesday
atm35000102,4435,6335,Tuesday
atm35000103,3770,2780,Tuesday
atm35000104,2540,6975,Tuesday
atm35000105,4435,4545,Tuesday
atm35000106,4990,3375,Tuesday
atm35000107,5505,6545,Tuesday
atm35000108,2410,4690,Tuesday
atm35000109,4630,3865,Tuesday
atm35000110,4450,3420,Tuesday
atm35000111,6480,6320,Tuesday
atm35000112,3535,5405,Tuesday
atm35000113,6425,5020,Tuesday
atm35000114,5885,3415,Tuesday
atm35000115,3305,4990,Tuesday
atm35000116,3860,5465,Tuesday
atm35000117,4500,5645,Tuesday
atm35000118,2760,7295,Tuesday
atm35000119,5610,3820,Tuesday
atm35000120,4565,6770,Tuesday
atm35000121,1975,5650,Tuesday
atm35000122,3220,4910,Tuesday
atm35000123,6030,5650,Tuesday
atm35000124,6210,4780,Tuesday
atm35000125,5180,6160,Tuesday
atm35000126,6065,4730,Tuesday
atm35000127,5615,3605,Tuesday
atm35000128,5880,2960,Tuesday
atm35000129,2355,6720,Tuesday
atm35000130,1830,6780,Tuesday
atm35000131,4125,3680,Tuesday
atm35000132,5855,4800,Tuesday
atm35000133,6500,5760,Tuesday
atm35000134,5575,5180,Tuesday
atm35000135,4525,5780,Tuesday
atm35000136,6115,6005,Tuesday
atm35000137,5045,4070,Tuesday
atm35000138,3090,4175,Tuesday
atm35000139,6865,4935,Tuesday
atm35000140,4065,5940,Tuesday
atm35000141,5005,3645,Tuesday
atm35000142,6250,5555,Tuesday
atm35000143,3715,5265,Tuesday
atm35000144,3130,6435,Tuesday
atm35000145,2750,6755,Tuesday
atm35000146,3605,6220,Tuesday
atm35000147,2495,6860,Tuesday
atm35000148,3460,4475,Tuesday
atm35000149,5300,3825,Tuesday
atm35000150,5415,6240,Tuesday
atm35000151,5555,4960,Tuesday
atm35000152,6595,6110,Tuesday
atm35000153,4955,3390,Tuesday
atm35000154,4810,2795,Tuesday
atm35000155,4020,5520,Tuesday
atm35000156,5420,4140,Tuesday
atm35000157,2080,2975,Tuesday
atm35000158,2985,6445,Tuesday
atm35000159,1950,4385,Tuesday
atm35000160,5890,5500,Tuesday
atm35000161,3755,3775,Tuesday
atm35000162,3355,6605,Tuesday
atm35000163,4285,5940,Tuesday
atm35000164,4440,4565,Tuesday
atm35000165,3735,4110,Tuesday
atm35000166,4595,6640,Tuesday
atm35000167,4970,5100,Tuesday
atm35000168,6450,4865,Tuesday
atm35000169,4915,7190,Tuesday
atm35000170,3090,5105,Tuesday
atm35000171,3035,5080,Tuesday
atm35000172,3735,5650,Tuesday
atm35000173,6765,4205,Tuesday
atm35000174,6125,5010,Tuesday
atm35000175,3170,3075,Tuesday
atm35000176,4925,4330,Tuesday
atm35000177,2310,4235,Tuesday
atm35000178,5140,5500,Tuesday
atm35000179,5090,5955,Tuesday
atm35000180,5840,3655,Tuesday
atm35000181,2910,5295,Tuesday
atm35000182,5285,3690,Tuesday
atm35000183,5660,5860,Tuesday
atm35000184,3345,4275,Tuesday
atm35000185,3550,3355,Tuesday
atm35000186,3395,4655,Tuesday
atm35000187,3045,4505,Tuesday
atm35000188,4795,2990,Tuesday
atm35000189,3085,6085,Tuesday
atm35000190,6075,5040,Tuesday
atm35000191,1820,3700,Tuesday
atm35000192,3770,7080,Tuesday
atm35000193,6215,5380,Tuesday
atm35000194,3880,5245,Tuesday
atm35000195,4765,5495,Tuesday
atm35000196,5155,4980,Tuesday
atm35000197,2380,3345,Tuesday
atm35000198,2640,3520,Tuesday
atm35000199,2330,5130,Tuesday
atm35000200,3460,5110,Tuesday
atm35000201,3780,4980,Tuesday
atm35000202,2685,3490,Tuesday
atm35000203,4230,4655,Tuesday
atm35000204,4005,6705,Tuesday
atm35000205,5445,4780,Tuesday
atm35000206,4545,5760,Tuesday
atm35000207,2285,5125,Tuesday
atm35000208,5930,3675,Tuesday
atm35000209,4065,3215,Tuesday
atm35000210,5050,4130,Tuesday
atm35000211,3200,4095,Tuesday
atm35000212,4585,5255,Tuesday
atm35000213,4195,5605,Tuesday
atm35000214,6665,5335,Tuesday
atm35000215,6055,4645,Tuesday
atm35000216,4880,3025,Tuesday
atm35000217,3850,5175,Tuesday
atm35000218,1910,4610,Tuesday
atm35000219,6365,3175,Tuesday
atm35000220,3680,5495,Tuesday
atm35000221,5165,4685,Tuesday
atm35000222,5905,3935,Tuesday
atm35000223,2315,4710,Tuesday
atm35000224,1925,3015,Tuesday
atm35000225,6995,3685,Tuesday
atm35000226,5385,5245,Tuesday
atm35000227,6410,6065,Tuesday
atm35000228,2420,6210,Tuesday
atm35000229,3895,3830,Tuesday
atm35000265,3955,5495,Tuesday
atm35000266,3045,6135,Tuesday
atm35000267,3375,4205,Tuesday
atm35000268,2390,3795,Tuesday
atm35000269,4930,3970,Tuesday
atm35000270,3730,3215,Tuesday
atm35000271,5825,4770,Tuesday
atm35000272,6085,5680,Tuesday
atm35000273,3235,6630,Tuesday
atm35000274,5100,5985,Tuesday
atm35000275,5520,5345,Tuesday
atm35000276,4745,4165,Tuesday
atm35000277,4515,4420,Tuesday
atm35000278,5790,5095,Tuesday
atm35000279,5515,4570,Tuesday
atm35000280,6490,3805,Tuesday
atm35000281,1745,3195,Tuesday
atm35000282,5770,5605,Tuesday
atm35000283,3850,3930,Tuesday
atm35000284,3620,5420,Tuesday
atm35000285,2965,3955,Tuesday
atm35000286,1815,4845,Tuesday
atm35000287,4595,4995,Tuesday
atm35000288,2935,6175,Tuesday
atm35000289,2325,6660,Tuesday
atm35000290,4810,5035,Tuesday
atm35000291,4990,4010,Tuesday
atm35000292,2595,6945,Tuesday
atm35000293,2885,3075,Tuesday
atm35000294,3400,4530,Tuesday
atm35000295,4010,4340,Tuesday
atm35000296,2470,5345,Tuesday
atm35000297,4295,2935,Tuesday
atm35000298,5015,5350,Tuesday
atm35000299,4310,6110,Tuesday
atm35000300,6690,3260,Tuesday
atm35000301,5150,6180,Tuesday
atm35000302,2150,5005,Tuesday
atm35000303,6325,4555,Tuesday
atm35000304,2960,4385,Tuesday
atm35000305,2985,3905,Tuesday
atm35000306,2245,4970,Tuesday
atm35000307,4915,6440,Tuesday
atm35000308,3255,6035,Tuesday
atm35000309,5110,4315,Tuesday
atm35000310,4735,4650,Tuesday
atm35000311,4105,4075,Tuesday
atm35000312,3720,5625,Tuesday
atm35000313,2930,5455,Tuesday
atm35000314,4820,5430,Tuesday
atm35000315,1775,5925,Tuesday
atm35000316,3265,5430,Tuesday
atm35000317,4165,5840,Tuesday
atm35000318,2910,3470,Tuesday
atm35000319,4920,4720,Tuesday
atm35000320,4740,5985,Tuesday
atm35000321,5355,6130,Tuesday
atm35000322,3840,6145,Tuesday
atm35000323,2335,5160,Tuesday
atm35000324,4125,4375,Tuesday
atm35000325,4105,4505,Tuesday
atm35000326,2785,3495,Tuesday
atm35000327,4405,3910,Tuesday
atm35000328,2710,5725,Tuesday
atm35000329,3320,6565,Tuesday
atm35000330,2845,5275,Tuesday
atm35000331,6025,6125,Tuesday
atm35000332,3530,7710,Tuesday
atm35000333,2845,3315,Tuesday
atm35000334,3630,3765,Tuesday
atm35000335,2225,5710,Tuesday
atm35000336,3865,3800,Tuesday
atm35000337,3175,5255,Tuesday
atm35000338,6305,3785,Tuesday
atm35000339,4340,5835,Tuesday
atm35000340,5585,4170,Tuesday
atm35000341,6220,5385,Tuesday
atm35000342,2220,7105,Tuesday
atm35000343,3890,2690,Tuesday
atm35000344,4610,6540,Tuesday
atm35000345,2065,4360,Tuesday
atm35000346,3140,3910,Tuesday
atm35000347,4110,5495,Tuesday
atm35000348,3205,5760,Tuesday
atm35000349,5300,6865,Tuesday
atm35000350,1365,4335,Tuesday
atm35000351,3275,6245,Tuesday
atm35000352,2265,6655,Tuesday
atm35000353,2850,3155,Tuesday
atm35000354,4805,3640,Tuesday
atm35000355,5000,4070,Tuesday
atm35000356,4945,4200,Tuesday
atm35000357,4970,6300,Tuesday
atm35000358,4750,2755,Tuesday
atm0,0,0,Tuesday
atm350001,1880,5140,Tuesday
atm350002,5045,4030,Tuesday
atm350003,3335,3700,Tuesday
atm350004,5080,3915,Tuesday
atm350005,1525,6770,Tuesday
atm350006,2425,6385,Tuesday
atm350007,4650,5115,Tuesday
atm350008,2315,4190,Tuesday
atm350009,2875,7050,Tuesday
atm3500010,4665,5455,Tuesday
atm3500011,4865,2500,Tuesday
atm3500012,4605,4585,Tuesday
atm3500013,4180,5935,Tuesday
atm3500014,3575,4285,Tuesday
atm3500015,5960,3325,Tuesday
atm3500016,6110,5155,Tuesday
atm3500017,3640,4560,Tuesday
atm3500018,1905,5380,Tuesday
atm3500019,3695,5230,Tuesday
atm3500020,2120,4295,Tuesday
atm3500021,2850,3390,Tuesday
atm3500022,4585,5955,Tuesday
atm3500023,6185,4260,Tuesday
atm3500024,6040,4150,Tuesday
atm3500025,5290,5560,Tuesday
atm3500026,5770,5215,Tuesday
atm3500027,4335,4755,Tuesday
atm3500028,4380,4060,Tuesday
atm3500029,2775,4660,Tuesday
atm3500030,3995,4950,Tuesday
atm3500031,4685,3335,Tuesday
atm3500032,4810,4490,Tuesday
atm3500033,4095,6105,Tuesday
atm3500034,7075,3740,Tuesday
atm3500035,4410,4085,Tuesday
atm3500062,6485,6160,Tuesday
atm3500063,2905,3710,Tuesday
atm3500064,5820,4555,Tuesday
atm3500065,6600,2980,Tuesday
atm35000230,6040,4970,Tuesday
atm35000231,5285,5825,Tuesday
atm35000232,6480,4155,Tuesday
atm35000233,5075,5720,Tuesday
atm35000234,7150,5585,Tuesday
atm35000235,3790,3420,Tuesday
atm35000236,5420,5595,Tuesday
atm35000237,5560,4275,Tuesday
atm35000238,3925,6530,Tuesday
atm35000239,7355,3395,Tuesday
atm35000240,2085,6275,Tuesday
atm35000241,2705,6210,Tuesday
atm35000242,5040,5435,Tuesday
atm35000243,1575,4475,Tuesday
atm35000244,4310,3295,Tuesday
atm35000245,3375,5600,Tuesday
atm35000246,6260,4065,Tuesday
atm35000247,3335,4890,Tuesday
atm35000248,4365,5005,Tuesday
atm35000249,5310,5010,Tuesday
atm35000250,4320,5275,Tuesday
atm35000251,2165,5330,Tuesday
atm35000252,5155,3775,Tuesday
atm35000253,5470,6010,Tuesday
atm35000254,3000,2895,Tuesday
atm35000255,5420,6895,Tuesday
atm35000256,3880,5710,Tuesday
atm35000257,5950,3705,Tuesday
atm35000258,2225,4570,Tuesday
atm35000259,5860,2950,Tuesday
atm35000260,3915,3895,Tuesday
atm35000261,3135,6170,Tuesday
atm35000262,5195,3335,Tuesday
atm35000263,4605,3630,Tuesday
atm35000264,3480,5015,Tuesday
atm3500036,5965,6735,Tuesday
atm3500037,3020,3655,Tuesday
atm3500038,3370,4875,Tuesday
atm3500039,3290,3840,Tuesday
atm3500040,2370,5450,Tuesday
atm3500041,4775,3515,Tuesday
atm3500042,4585,6050,Tuesday
atm3500043,3165,5860,Tuesday
atm3500044,2685,6365,Tuesday
atm3500045,1920,5460,Tuesday
atm3500046,3780,4600,Tuesday
atm3500047,5030,5775,Tuesday
atm3500048,4845,3760,Tuesday
atm3500049,3100,4660,Tuesday
atm3500050,5410,5580,Tuesday
atm3500051,6870,3935,Tuesday
atm3500052,4040,4880,Tuesday
atm3500053,5770,4875,Tuesday
atm3500054,2290,4600,Tuesday
atm3500055,4600,4275,Tuesday
atm3500056,5945,5670,Tuesday
atm3500057,2660,5230,Tuesday
atm3500058,2275,4205,Tuesday
atm3500059,4040,4180,Tuesday
atm3500060,4670,6000,Tuesday
atm3500061,5910,6200,Tuesday
atm3500066,3285,3215,Tuesday
atm3500067,5845,6355,Tuesday
atm3500068,4785,5640,Tuesday
atm3500069,2795,4130,Tuesday
atm3500070,5125,4660,Tuesday
atm3500071,4965,3740,Tuesday
atm3500072,3285,4195,Tuesday
atm3500073,3345,4860,Tuesday
atm3500074,3245,3755,Tuesday
atm3500075,6245,5865,Tuesday
atm3500076,3520,5625,Tuesday
atm3500077,3135,5005,Tuesday
atm3500078,6225,5120,Tuesday
atm3500079,5170,4415,Tuesday
atm3500080,2715,6265,Tuesday
atm3500081,4290,4615,Tuesday
atm3500082,3875,4170,Tuesday
atm3500083,3825,5860,Tuesday
atm3500084,3505,4465,Tuesday
atm3500085,4890,5555,Tuesday
atm3500086,6940,4005,Tuesday
atm3500087,5160,5740,Tuesday
atm3500088,3450,3515,Tuesday
atm3500089,5900,6805,Tuesday
atm3500090,2320,3475,Tuesday
atm3500091,6340,4680,Tuesday
atm3500092,2995,5370,Tuesday
atm3500093,5005,6180,Tuesday
atm3500094,6870,5200,Tuesday
atm3500095,4220,6215,Tuesday
atm3500096,2750,5565,Tuesday
atm3500097,7080,3155,Tuesday
atm3500098,2650,4900,Tuesday
atm3500099,3945,3340,Tuesday
atm35000100,4095,5570,Tuesday
atm35000101,2540,5620,Tuesday
atm35000102,4530,5835,Tuesday
atm35000103,6950,4465,Tuesday
atm35000104,6505,4175,Tuesday
atm35000105,2370,3510,Tuesday
atm35000106,5340,7695,Tuesday
atm35000107,2715,6800,Tuesday
atm35000108,4380,6515,Tuesday
atm35000109,4305,6720,Tuesday
atm35000110,6090,5845,Tuesday
atm35000111,5915,6150,Tuesday
atm35000112,5350,5080,Tuesday
atm35000113,1525,4780,Tuesday
atm35000114,4680,3565,Tuesday
atm35000115,4720,4585,Tuesday
atm35000116,2335,6135,Tuesday
atm35000117,4895,3585,Tuesday
atm35000118,6530,4635,Tuesday
atm35000119,6985,5595,Tuesday
atm35000120,3780,6615,Tuesday
atm35000121,4735,4155,Tuesday
atm35000122,5060,5625,Tuesday
atm35000123,2770,4535,Tuesday
atm35000124,4565,5380,Tuesday
atm35000125,3115,5460,Tuesday
atm35000126,2565,4240,Tuesday
atm35000127,5080,5175,Tuesday
atm35000128,2320,5790,Tuesday
atm35000129,3860,5025,Tuesday
atm35000130,4805,5805,Tuesday
atm35000131,1475,3120,Tuesday
atm35000132,4795,4270,Tuesday
atm35000133,3520,6570,Tuesday
atm35000134,6405,3020,Tuesday
atm35000135,3720,7405,Tuesday
atm35000136,5530,5885,Tuesday
atm35000137,3290,4050,Tuesday
atm35000138,3745,4910,Tuesday
atm35000139,1435,3530,Tuesday
atm35000140,5265,4020,Tuesday
atm35000141,6540,3770,Tuesday
atm35000142,4080,4400,Tuesday
atm35000143,4815,5040,Tuesday
atm35000144,2920,4465,Tuesday
atm35000145,2745,5100,Tuesday
atm35000146,4340,4135,Tuesday
atm35000147,2740,3635,Tuesday
atm35000148,3570,2555,Tuesday
atm35000149,4910,4810,Tuesday
atm35000150,3645,7050,Tuesday
atm35000151,4165,3455,Tuesday
atm35000152,3625,4570,Tuesday
atm35000153,3530,5615,Tuesday
atm35000154,3550,6490,Tuesday
atm35000155,3745,5595,Tuesday
atm35000156,4335,6635,Tuesday
atm35000157,3905,3155,Tuesday
atm35000158,2300,3070,Tuesday
atm35000159,2105,4625,Tuesday
atm35000160,4260,4195,Tuesday
atm35000161,2065,5195,Tuesday
atm35000162,3245,4810,Tuesday
atm35000163,4430,6275,Tuesday
atm35000164,6080,5315,Tuesday
atm35000165,2850,4410,Tuesday
atm35000166,2355,3790,Tuesday
atm35000167,5245,7150,Tuesday
atm35000168,6575,5585,Tuesday
atm35000169,3545,3420,Tuesday
atm35000170,4890,5850,Tuesday
atm35000171,3085,4290,Tuesday
atm35000172,3830,5235,Tuesday
atm35000173,4535,2975,Tuesday
atm35000174,3470,3055,Tuesday
atm35000175,2215,4460,Tuesday
atm35000176,5380,4150,Tuesday
atm35000177,5350,5205,Tuesday
atm35000178,3340,6510,Tuesday
atm35000179,4610,6480,Tuesday
atm35000180,3755,5505,Tuesday
atm35000181,3165,5805,Tuesday
atm35000182,4805,6395,Tuesday
atm35000183,4600,5670,Tuesday
atm35000184,3320,4665,Tuesday
atm35000185,4870,4130,Tuesday
atm35000186,2130,3845,Tuesday
atm35000187,4150,5090,Tuesday
atm35000188,2405,3780,Tuesday
atm35000189,3835,6105,Tuesday
atm35000190,4840,6060,Tuesday
atm35000191,3235,4330,Tuesday
atm35000192,2635,6930,Tuesday
atm35000193,5460,3500,Tuesday
atm35000194,1945,3650,Tuesday
atm35000195,3055,5285,Tuesday
atm35000196,2255,4590,Tuesday
atm35000197,4065,7355,Tuesday
atm35000198,4375,6420,Tuesday
atm35000199,6075,4255,Tuesday
atm35000200,5770,5305,Tuesday
atm35000201,4330,3030,Tuesday
atm35000202,2950,4565,Tuesday
atm35000203,4480,4890,Tuesday
atm35000204,5225,4545,Tuesday
atm35000205,3555,4590,Tuesday
atm35000206,6835,5505,Tuesday
atm35000207,6015,2730,Tuesday
atm35000208,3525,5635,Tuesday
atm35000209,5655,4340,Tuesday
atm35000210,2495,6345,Tuesday
atm35000211,6405,3140,Tuesday
atm35000212,3050,4530,Tuesday
atm35000213,1935,4590,Tuesday
atm35000214,3295,5485,Tuesday
atm35000215,3970,5355,Tuesday
atm35000216,5925,3750,Tuesday
atm35000217,2940,3755,Tuesday
atm35000218,5325,6455,Tuesday
atm35000219,5925,6420,Tuesday
atm35000220,5080,4025,Tuesday
atm35000221,4410,5635,Tuesday
atm35000222,2660,4375,Tuesday
atm35000223,5340,4685,Tuesday
atm35000224,3415,4305,Tuesday
atm35000225,2445,5330,Tuesday
atm35000226,3775,3830,Tuesday
atm35000227,3760,4825,Tuesday
atm35000228,2510,7365,Tuesday
atm35000229,5500,5495,Tuesday
atm35000265,7155,5365,Tuesday
atm35000266,3230,5600,Tuesday
atm35000267,5790,6350,Tuesday
atm35000268,5655,6510,Tuesday
atm35000269,4965,4495,Tuesday
atm35000270,2160,5275,Tuesday
atm35000271,3510,3505,Tuesday
atm35000272,5285,6700,Tuesday
atm35000273,3470,5075,Tuesday
atm35000274,4600,6105,Tuesday
atm35000275,5630,5960,Tuesday
atm35000276,6475,4455,Tuesday
atm35000277,3385,4370,Tuesday
atm35000278,4390,3135,Tuesday
atm35000279,4430,3465,Tuesday
atm35000280,3640,3400,Tuesday
atm35000281,5790,5735,Tuesday
atm35000282,6350,5995,Tuesday
atm35000283,3420,6640,Tuesday
atm35000284,1365,5685,Tuesday
atm35000285,3205,6045,Tuesday
atm35000286,6690,3200,Tuesday
atm35000287,2895,4315,Tuesday
atm35000288,7040,5820,Tuesday
atm35000289,2690,3995,Tuesday
atm35000290,3610,7030,Tuesday
atm35000291,2640,3950,Tuesday
atm35000292,4530,4165,Tuesday
atm35000293,4720,4280,Tuesday
atm35000294,2725,3515,Tuesday
atm35000295,5675,2415,Tuesday
atm35000296,5525,3850,Tuesday
atm35000297,4485,3680,Tuesday
atm35000298,2395,6125,Tuesday
atm35000299,4810,3580,Tuesday
atm35000300,5435,3470,Tuesday
atm35000301,4025,4405,Tuesday
atm35000302,5645,5685,Tuesday
atm35000303,2715,5605,Tuesday
atm35000304,1150,3965,Tuesday
atm35000305,4715,3770,Tuesday
atm35000306,2675,4515,Tuesday
atm35000307,2565,2515,Tuesday
atm35000308,2985,5495,Tuesday
atm35000309,5575,5690,Tuesday
atm35000310,1660,4970,Tuesday
atm35000311,4905,5225,Tuesday
atm35000312,5225,2495,Tuesday
atm35000313,5875,3925,Tuesday
atm35000314,5010,4135,Tuesday
atm35000315,5590,4975,Tuesday
atm35000316,3260,3985,Tuesday
atm35000317,5390,6020,Tuesday
atm35000318,6055,4685,Tuesday
atm35000319,4085,3690,Tuesday
atm35000320,4920,3845,Tuesday
atm35000321,2080,5400,Tuesday
atm35000322,1975,6440,Tuesday
atm35000323,6410,5125,Tuesday
atm35000324,6470,7200,Tuesday
atm35000325,2375,4400,Tuesday
atm35000326,3195,6840,Tuesday
atm35000327,4245,3640,Tuesday
atm35000328,2780,7520,Tuesday
atm35000329,6210,5960,Tuesday
atm35000330,3640,5395,Tuesday
atm35000331,2730,2650,Tuesday
atm35000332,2825,4605,Tuesday
atm35000333,1625,6160,Tuesday
atm35000334,5415,5480,Tuesday
atm35000335,5460,3975,Tuesday
atm35000336,3640,5005,Tuesday
atm35000337,2835,6270,Tuesday
atm35000338,4085,6285,Tuesday
atm35000339,3560,6705,Tuesday
atm35000340,5375,5255,Tuesday
atm35000341,4225,4185,Tuesday
atm35000342,2780,3575,Tuesday
atm35000343,5975,5125,Tuesday
atm35000344,5835,4470,Tuesday
atm35000345,5350,4310,Tuesday
atm35000346,7220,5025,Tuesday
atm35000347,4385,5425,Tuesday
atm35000348,2525,7640,Tuesday
atm35000349,3355,6075,Tuesday
atm35000350,1545,4270,Tuesday
atm35000351,6825,4550,Tuesday
atm35000352,7360,4510,Tuesday
atm35000353,2435,6450,Tuesday
atm35000354,6330,3280,Tuesday
atm35000355,2305,4430,Tuesday
atm35000356,4320,4895,Tuesday
atm35000357,5880,4665,Tuesday
atm35000358,6960,4490,Tuesday
atm0,0,0,Tuesday
atm350001,4495,5780,Tuesday
atm350002,3125,2810,Tuesday
atm350003,5150,6520,Tuesday
atm350004,2930,4785,Tuesday
atm350005,6480,4300,Tuesday
atm350006,5220,3635,Tuesday
atm350007,5530,3970,Tuesday
atm350008,3875,5695,Tuesday
atm350009,5040,4115,Tuesday
atm3500010,4530,5205,Tuesday
atm3500011,3355,4280,Tuesday
atm3500012,1675,4230,Tuesday
atm3500013,4935,6680,Tuesday
atm3500014,5920,4610,Tuesday
atm3500015,6375,4505,Tuesday
atm3500016,2150,4780,Tuesday
atm3500017,2975,3925,Tuesday
atm3500018,3440,5455,Tuesday
atm3500019,3420,4710,Tuesday
atm3500020,2180,5995,Tuesday
atm3500021,3655,4370,Tuesday
atm3500022,2605,5035,Tuesday
atm3500023,2305,4650,Tuesday
atm3500024,2055,4365,Tuesday
atm3500025,4345,6335,Tuesday
atm3500026,2110,3640,Tuesday
atm3500027,6430,4625,Tuesday
atm3500028,4335,3785,Tuesday
atm3500029,7330,3525,Tuesday
atm3500030,2190,5135,Tuesday
atm3500031,2515,5535,Tuesday
atm3500032,2755,4335,Tuesday
atm3500033,5180,7030,Tuesday
atm3500034,2400,5485,Tuesday
atm3500035,2535,7130,Tuesday
atm3500062,5355,4845,Tuesday
atm3500063,1890,3150,Tuesday
atm3500064,2495,4055,Tuesday
atm3500065,6590,4675,Tuesday
atm35000230,1610,3260,Tuesday
atm35000231,4710,4920,Tuesday
atm35000232,3965,3910,Tuesday
atm35000233,5485,4940,Tuesday
atm35000234,5565,4830,Tuesday
atm35000235,3015,4040,Tuesday
atm35000236,5210,3665,Tuesday
atm35000237,5910,6455,Tuesday
atm35000238,2880,5195,Tuesday
atm35000239,7365,5890,Tuesday
atm35000240,5435,5075,Tuesday
atm35000241,6210,4490,Tuesday
atm35000242,4265,6595,Tuesday
atm35000243,3810,3570,Tuesday
atm35000244,4660,4640,Tuesday
atm35000245,4470,4225,Tuesday
atm35000246,2810,5465,Tuesday
atm35000247,3450,6065,Tuesday
atm35000248,4265,5915,Tuesday
atm35000249,2910,5070,Tuesday
atm35000250,3980,4410,Tuesday
atm35000251,6065,4825,Tuesday
atm35000252,1820,5670,Tuesday
atm35000253,3560,4510,Tuesday
atm35000254,2275,2275,Tuesday
atm35000255,1915,4780,Tuesday
atm35000256,6470,5705,Tuesday
atm35000257,4230,5380,Tuesday
atm35000258,2785,5670,Tuesday
atm35000259,3780,5170,Tuesday
atm35000260,3745,4065,Tuesday
atm35000261,2670,4810,Tuesday
atm35000262,6150,4965,Tuesday
atm35000263,2835,4600,Tuesday
atm35000264,3075,3530,Tuesday
atm3500036,4565,5940,Tuesday
atm3500037,6345,5440,Tuesday
atm3500038,4600,4445,Tuesday
atm3500039,6165,6355,Tuesday
atm3500040,1430,3705,Tuesday
atm3500041,5070,4325,Tuesday
atm3500042,3615,5645,Tuesday
atm3500043,2885,3555,Tuesday
atm3500044,4635,3825,Tuesday
atm3500045,3910,5935,Tuesday
atm3500046,2785,5260,Tuesday
atm3500047,5765,6385,Tuesday
atm3500048,5340,4820,Tuesday
atm3500049,2675,3985,Tuesday
atm3500050,5320,3135,Tuesday
atm3500051,5455,4140,Tuesday
atm3500052,6820,6560,Tuesday
atm3500053,4895,5075,Tuesday
atm3500054,4920,5245,Tuesday
atm3500055,5615,5895,Tuesday
atm3500056,4640,7270,Tuesday
atm3500057,5175,4775,Tuesday
atm3500058,5860,4110,Tuesday
atm3500059,5570,3880,Tuesday
atm3500060,2885,4140,Tuesday
atm3500061,5970,5290,Tuesday
atm3500066,5560,6325,Tuesday
atm3500067,5930,4190,Tuesday
atm3500068,4290,4605,Tuesday
atm3500069,3705,4470,Tuesday
atm3500070,2540,5570,Tuesday
atm3500071,3470,5165,Tuesday
atm3500072,5750,4320,Tuesday
atm3500073,5165,5885,Tuesday
atm3500074,4580,7425,Tuesday
atm3500075,3655,3430,Tuesday
atm3500076,6115,6145,Tuesday
atm3500077,4835,5050,Tuesday
atm3500078,2940,3565,Tuesday
atm3500079,3640,2860,Tuesday
atm3500080,4380,5225,Tuesday
atm3500081,2575,3725,Tuesday
atm3500082,5160,6620,Tuesday
atm3500083,6535,4565,Tuesday
atm3500084,4760,2975,Tuesday
atm3500085,4360,5150,Tuesday
atm3500086,6150,4920,Tuesday
atm3500087,4370,5785,Tuesday
atm3500088,2980,6360,Tuesday
atm3500089,3260,5615,Tuesday
atm3500090,4685,3485,Tuesday
atm3500091,4270,4060,Tuesday
atm3500092,5630,5300,Tuesday
atm3500093,2355,5675,Tuesday
atm3500094,3165,5190,Tuesday
atm3500095,2050,5360,Tuesday
atm3500096,3190,3870,Tuesday
atm3500097,4500,6240,Tuesday
atm3500098,7000,6770,Tuesday
atm3500099,3620,6340,Tuesday
atm35000100,2940,4755,Tuesday
atm35000101,2250,3615,Tuesday
atm35000102,6170,5440,Tuesday
atm35000103,6380,3295,Tuesday
atm35000104,5410,5575,Tuesday
atm35000105,3760,5100,Tuesday
atm35000106,4795,2485,Tuesday
atm35000107,4910,3225,Tuesday
atm35000108,6300,4275,Tuesday
atm35000109,5135,4025,Tuesday
atm35000110,5480,6390,Tuesday
atm35000111,2655,6275,Tuesday
atm35000112,4990,5560,Tuesday
atm35000113,4535,4580,Tuesday
atm35000114,5410,6130,Tuesday
atm35000115,6315,6035,Tuesday
atm35000116,5880,2875,Tuesday
atm35000117,2255,5685,Tuesday
atm35000118,3335,6075,Tuesday
atm35000119,5365,4115,Tuesday
atm35000120,4295,3640,Tuesday
atm35000121,4835,4775,Tuesday
atm35000122,3335,3520,Tuesday
atm35000123,1630,5605,Tuesday
atm35000124,5620,6065,Tuesday
atm35000125,2755,3870,Tuesday
atm35000126,5885,3470,Tuesday
atm35000127,2845,5735,Tuesday
atm35000128,5005,4255,Tuesday
atm35000129,3280,4710,Tuesday
atm35000130,3140,4195,Tuesday
atm35000131,3285,3755,Tuesday
atm35000132,7055,4100,Tuesday
atm35000133,4210,4845,Tuesday
atm35000134,2665,6770,Tuesday
atm35000135,4115,6235,Tuesday
atm35000136,6555,3095,Tuesday
atm35000137,3705,2860,Tuesday
atm35000138,2625,4625,Tuesday
atm35000139,3770,5245,Tuesday
atm35000140,5915,3095,Tuesday
atm35000141,4895,3860,Tuesday
atm35000142,4790,3475,Tuesday
atm35000143,6530,2880,Tuesday
atm35000144,3640,4295,Tuesday
atm35000145,2440,3475,Tuesday
atm35000146,4925,5960,Tuesday
atm35000147,6045,3805,Tuesday
atm35000148,4360,4570,Tuesday
atm35000149,1990,4285,Tuesday
atm35000150,3770,4085,Tuesday
atm35000151,2935,6225,Tuesday
atm35000152,5980,4365,Tuesday
atm35000153,4530,3525,Tuesday
atm35000154,2145,5435,Tuesday
atm35000155,2905,4395,Tuesday
atm35000156,3020,6180,Tuesday
atm35000157,4770,6765,Tuesday
atm35000158,6430,4730,Tuesday
atm35000159,4810,2965,Tuesday
atm35000160,2540,6170,Tuesday
atm35000161,3085,5535,Tuesday
atm35000162,3070,4645,Tuesday
atm35000163,6660,4400,Tuesday
atm35000164,5775,4095,Tuesday
atm35000165,2915,6760,Tuesday
atm35000166,4735,5150,Tuesday
atm35000167,5370,6305,Tuesday
atm35000168,2995,8875,Tuesday
atm35000169,3960,5050,Tuesday
atm35000170,2575,4775,Tuesday
atm35000171,3480,3095,Tuesday
atm35000172,3390,6220,Tuesday
atm35000173,3365,4305,Tuesday
atm35000174,1925,4285,Tuesday
atm35000175,3465,3485,Tuesday
atm35000176,3770,5025,Tuesday
atm35000177,4830,4115,Tuesday
atm35000178,4230,4825,Tuesday
atm35000179,4365,5975,Tuesday
atm35000180,5845,6840,Tuesday
atm35000181,1755,3665,Tuesday
atm35000182,1765,3845,Tuesday
atm35000183,2935,5075,Tuesday
atm35000184,4775,4420,Tuesday
atm35000185,5515,4910,Tuesday
atm35000186,2735,4390,Tuesday
atm35000187,6350,5880,Tuesday
atm35000188,4990,4995,Tuesday
atm35000189,1925,3105,Tuesday
atm35000190,5745,5080,Tuesday
atm35000191,5545,5555,Tuesday
atm35000192,4895,5985,Tuesday
atm35000193,4270,4980,Tuesday
atm35000194,1990,4975,Tuesday
atm35000195,6370,4095,Tuesday
atm35000196,4980,5680,Tuesday
atm35000197,2930,4025,Tuesday
atm35000198,5855,4065,Tuesday
atm35000199,4170,5595,Tuesday
atm35000200,2660,5560,Tuesday
atm35000201,2770,5780,Tuesday
atm35000202,1745,3175,Tuesday
atm35000203,3665,3970,Tuesday
atm35000204,3575,5815,Tuesday
atm35000205,1960,4935,Tuesday
atm35000206,3950,5565,Tuesday
atm35000207,3580,4320,Tuesday
atm35000208,7400,3070,Tuesday
atm35000209,3050,4665,Tuesday
atm35000210,3705,3910,Tuesday
atm35000211,2255,6065,Tuesday
atm35000212,3075,4945,Tuesday
atm35000213,5305,3005,Tuesday
atm35000214,3515,3185,Tuesday
atm35000215,6470,4620,Tuesday
atm35000216,3605,6690,Tuesday
atm35000217,4960,6285,Tuesday
atm35000218,1700,4835,Tuesday
atm35000219,4700,6260,Tuesday
atm35000220,2985,6670,Tuesday
atm35000221,6775,5655,Tuesday
atm35000222,5675,4730,Tuesday
atm35000223,6645,3685,Tuesday
atm35000224,4990,3160,Tuesday
atm35000225,5485,4885,Tuesday
atm35000226,1795,6225,Tuesday
atm35000227,4500,4885,Tuesday
atm35000228,5340,8710,Tuesday
atm35000229,5020,3245,Tuesday
atm35000265,5965,4110,Tuesday
atm35000266,3205,3600,Tuesday
atm35000267,5105,2550,Tuesday
atm35000268,3855,4890,Tuesday
atm35000269,5375,5955,Tuesday
atm35000270,2990,2885,Tuesday
atm35000271,4080,3735,Tuesday
atm35000272,4225,5870,Tuesday
atm35000273,2550,3960,Tuesday
atm35000274,3970,5635,Tuesday
atm35000275,5865,5520,Tuesday
atm35000276,5090,4425,Tuesday
atm35000277,1980,5085,Tuesday
atm35000278,3020,4715,Tuesday
atm35000279,3740,5510,Tuesday
atm35000280,5035,5820,Tuesday
atm35000281,4905,5325,Tuesday
atm35000282,5090,4605,Tuesday
atm35000283,5155,5650,Tuesday
atm35000284,3585,2740,Tuesday
atm35000285,1875,4510,Tuesday
atm35000286,4740,5250,Tuesday
atm35000287,2620,5555,Tuesday
atm35000288,3535,6575,Tuesday
atm35000289,5420,5045,Tuesday
atm35000290,5545,6140,Tuesday
atm35000291,5995,4030,Tuesday
atm35000292,4210,4670,Tuesday
atm35000293,4220,4170,Tuesday
atm35000294,2900,3360,Tuesday
atm35000295,6120,6010,Tuesday
atm35000296,3655,3485,Tuesday
atm35000297,3265,7805,Tuesday
atm35000298,3845,4005,Tuesday
atm35000299,1960,3555,Tuesday
atm35000300,3870,4725,Tuesday
atm35000301,4565,3105,Tuesday
atm35000302,4120,3710,Tuesday
atm35000303,3990,5775,Tuesday
atm35000304,2530,3515,Tuesday
atm35000305,6370,6535,Tuesday
atm35000306,3285,5240,Tuesday
atm35000307,6650,5345,Tuesday
atm35000308,5300,5340,Tuesday
atm35000309,3350,4740,Tuesday
atm35000310,2415,2485,Tuesday
atm35000311,2260,6460,Tuesday
atm35000312,1915,4230,Tuesday
atm35000313,5030,4615,Tuesday
atm35000314,4570,7345,Tuesday
atm35000315,5205,7240,Tuesday
atm35000316,2800,6825,Tuesday
atm35000317,5115,4700,Tuesday
atm35000318,2365,3325,Tuesday
atm35000319,2585,4835,Tuesday
atm35000320,5140,3620,Tuesday
atm35000321,6105,2695,Tuesday
atm35000322,4430,6235,Tuesday
atm35000323,3415,6350,Tuesday
atm35000324,1760,5805,Tuesday
atm35000325,2695,5710,Tuesday
atm35000326,2075,3765,Tuesday
atm35000327,2290,3385,Tuesday
atm35000328,4065,5400,Tuesday
atm35000329,4315,4325,Tuesday
atm35000330,2730,4285,Tuesday
atm35000331,4875,6110,Tuesday
atm35000332,4005,3770,Tuesday
atm35000333,5195,5395,Tuesday
atm35000334,2950,6310,Tuesday
atm35000335,5230,3565,Tuesday
atm35000336,4395,4360,Tuesday
atm35000337,4515,7630,Tuesday
atm35000338,2795,3075,Tuesday
atm35000339,6230,5485,Tuesday
atm35000340,4130,3520,Tuesday
atm35000341,4575,4965,Tuesday
atm35000342,4815,5115,Tuesday
atm35000343,5960,6675,Tuesday
atm35000344,3435,4720,Tuesday
atm35000345,3520,6520,Tuesday
atm35000346,1435,5970,Tuesday
atm35000347,3965,5815,Tuesday
atm35000348,3805,5625,Tuesday
atm35000349,4800,2930,Tuesday
atm35000350,6430,5455,Tuesday
atm35000351,2110,5735,Tuesday
atm35000352,5850,4320,Tuesday
atm35000353,3305,2810,Tuesday
atm35000354,4550,3930,Tuesday
atm35000355,4585,6440,Tuesday
atm35000356,4195,4750,Tuesday
atm35000357,2970,4015,Tuesday
atm35000358,3075,3680,Tuesday
atm0,0,0,Tuesday
atm350001,3695,2845,Tuesday
atm350002,3290,6055,Tuesday
atm350003,4395,5225,Tuesday
atm350004,4075,3980,Tuesday
atm350005,4305,5045,Tuesday
atm350006,5990,7585,Tuesday
atm350007,4625,5295,Tuesday
atm350008,2120,3145,Tuesday
atm350009,3720,5500,Tuesday
atm3500010,5850,5315,Tuesday
atm3500011,4860,4070,Tuesday
atm3500012,2905,6810,Tuesday
atm3500013,3545,4500,Tuesday
atm3500014,5255,3740,Tuesday
atm3500015,5160,4590,Tuesday
atm3500016,1750,4675,Tuesday
atm3500017,6765,6305,Tuesday
atm3500018,3045,3600,Tuesday
atm3500019,2700,4315,Tuesday
atm3500020,6180,4300,Tuesday
atm3500021,5410,5470,Tuesday
atm3500022,5655,3935,Tuesday
atm3500023,4405,2080,Tuesday
atm3500024,3850,2460,Tuesday
atm3500025,4675,4085,Tuesday
atm3500026,5220,5825,Tuesday
atm3500027,6590,6265,Tuesday
atm3500028,3725,6920,Tuesday
atm3500029,3850,6370,Tuesday
atm3500030,2860,3530,Tuesday
atm3500031,5670,4870,Tuesday
atm3500032,3405,5965,Tuesday
atm3500033,5345,3250,Tuesday
atm3500034,3625,4350,Tuesday
atm3500035,3840,3375,Tuesday
atm3500062,3070,4980,Tuesday
atm3500063,4180,5610,Tuesday
atm3500064,5770,5115,Tuesday
atm3500065,4840,5470,Tuesday
atm35000230,5370,3065,Tuesday
atm35000231,6405,3070,Tuesday
atm35000232,1995,3190,Tuesday
atm35000233,3305,2440,Tuesday
atm35000234,4095,5410,Tuesday
atm35000235,4395,3555,Tuesday
atm35000236,4230,4065,Tuesday
atm35000237,6180,3865,Tuesday
atm35000238,5220,3275,Tuesday
atm35000239,3065,3630,Tuesday
atm35000240,3490,6180,Tuesday
atm35000241,3550,4665,Tuesday
atm35000242,4460,5980,Tuesday
atm35000243,5215,2915,Tuesday
atm35000244,5350,5580,Tuesday
atm35000245,4490,3450,Tuesday
atm35000246,4505,2945,Tuesday
atm35000247,6145,3570,Tuesday
atm35000248,2245,4310,Tuesday
atm35000249,6475,5675,Tuesday
atm35000250,5260,7135,Tuesday
atm35000251,3670,3510,Tuesday
atm35000252,6640,6140,Tuesday
atm35000253,5355,5290,Tuesday
atm35000254,6170,3570,Tuesday
atm35000255,5115,3145,Tuesday
atm35000256,2885,3415,Tuesday
atm35000257,2320,5895,Tuesday
atm35000258,5665,4230,Tuesday
atm35000259,5060,4340,Tuesday
atm35000260,2600,5260,Tuesday
atm35000261,2270,4160,Tuesday
atm35000262,2320,4930,Tuesday
atm35000263,4865,3835,Tuesday
atm35000264,4720,4750,Tuesday
atm3500036,4610,5105,Tuesday
atm3500037,2740,3705,Tuesday
atm3500038,2590,8065,Tuesday
atm3500039,4380,6060,Tuesday
atm3500040,8240,4120,Tuesday
atm3500041,4615,5910,Tuesday
atm3500042,5325,4980,Tuesday
atm3500043,2930,5715,Tuesday
atm3500044,4160,4595,Tuesday
atm3500045,2835,4395,Tuesday
atm3500046,3600,6435,Tuesday
atm3500047,2690,5295,Tuesday
atm3500048,5995,4360,Tuesday
atm3500049,5400,4290,Tuesday
atm3500050,3460,4775,Tuesday
atm3500051,5110,4185,Tuesday
atm3500052,2290,4445,Tuesday
atm3500053,1670,4490,Tuesday
atm3500054,5540,3360,Tuesday
atm3500055,5880,6655,Tuesday
atm3500056,4410,6695,Tuesday
atm3500057,4070,6430,Tuesday
atm3500058,3870,3655,Tuesday
atm3500059,5530,5060,Tuesday
atm3500060,2590,4415,Tuesday
atm3500061,2685,5265,Tuesday
atm3500066,5505,4535,Tuesday
atm3500067,3210,5445,Tuesday
atm3500068,1335,6690,Tuesday
atm3500069,3000,3380,Tuesday
atm3500070,4320,6810,Tuesday
atm3500071,4560,3805,Tuesday
atm3500072,4735,5255,Tuesday
atm3500073,6460,2970,Tuesday
atm3500074,5310,7265,Tuesday
atm3500075,2970,6315,Tuesday
atm3500076,5845,5010,Tuesday
atm3500077,3200,4045,Tuesday
atm3500078,7080,3540,Tuesday
atm3500079,5590,5700,Tuesday
atm3500080,4970,3585,Tuesday
atm3500081,3675,3865,Tuesday
atm3500082,5240,4235,Tuesday
atm3500083,4760,4965,Tuesday
atm3500084,8375,5480,Tuesday
atm3500085,2565,3715,Tuesday
atm3500086,5080,7075,Tuesday
atm3500087,4355,5570,Tuesday
atm3500088,2525,6920,Tuesday
atm3500089,7045,3525,Tuesday
atm3500090,2910,3365,Tuesday
atm3500091,4330,3270,Tuesday
atm3500092,4330,5765,Tuesday
atm3500093,3245,6980,Tuesday
atm3500094,4735,4760,Tuesday
atm3500095,3185,7205,Tuesday
atm3500096,5365,3155,Tuesday
atm3500097,4535,6525,Tuesday
atm3500098,6350,4715,Tuesday
atm3500099,4350,4605,Tuesday
atm35000100,1575,3590,Tuesday
atm35000101,2775,4365,Tuesday
atm35000102,2375,6325,Tuesday
atm35000103,2755,6215,Tuesday
atm35000104,5515,5590,Tuesday
atm35000105,5215,4365,Tuesday
atm35000106,2890,4370,Tuesday
atm35000107,4585,3705,Tuesday
atm35000108,4355,3500,Tuesday
atm35000109,4100,4460,Tuesday
atm35000110,2790,3795,Tuesday
atm35000111,2475,3000,Tuesday
atm35000112,2480,5885,Tuesday
atm35000113,4985,2975,Tuesday
atm35000114,2570,4325,Tuesday
atm35000115,3720,3975,Tuesday
atm35000116,5805,5190,Tuesday
atm35000117,6730,3405,Tuesday
atm35000118,5180,3630,Tuesday
atm35000119,7430,5545,Tuesday
atm35000120,6425,6305,Tuesday
atm35000121,5485,6180,Tuesday
atm35000122,5180,5665,Tuesday
atm35000123,5950,3815,Tuesday
atm35000124,5750,5595,Tuesday
atm35000125,3950,5220,Tuesday
atm35000126,5085,4270,Tuesday
atm35000127,2420,4615,Tuesday
atm35000128,2070,5860,Tuesday
atm35000129,1325,4135,Tuesday
atm35000130,4500,3265,Tuesday
atm35000131,4020,3570,Tuesday
atm35000132,2120,4870,Tuesday
atm35000133,3295,3715,Tuesday
atm35000134,5750,4780,Tuesday
atm35000135,3180,3935,Tuesday
atm35000136,4535,6245,Tuesday
atm35000137,5055,4275,Tuesday
atm35000138,3240,3875,Tuesday
atm35000139,3115,4640,Tuesday
atm35000140,5345,5435,Tuesday
atm35000141,3760,2715,Tuesday
atm35000142,5745,5545,Tuesday
atm35000143,4155,5085,Tuesday
atm35000144,2185,6660,Tuesday
atm35000145,3605,5050,Tuesday
atm35000146,5030,5350,Tuesday
atm35000147,6100,3345,Tuesday
atm35000148,3965,4940,Tuesday
atm35000149,3420,6590,Tuesday
atm35000150,5700,5355,Tuesday
atm35000151,3590,5620,Tuesday
atm35000152,4975,4860,Tuesday
atm35000153,4775,4255,Tuesday
atm35000154,5145,4935,Tuesday
atm35000155,2820,4940,Tuesday
atm35000156,2070,4655,Tuesday
atm35000157,6030,5960,Tuesday
atm35000158,6215,7155,Tuesday
atm35000159,1955,6840,Tuesday
atm35000160,4610,3460,Tuesday
atm35000161,5455,5795,Tuesday
atm35000162,5055,3080,Tuesday
atm35000163,2075,4985,Tuesday
atm35000164,4855,4690,Tuesday
atm35000165,4805,4830,Tuesday
atm35000166,5025,5785,Tuesday
atm35000167,6825,6760,Tuesday
atm35000168,4655,5685,Tuesday
atm35000169,3455,3300,Tuesday
atm35000170,5120,5055,Tuesday
atm35000171,5860,3895,Tuesday
atm35000172,2610,4730,Tuesday
atm35000173,5160,5995,Tuesday
atm35000174,3870,5375,Tuesday
atm35000175,3970,4625,Tuesday
atm35000176,5445,4340,Tuesday
atm35000177,3845,5235,Tuesday
atm35000178,3370,5520,Tuesday
atm35000179,3580,4050,Tuesday
atm35000180,1985,4175,Tuesday
atm35000181,2555,6330,Tuesday
atm35000182,3335,7080,Tuesday
atm35000183,2690,3470,Tuesday
atm35000184,1995,4680,Tuesday
atm35000185,5340,3230,Tuesday
atm35000186,4755,3765,Tuesday
atm35000187,1560,6050,Tuesday
atm35000188,1990,5365,Tuesday
atm35000189,2390,4245,Tuesday
atm35000190,2640,4525,Tuesday
atm35000191,1995,5295,Tuesday
atm35000192,4470,5965,Tuesday
atm35000193,5425,3385,Tuesday
atm35000194,2620,5010,Tuesday
atm35000195,5195,3935,Tuesday
atm35000196,3775,5110,Tuesday
atm35000197,1980,5795,Tuesday
atm35000198,4270,2460,Tuesday
atm35000199,4800,4625,Tuesday
atm35000200,5130,6860,Tuesday
atm35000201,6775,5840,Tuesday
atm35000202,2915,3995,Tuesday
atm35000203,2915,7015,Tuesday
atm35000204,4605,4640,Tuesday
atm35000205,2940,3525,Tuesday
atm35000206,5835,5490,Tuesday
atm35000207,6410,3665,Tuesday
atm35000208,4375,4220,Tuesday
atm35000209,5535,5200,Tuesday
atm35000210,6180,3820,Tuesday
atm35000211,2375,6550,Tuesday
atm35000212,5475,4855,Tuesday
atm35000213,1215,5495,Tuesday
atm35000214,1675,5770,Tuesday
atm35000215,5430,2895,Tuesday
atm35000216,3905,3615,Tuesday
atm35000217,5265,4400,Tuesday
atm35000218,5135,4900,Tuesday
atm35000219,3855,5930,Tuesday
atm35000220,5075,3145,Tuesday
atm35000221,3550,6395,Tuesday
atm35000222,2460,3905,Tuesday
atm35000223,2330,5655,Tuesday
atm35000224,3675,4010,Tuesday
atm35000225,5955,4145,Tuesday
atm35000226,3915,3475,Tuesday
atm35000227,6040,5330,Tuesday
atm35000228,2835,4400,Tuesday
atm35000229,3520,3500,Tuesday
atm35000265,1655,5885,Tuesday
atm35000266,7805,4255,Tuesday
atm35000267,2270,5390,Tuesday
atm35000268,2025,6210,Tuesday
atm35000269,3170,5190,Tuesday
atm35000270,4795,5380,Tuesday
atm35000271,3425,4960,Tuesday
atm35000272,5245,6425,Tuesday
atm35000273,4580,4935,Tuesday
atm35000274,4390,6540,Tuesday
atm35000275,6290,7125,Tuesday
atm35000276,3005,5825,Tuesday
atm35000277,3625,4310,Tuesday
atm35000278,2235,5155,Tuesday
atm35000279,5095,4345,Tuesday
atm35000280,6285,4470,Tuesday
atm35000281,5765,4095,Tuesday
atm35000282,5840,5570,Tuesday
atm35000283,5030,3695,Tuesday
atm35000284,3295,5445,Tuesday
atm35000285,2200,6055,Tuesday
atm35000286,3870,5725,Tuesday
atm35000287,4265,5190,Tuesday
atm35000288,1925,6065,Tuesday
atm35000289,3185,6515,Tuesday
atm35000290,4165,5260,Tuesday
atm35000291,3030,5195,Tuesday
atm35000292,3500,3885,Tuesday
atm35000293,5860,5755,Tuesday
atm35000294,2470,3320,Tuesday
atm35000295,6370,3720,Tuesday
atm35000296,5050,5550,Tuesday
atm35000297,6285,3515,Tuesday
atm35000298,5715,4900,Tuesday
atm35000299,4940,5585,Tuesday
atm35000300,5015,7605,Tuesday
atm35000301,6220,5315,Tuesday
atm35000302,6135,7055,Tuesday
atm35000303,6060,6380,Tuesday
atm35000304,5015,4555,Tuesday
atm35000305,1995,6790,Tuesday
atm35000306,2550,4820,Tuesday
atm35000307,3625,5050,Tuesday
atm35000308,4050,5890,Tuesday
atm35000309,2950,4075,Tuesday
atm35000310,5585,5045,Tuesday
atm35000311,2045,5185,Tuesday
atm35000312,3560,5350,Tuesday
atm35000313,6310,2905,Tuesday
atm35000314,3935,5605,Tuesday
atm35000315,4470,3925,Tuesday
atm35000316,4835,5585,Tuesday
atm35000317,5410,6390,Tuesday
atm35000318,5135,3835,Tuesday
atm35000319,4565,5490,Tuesday
atm35000320,4265,5360,Tuesday
atm35000321,4450,3810,Tuesday
atm35000322,6390,4020,Tuesday
atm35000323,2520,5615,Tuesday
atm35000324,6460,3875,Tuesday
atm35000325,3210,3490,Tuesday
atm35000326,4230,5635,Tuesday
atm35000327,2445,4750,Tuesday
atm35000328,2240,6010,Tuesday
atm35000329,5375,6030,Tuesday
atm35000330,3455,4225,Tuesday
atm35000331,5225,5700,Tuesday
atm35000332,2360,6210,Tuesday
atm35000333,3545,4050,Tuesday
atm35000334,7035,4505,Tuesday
atm35000335,2650,2995,Tuesday
atm35000336,2565,4660,Tuesday
atm35000337,5940,6080,Tuesday
atm35000338,2255,4455,Tuesday
atm35000339,4440,4830,Tuesday
atm35000340,6670,2805,Tuesday
atm35000341,2430,3580,Tuesday
atm35000342,3160,4475,Tuesday
atm35000343,4625,4160,Tuesday
atm35000344,5435,4290,Tuesday
atm35000345,5275,4200,Tuesday
atm35000346,6470,5110,Tuesday
atm35000347,4775,3805,Tuesday
atm35000348,5360,3915,Tuesday
atm35000349,3570,4645,Tuesday
atm35000350,3325,4570,Tuesday
atm35000351,5215,6100,Tuesday
atm35000352,3015,4985,Tuesday
atm35000353,4765,4185,Tuesday
atm35000354,4540,5175,Tuesday
atm35000355,3980,3550,Tuesday
atm35000356,3615,4220,Tuesday
atm35000357,6865,3970,Tuesday
atm35000358,7810,3110,Tuesday
atm0,0,0,Tuesday
atm350001,3040,6155,Tuesday
atm350002,5685,4415,Tuesday
atm350003,4550,6350,Tuesday
atm350004,4030,4305,Tuesday
atm350005,2415,4130,Tuesday
atm350006,5150,4650,Tuesday
atm350007,3130,6485,Tuesday
atm350008,5555,5375,Tuesday
atm350009,6195,4000,Tuesday
atm3500010,4915,5215,Tuesday
atm3500011,5415,3955,Tuesday
atm3500012,6880,5890,Tuesday
atm3500013,4720,5240,Tuesday
atm3500014,1770,5075,Tuesday
atm3500015,3485,7425,Tuesday
atm3500016,2280,4205,Tuesday
atm3500017,2375,7920,Tuesday
atm3500018,4210,8255,Tuesday
atm3500019,6030,3310,Tuesday
atm3500020,3880,6055,Tuesday
atm3500021,4060,4530,Tuesday
atm3500022,4045,5020,Tuesday
atm3500023,4490,6345,Tuesday
atm3500024,1905,4445,Tuesday
atm3500025,5700,3595,Tuesday
atm3500026,5190,5415,Tuesday
atm3500027,6055,6640,Tuesday
atm3500028,6195,4260,Tuesday
atm3500029,2855,5240,Tuesday
atm3500030,3960,5390,Tuesday
atm3500031,4525,4925,Tuesday
atm3500032,4430,6200,Tuesday
atm3500033,5570,5070,Tuesday
atm3500034,5235,5875,Tuesday
atm3500035,3840,5750,Tuesday
atm3500062,1580,4025,Tuesday
atm3500063,3590,6365,Tuesday
atm3500064,2190,5575,Tuesday
atm3500065,3940,5375,Tuesday
atm35000230,4925,5475,Tuesday
atm35000231,2165,4575,Tuesday
atm35000232,5095,4925,Tuesday
atm35000233,4670,4335,Tuesday
atm35000234,5120,5585,Tuesday
atm35000235,5610,5470,Tuesday
atm35000236,4825,3605,Tuesday
atm35000237,6135,3880,Tuesday
atm35000238,6070,3755,Tuesday
atm35000239,2840,4985,Tuesday
atm35000240,4275,4705,Tuesday
atm35000241,2570,5280,Tuesday
atm35000242,3790,6530,Tuesday
atm35000243,3240,5230,Tuesday
atm35000244,4410,3460,Tuesday
atm35000245,3430,6050,Tuesday
atm35000246,2730,5570,Tuesday
atm35000247,4575,2995,Tuesday
atm35000248,7495,5910,Tuesday
atm35000249,2865,4635,Tuesday
atm35000250,4785,3580,Tuesday
atm35000251,3595,5965,Tuesday
atm35000252,3190,5440,Tuesday
atm35000253,5055,3655,Tuesday
atm35000254,4330,4750,Tuesday
atm35000255,5350,6380,Tuesday
atm35000256,2355,5365,Tuesday
atm35000257,5145,5120,Tuesday
atm35000258,3220,5935,Tuesday
atm35000259,4050,6700,Tuesday
atm35000260,6105,2975,Tuesday
atm35000261,3450,4690,Tuesday
atm35000262,2940,4815,Tuesday
atm35000263,3135,4635,Tuesday
atm35000264,4160,5855,Tuesday
atm3500036,3060,5130,Tuesday
atm3500037,3450,3375,Tuesday
atm3500038,5435,4710,Tuesday
atm3500039,4215,3700,Tuesday
atm3500040,3600,5345,Tuesday
atm3500041,5145,3970,Tuesday
atm3500042,3210,6600,Tuesday
atm3500043,3500,3855,Tuesday
atm3500044,7305,6155,Tuesday
atm3500045,4695,4905,Tuesday
atm3500046,3925,4760,Tuesday
atm3500047,6230,3380,Tuesday
atm3500048,4395,5270,Tuesday
atm3500049,4875,3050,Tuesday
atm3500050,2195,5465,Tuesday
atm3500051,2610,4300,Tuesday
atm3500052,4645,5695,Tuesday
atm3500053,2645,3545,Tuesday
atm3500054,7040,3545,Tuesday
atm3500055,3795,2980,Tuesday
atm3500056,6435,4550,Tuesday
atm3500057,3685,3690,Tuesday
atm3500058,3930,6150,Tuesday
atm3500059,2400,3420,Tuesday
atm3500060,4555,4900,Tuesday
atm3500061,4810,5910,Tuesday
atm3500066,3600,4605,Tuesday
atm3500067,3965,3825,Tuesday
atm3500068,2760,4720,Tuesday
atm3500069,3775,4445,Tuesday
atm3500070,2745,4680,Tuesday
atm3500071,6645,3085,Tuesday
atm3500072,2170,4730,Tuesday
atm3500073,4140,6475,Tuesday
atm3500074,2400,4935,Tuesday
atm3500075,2525,3035,Tuesday
atm3500076,6000,5945,Tuesday
atm3500077,5310,3625,Tuesday
atm3500078,2135,4865,Tuesday
atm3500079,2515,6895,Tuesday
atm3500080,3215,4465,Tuesday
atm3500081,2615,7225,Tuesday
atm3500082,2645,3390,Tuesday
atm3500083,3870,6725,Tuesday
atm3500084,5615,5465,Tuesday
atm3500085,3150,4995,Tuesday
atm3500086,4615,3495,Tuesday
atm3500087,7550,6395,Tuesday
atm3500088,5950,6835,Tuesday
atm3500089,2295,4950,Tuesday
atm3500090,2790,4535,Tuesday
atm3500091,2245,3325,Tuesday
atm3500092,5350,2795,Tuesday
atm3500093,5290,3915,Tuesday
atm3500094,5255,6620,Tuesday
atm3500095,2130,5540,Tuesday
atm3500096,4610,6255,Tuesday
atm3500097,5440,5360,Tuesday
atm3500098,3115,3570,Tuesday
atm3500099,6415,5400,Tuesday
atm35000100,5970,6475,Tuesday
atm35000101,2725,4570,Tuesday
atm35000102,4220,2485,Tuesday
atm35000103,3175,5560,Tuesday
atm35000104,5035,3600,Tuesday
atm35000105,4150,5915,Tuesday
atm35000106,4495,4815,Tuesday
atm35000107,3780,5550,Tuesday
atm35000108,4020,4780,Tuesday
atm35000109,1855,4505,Tuesday
atm35000110,4115,6215,Tuesday
atm35000111,3955,3630,Tuesday
atm35000112,3685,5690,Tuesday
atm35000113,3840,5530,Tuesday
atm35000114,2785,4705,Tuesday
atm35000115,4880,3240,Tuesday
atm35000116,5905,3540,Tuesday
atm35000117,2455,5420,Tuesday
atm35000118,4165,4000,Tuesday
atm35000119,3215,4045,Tuesday
atm35000120,5905,5245,Tuesday
atm35000121,3640,7655,Tuesday
atm35000122,4975,4760,Tuesday
atm35000123,3510,5885,Tuesday
atm35000124,6770,6930,Tuesday
atm35000125,2305,5670,Tuesday
atm35000126,2290,5230,Tuesday
atm35000127,5190,5070,Tuesday
atm35000128,7035,5275,Tuesday
atm35000129,2185,5425,Tuesday
atm35000130,2015,5510,Tuesday
atm35000131,3820,6020,Tuesday
atm35000132,6945,5400,Tuesday
atm35000133,2835,4615,Tuesday
atm35000134,5650,5535,Tuesday
atm35000135,4085,3790,Tuesday
atm35000136,2145,3990,Tuesday
atm35000137,5495,5075,Tuesday
atm35000138,3475,4210,Tuesday
atm35000139,6110,4435,Tuesday
atm35000140,2860,5180,Tuesday
atm35000141,2365,4910,Tuesday
atm35000142,5730,7175,Tuesday
atm35000143,1320,6375,Tuesday
atm35000144,2185,5780,Tuesday
atm35000145,4650,4000,Tuesday
atm35000146,5270,5740,Tuesday
atm35000147,3195,3965,Tuesday
atm35000148,2315,6555,Tuesday
atm35000149,3365,2645,Tuesday
atm35000150,4330,3890,Tuesday
atm35000151,3935,4330,Tuesday
atm35000152,6505,6905,Tuesday
atm35000153,4375,6685,Tuesday
atm35000154,3095,3870,Tuesday
atm35000155,4105,3960,Tuesday
atm35000156,4370,5265,Tuesday
atm35000157,5105,4065,Tuesday
atm35000158,5515,5415,Tuesday
atm35000159,4515,4685,Tuesday
atm35000160,3090,4990,Tuesday
atm35000161,4225,3255,Tuesday
atm35000162,6270,5050,Tuesday
atm35000163,2830,6470,Tuesday
atm35000164,5315,5250,Tuesday
atm35000165,1785,4615,Tuesday
atm35000166,4215,4120,Tuesday
atm35000167,3830,5555,Tuesday
atm35000168,3600,6705,Tuesday
atm35000169,4850,6980,Tuesday
atm35000170,4555,6285,Tuesday
atm35000171,6250,5575,Tuesday
atm35000172,6190,4605,Tuesday
atm35000173,5445,5915,Tuesday
atm35000174,5420,3890,Tuesday
atm35000175,3365,2940,Tuesday
atm35000176,2330,4005,Tuesday
atm35000177,5670,3310,Tuesday
atm35000178,2455,3320,Tuesday
atm35000179,5260,4480,Tuesday
atm35000180,3705,5890,Tuesday
atm35000181,2690,3110,Tuesday
atm35000182,2660,3890,Tuesday
atm35000183,2515,4910,Tuesday
atm35000184,5250,3060,Tuesday
atm35000185,4305,4725,Tuesday
atm35000186,3720,6805,Tuesday
atm35000187,4195,4195,Tuesday
atm35000188,4295,5220,Tuesday
atm35000189,3240,4080,Tuesday
atm35000190,2495,6030,Tuesday
atm35000191,4360,5805,Tuesday
atm35000192,2895,4940,Tuesday
atm35000193,3475,3345,Tuesday
atm35000194,3185,4070,Tuesday
atm35000195,4595,5195,Tuesday
atm35000196,4870,5140,Tuesday
atm35000197,3635,3440,Tuesday
atm35000198,2765,4340,Tuesday
atm35000199,4935,3520,Tuesday
atm35000200,5055,3115,Tuesday
atm35000201,1625,4680,Tuesday
atm35000202,3015,5275,Tuesday
atm35000203,6085,5870,Tuesday
atm35000204,3015,5070,Tuesday
atm35000205,2105,5640,Tuesday
atm35000206,2785,6165,Tuesday
atm35000207,3320,4345,Tuesday
atm35000208,3320,5700,Tuesday
atm35000209,4280,3200,Tuesday
atm35000210,1870,5640,Tuesday
atm35000211,2850,4645,Tuesday
atm35000212,2995,5515,Tuesday
atm35000213,2280,3905,Tuesday
atm35000214,1945,3375,Tuesday
atm35000215,3855,3675,Tuesday
atm35000216,2635,5565,Tuesday
atm35000217,5410,3875,Tuesday
atm35000218,3515,4405,Tuesday
atm35000219,2735,6335,Tuesday
atm35000220,2850,4200,Tuesday
atm35000221,3115,3580,Tuesday
atm35000222,4135,3315,Tuesday
atm35000223,4010,2720,Tuesday
atm35000224,2135,4705,Tuesday
atm35000225,2290,4430,Tuesday
atm35000226,4355,5000,Tuesday
atm35000227,5070,6110,Tuesday
atm35000228,5215,6300,Tuesday
atm35000229,3210,3970,Tuesday
atm35000265,4335,6440,Tuesday
atm35000266,3685,4655,Tuesday
atm35000267,3665,2980,Tuesday
atm35000268,4620,3995,Tuesday
atm35000269,4080,2800,Tuesday
atm35000270,1785,5830,Tuesday
atm35000271,3980,4915,Tuesday
atm35000272,4865,6270,Tuesday
atm35000273,6100,5940,Tuesday
atm35000274,4560,5860,Tuesday
atm35000275,5180,4925,Tuesday
atm35000276,5105,5470,Tuesday
atm35000277,2395,3355,Tuesday
atm35000278,6760,8200,Tuesday
atm35000279,2210,3120,Tuesday
atm35000280,5025,6555,Tuesday
atm35000281,2010,3745,Tuesday
atm35000282,2535,3680,Tuesday
atm35000283,5715,3345,Tuesday
atm35000284,2955,4970,Tuesday
atm35000285,2340,6510,Tuesday
atm35000286,4320,4805,Tuesday
atm35000287,5745,5755,Tuesday
atm35000288,4390,4300,Tuesday
atm35000289,5590,4780,Tuesday
atm35000290,4475,5590,Tuesday
atm35000291,4120,4225,Tuesday
atm35000292,4460,5675,Tuesday
atm35000293,2415,4200,Tuesday
atm35000294,5505,3770,Tuesday
atm35000295,2090,3940,Tuesday
atm35000296,6545,3850,Tuesday
atm35000297,2660,4755,Tuesday
atm35000298,6345,6080,Tuesday
atm35000299,4045,5500,Tuesday
atm35000300,4825,5145,Tuesday
atm35000301,2455,4620,Tuesday
atm35000302,4680,6260,Tuesday
atm35000303,3765,4805,Tuesday
atm35000304,3720,4810,Tuesday
atm35000305,3170,6090,Tuesday
atm35000306,4710,3940,Tuesday
atm35000307,6075,3350,Tuesday
atm35000308,4315,7060,Tuesday
atm35000309,3985,6120,Tuesday
atm35000310,3025,6585,Tuesday
atm35000311,5000,5360,Tuesday
atm35000312,4010,4015,Tuesday
atm35000313,2600,3115,Tuesday
atm35000314,6635,4840,Tuesday
atm35000315,1880,4670,Tuesday
atm35000316,5440,5590,Tuesday
atm35000317,3380,6180,Tuesday
atm35000318,4715,3890,Tuesday
atm35000319,6015,5395,Tuesday
atm35000320,5255,3005,Tuesday
atm35000321,4100,3865,Tuesday
atm35000322,3265,4210,Tuesday
atm35000323,6045,5435,Tuesday
atm35000324,7825,4750,Tuesday
atm35000325,4835,5455,Tuesday
atm35000326,4430,3690,Tuesday
atm35000327,6595,3795,Tuesday
atm35000328,3325,3235,Tuesday
atm35000329,4910,4220,Tuesday
atm35000330,6195,5635,Tuesday
atm35000331,2405,4035,Tuesday
atm35000332,4395,2975,Tuesday
atm35000333,5645,3740,Tuesday
atm35000334,5480,5630,Tuesday
atm35000335,4355,5020,Tuesday
atm35000336,2245,6765,Tuesday
atm35000337,3810,3430,Tuesday
atm35000338,6480,4520,Tuesday
atm35000339,5715,4475,Tuesday
atm35000340,2830,5815,Tuesday
atm35000341,5595,4895,Tuesday
atm35000342,3075,4090,Tuesday
atm35000343,4325,5990,Tuesday
atm35000344,4635,4565,Tuesday
atm35000345,6485,4585,Tuesday
atm35000346,2435,4555,Tuesday
atm35000347,6065,5310,Tuesday
atm35000348,2665,4765,Tuesday
atm35000349,2150,3595,Tuesday
atm35000350,5305,6180,Tuesday
atm35000351,5580,4445,Tuesday
atm35000352,6835,5025,Tuesday
atm35000353,4185,2705,Tuesday
atm35000354,3230,4250,Tuesday
atm35000355,3850,3035,Tuesday
atm35000356,7445,6040,Tuesday
atm35000357,1480,4235,Tuesday
atm35000358,3600,4010,Tuesday
atm0,0,0,Tuesday
atm350001,2205,4690,Tuesday
atm350002,5355,4935,Tuesday
atm350003,3355,5780,Tuesday
atm350004,4550,6320,Tuesday
atm350005,4515,3755,Tuesday
atm350006,3765,6910,Tuesday
atm350007,4700,3550,Tuesday
atm350008,2965,3370,Tuesday
atm350009,4990,5065,Tuesday
atm3500010,5350,6460,Tuesday
atm3500011,3515,5405,Tuesday
atm3500012,2665,4705,Tuesday
atm3500013,5525,4530,Tuesday
atm3500014,5160,6230,Tuesday
atm3500015,2510,5270,Tuesday
atm3500016,4600,4070,Tuesday
atm3500017,4225,4540,Tuesday
atm3500018,6135,4640,Tuesday
atm3500019,6185,4585,Tuesday
atm3500020,4050,7035,Tuesday
atm3500021,2870,6560,Tuesday
atm3500022,5950,3220,Tuesday
atm3500023,2610,5940,Tuesday
atm3500024,4200,2960,Tuesday
atm3500025,2790,6590,Tuesday
atm3500026,3485,6975,Tuesday
atm3500027,4075,5675,Tuesday
atm3500028,3950,4940,Tuesday
atm3500029,6755,6740,Tuesday
atm3500030,3605,4805,Tuesday
atm3500031,4985,5595,Tuesday
atm3500032,7890,3185,Tuesday
atm3500033,2285,7370,Tuesday
atm3500034,5170,6495,Tuesday
atm3500035,5865,5585,Tuesday
atm3500062,1585,5915,Tuesday
atm3500063,1860,7145,Tuesday
atm3500064,2030,4925,Tuesday
atm3500065,6630,3475,Tuesday
atm35000230,4905,5405,Tuesday
atm35000231,3160,5095,Tuesday
atm35000232,4845,5220,Tuesday
atm35000233,3850,3450,Tuesday
atm35000234,3685,5865,Tuesday
atm35000235,4050,5160,Tuesday
atm35000236,6390,3320,Tuesday
atm35000237,5710,5955,Tuesday
atm35000238,4145,4975,Tuesday
atm35000239,7010,3710,Tuesday
atm35000240,2065,4965,Tuesday
atm35000241,4800,4600,Tuesday
atm35000242,6730,4475,Tuesday
atm35000243,5025,3825,Tuesday
atm35000244,2935,5095,Tuesday
atm35000245,3160,4750,Tuesday
atm35000246,2260,4490,Tuesday
atm35000247,1215,4305,Tuesday
atm35000248,5465,5995,Tuesday
atm35000249,3320,6245,Tuesday
atm35000250,6295,4160,Tuesday
atm35000251,5330,6560,Tuesday
atm35000252,5045,3815,Tuesday
atm35000253,2915,5630,Tuesday
atm35000254,4640,4180,Tuesday
atm35000255,4200,3425,Tuesday
atm35000256,3175,5285,Tuesday
atm35000257,7005,6870,Tuesday
atm35000258,3830,6485,Tuesday
atm35000259,4490,5335,Tuesday
atm35000260,3490,4455,Tuesday
atm35000261,4435,5840,Tuesday
atm35000262,2230,6290,Tuesday
atm35000263,1515,4260,Tuesday
atm35000264,6615,6205,Tuesday
atm3500036,4390,3565,Tuesday
atm3500037,4850,3895,Tuesday
atm3500038,3355,6450,Tuesday
atm3500039,1780,6130,Tuesday
atm3500040,4580,3680,Tuesday
atm3500041,3550,5020,Tuesday
atm3500042,4940,3890,Tuesday
atm3500043,5595,4320,Tuesday
atm3500044,2450,4675,Tuesday
atm3500045,3270,4945,Tuesday
atm3500046,3135,7070,Tuesday
atm3500047,4280,4295,Tuesday
atm3500048,4495,4655,Tuesday
atm3500049,5720,4340,Tuesday
atm3500050,4130,5325,Tuesday
atm3500051,6300,5270,Tuesday
atm3500052,5070,5060,Tuesday
atm3500053,5610,3620,Tuesday
atm3500054,3780,6485,Tuesday
atm3500055,3035,7910,Tuesday
atm3500056,5180,5630,Tuesday
atm3500057,3380,5735,Tuesday
atm3500058,4610,6160,Tuesday
atm3500059,3315,4880,Tuesday
atm3500060,5195,3735,Tuesday
atm3500061,5750,2620,Tuesday
atm3500066,3115,5175,Tuesday
atm3500067,2425,3560,Tuesday
atm3500068,2590,6375,Tuesday
atm3500069,5950,5710,Tuesday
atm3500070,4685,6345,Tuesday
atm3500071,5005,3955,Tuesday
atm3500072,6125,4790,Tuesday
atm3500073,2435,4015,Tuesday
atm3500074,4525,5410,Tuesday
atm3500075,5385,3860,Tuesday
atm3500076,4880,7330,Tuesday
atm3500077,4015,8190,Tuesday
atm3500078,3135,2915,Tuesday
atm3500079,5475,4820,Tuesday
atm3500080,6280,3830,Tuesday
atm3500081,4130,3605,Tuesday
atm3500082,3435,5625,Tuesday
atm3500083,3805,5330,Tuesday
atm3500084,4035,6110,Tuesday
atm3500085,5055,4925,Tuesday
atm3500086,5475,5640,Tuesday
atm3500087,4905,4770,Tuesday
atm3500088,2345,3290,Tuesday
atm3500089,2935,3960,Tuesday
atm3500090,1715,6125,Tuesday
atm3500091,4340,4230,Tuesday
atm3500092,3355,5620,Tuesday
atm3500093,3185,3645,Tuesday
atm3500094,4810,4010,Tuesday
atm3500095,6250,4360,Tuesday
atm3500096,3380,4675,Tuesday
atm3500097,4655,5090,Tuesday
atm3500098,3670,7105,Tuesday
atm3500099,4720,3945,Tuesday
atm35000100,2605,3965,Tuesday
atm35000101,5770,4950,Tuesday
atm35000102,3575,3565,Tuesday
atm35000103,3885,5000,Tuesday
atm35000104,6630,4440,Tuesday
atm35000105,4260,3445,Tuesday
atm35000106,5575,4380,Tuesday
atm35000107,4230,4570,Tuesday
atm35000108,4425,3795,Tuesday
atm35000109,2730,4030,Tuesday
atm35000110,4030,4730,Tuesday
atm35000111,5095,4400,Tuesday
atm35000112,1945,3920,Tuesday
atm35000113,6520,3250,Tuesday
atm35000114,3965,4520,Tuesday
atm35000115,5380,5605,Tuesday
atm35000116,5570,3730,Tuesday
atm35000117,6925,5175,Tuesday
atm35000118,2100,6970,Tuesday
atm35000119,2830,5245,Tuesday
atm35000120,3285,6285,Tuesday
atm35000121,3115,6405,Tuesday
atm35000122,5150,4495,Tuesday
atm35000123,2945,5960,Tuesday
atm35000124,5495,6065,Tuesday
atm35000125,2985,4660,Tuesday
atm35000126,2710,4795,Tuesday
atm35000127,3675,4975,Tuesday
atm35000128,6100,5560,Tuesday
atm35000129,4140,5160,Tuesday
atm35000130,3480,4420,Tuesday
atm35000131,2325,6500,Tuesday
atm35000132,6175,4695,Tuesday
atm35000133,4185,4435,Tuesday
atm35000134,4985,5355,Tuesday
atm35000135,4680,3145,Tuesday
atm35000136,6965,6955,Tuesday
atm35000137,4595,4890,Tuesday
atm35000138,4255,5300,Tuesday
atm35000139,2535,3865,Tuesday
atm35000140,5055,5895,Tuesday
atm35000141,3495,3655,Tuesday
atm35000142,2160,6830,Tuesday
atm35000143,6440,4810,Tuesday
atm35000144,3080,5740,Tuesday
atm35000145,4485,3135,Tuesday
atm35000146,3645,4665,Tuesday
atm35000147,2505,3620,Tuesday
atm35000148,4490,6785,Tuesday
atm35000149,4285,5130,Tuesday
atm35000150,5650,4690,Tuesday
atm35000151,2965,6150,Tuesday
atm35000152,3550,2875,Tuesday
atm35000153,3455,5035,Tuesday
atm35000154,4175,5325,Tuesday
atm35000155,1880,5705,Tuesday
atm35000156,4115,4300,Tuesday
atm35000157,4410,5485,Tuesday
atm35000158,3210,4575,Tuesday
atm35000159,3965,4585,Tuesday
atm35000160,2185,2410,Tuesday
atm35000161,4700,7025,Tuesday
atm35000162,4065,4470,Tuesday
atm35000163,5140,6195,Tuesday
atm35000164,6025,4740,Tuesday
atm35000165,6100,3655,Tuesday
atm35000166,2535,5435,Tuesday
atm35000167,7195,6110,Tuesday
atm35000168,5215,6235,Tuesday
atm35000169,4515,7180,Tuesday
atm35000170,4475,4815,Tuesday
atm35000171,3520,4425,Tuesday
atm35000172,4935,3095,Tuesday
atm35000173,4635,3575,Tuesday
atm35000174,3450,4970,Tuesday
atm35000175,5770,3590,Tuesday
atm35000176,6000,4330,Tuesday
atm35000177,6160,5025,Tuesday
atm35000178,2245,3975,Tuesday
atm35000179,6050,4455,Tuesday
atm35000180,1515,6210,Tuesday
atm35000181,2730,4195,Tuesday
atm35000182,3900,4620,Tuesday
atm35000183,2505,6185,Tuesday
atm35000184,5365,5700,Tuesday
atm35000185,2610,3075,Tuesday
atm35000186,4610,3045,Tuesday
atm35000187,4565,5425,Tuesday
atm35000188,2715,2900,Tuesday
atm35000189,5730,4710,Tuesday
atm35000190,4360,3165,Tuesday
atm35000191,6015,4945,Tuesday
atm35000192,3865,4940,Tuesday
atm35000193,5490,4205,Tuesday
atm35000194,3135,4620,Tuesday
atm35000195,3400,6195,Tuesday
atm35000196,5530,5490,Tuesday
atm35000197,4460,4650,Tuesday
atm35000198,3640,4255,Tuesday
atm35000199,4935,3865,Tuesday
atm35000200,3900,4035,Tuesday
atm35000201,3680,5545,Tuesday
atm35000202,4425,5005,Tuesday
atm35000203,4390,3970,Tuesday
atm35000204,3535,4215,Tuesday
atm35000205,4870,4265,Tuesday
atm35000206,4470,4715,Tuesday
atm35000207,6355,6250,Tuesday
atm35000208,4545,4510,Tuesday
atm35000209,2320,5480,Tuesday
atm35000210,6340,4830,Tuesday
atm35000211,6990,4540,Tuesday
atm35000212,2315,2885,Tuesday
atm35000213,4485,4925,Tuesday
atm35000214,4210,5110,Tuesday
atm35000215,3910,5355,Tuesday
atm35000216,5625,5875,Tuesday
atm35000217,4365,3345,Tuesday
atm35000218,6055,3195,Tuesday
atm35000219,3090,3145,Tuesday
atm35000220,5140,5815,Tuesday
atm35000221,6635,3550,Tuesday
atm35000222,3025,5180,Tuesday
atm35000223,2180,6050,Tuesday
atm35000224,2565,4735,Tuesday
atm35000225,5630,7465,Tuesday
atm35000226,2780,5515,Tuesday
atm35000227,5280,4275,Tuesday
atm35000228,3115,3670,Tuesday
atm35000229,5025,4605,Tuesday
atm35000265,3580,5225,Tuesday
atm35000266,5560,3205,Tuesday
atm35000267,3795,5355,Tuesday
atm35000268,5280,6705,Tuesday
atm35000269,3440,3470,Tuesday
atm35000270,3070,4585,Tuesday
atm35000271,6640,5940,Tuesday
atm35000272,3885,6210,Tuesday
atm35000273,5060,3325,Tuesday
atm35000274,4345,8275,Tuesday
atm35000275,4225,5095,Tuesday
atm35000276,4510,4215,Tuesday
atm35000277,5335,5530,Tuesday
atm35000278,4645,4200,Tuesday
atm35000279,2485,3680,Tuesday
atm35000280,4540,3785,Tuesday
atm35000281,2950,5165,Tuesday
atm35000282,3200,6715,Tuesday
atm35000283,3590,3930,Tuesday
atm35000284,3925,1915,Tuesday
atm35000285,6420,5675,Tuesday
atm35000286,3525,3155,Tuesday
atm35000287,3590,6610,Tuesday
atm35000288,2745,2945,Tuesday
atm35000289,3050,4005,Tuesday
atm35000290,6090,2835,Tuesday
atm35000291,2170,6260,Tuesday
atm35000292,2545,3865,Tuesday
atm35000293,2285,5115,Tuesday
atm35000294,5420,4205,Tuesday
atm35000295,3235,3860,Tuesday
atm35000296,3590,5305,Tuesday
atm35000297,5030,4920,Tuesday
atm35000298,4710,4640,Tuesday
atm35000299,5125,4565,Tuesday
atm35000300,3175,5335,Tuesday
atm35000301,6380,5410,Tuesday
atm35000302,3980,3255,Tuesday
atm35000303,3855,5730,Tuesday
atm35000304,2520,4830,Tuesday
atm35000305,4190,3840,Tuesday
atm35000306,2740,5115,Tuesday
atm35000307,2090,8380,Tuesday
atm35000308,4505,4015,Tuesday
atm35000309,2560,6795,Tuesday
atm35000310,3895,4985,Tuesday
atm35000311,6665,5285,Tuesday
atm35000312,3530,3850,Tuesday
atm35000313,1200,4815,Tuesday
atm35000314,6435,6445,Tuesday
atm35000315,2445,4225,Tuesday
atm35000316,5870,4190,Tuesday
atm35000317,5800,5500,Tuesday
atm35000318,3900,4845,Tuesday
atm35000319,5430,4255,Tuesday
atm35000320,4615,5945,Tuesday
atm35000321,2955,5605,Tuesday
atm35000322,2430,5565,Tuesday
atm35000323,3515,4575,Tuesday
atm35000324,3940,5285,Tuesday
atm35000325,2795,3500,Tuesday
atm35000326,2300,6805,Tuesday
atm35000327,4280,4375,Tuesday
atm35000328,4020,5510,Tuesday
atm35000329,2405,5130,Tuesday
atm35000330,5530,5915,Tuesday
atm35000331,5585,5110,Tuesday
atm35000332,5355,6160,Tuesday
atm35000333,5290,3240,Tuesday
atm35000334,5590,4155,Tuesday
atm35000335,4630,4885,Tuesday
atm35000336,2440,6230,Tuesday
atm35000337,1900,5810,Tuesday
atm35000338,3145,3840,Tuesday
atm35000339,4625,4450,Tuesday
atm35000340,4230,5205,Tuesday
atm35000341,6745,4910,Tuesday
atm35000342,6665,3845,Tuesday
atm35000343,6020,4400,Tuesday
atm35000344,3005,4405,Tuesday
atm35000345,2020,4185,Tuesday
atm35000346,4350,4270,Tuesday
atm35000347,3375,4980,Tuesday
atm35000348,4445,4515,Tuesday
atm35000349,5850,6005,Tuesday
atm35000350,3640,4915,Tuesday
atm35000351,5980,2940,Tuesday
atm35000352,4845,4405,Tuesday
atm35000353,4065,5920,Tuesday
atm35000354,3795,3215,Tuesday
atm35000355,3635,4530,Tuesday
atm35000356,6735,5885,Tuesday
atm35000357,4025,6165,Tuesday
atm35000358,4890,5800,Tuesday
atm0,0,0,Tuesday
atm350001,2145,4105,Tuesday
atm350002,5655,4510,Tuesday
atm350003,3185,4630,Tuesday
atm350004,2410,4235,Tuesday
atm350005,3995,3175,Tuesday
atm350006,3910,6210,Tuesday
atm350007,5260,4945,Tuesday
atm350008,4285,3560,Tuesday
atm350009,4585,2655,Tuesday
atm3500010,5010,5465,Tuesday
atm3500011,3090,4550,Tuesday
atm3500012,2120,6315,Tuesday
atm3500013,4360,4075,Tuesday
atm3500014,4525,5525,Tuesday
atm3500015,4955,6230,Tuesday
atm3500016,2235,4020,Tuesday
atm3500017,5090,6165,Tuesday
atm3500018,3035,5325,Tuesday
atm3500019,3620,4485,Tuesday
atm3500020,2375,3910,Tuesday
atm3500021,4490,5100,Tuesday
atm3500022,2840,5915,Tuesday
atm3500023,2380,4720,Tuesday
atm3500024,5070,4560,Tuesday
atm3500025,2665,4050,Tuesday
atm3500026,2525,5230,Tuesday
atm3500027,2895,4195,Tuesday
atm3500028,5160,5370,Tuesday
atm3500029,4095,5080,Tuesday
atm3500030,7565,3520,Tuesday
atm3500031,3055,4410,Tuesday
atm3500032,6515,4500,Tuesday
atm3500033,6815,5960,Tuesday
atm3500034,6385,4255,Tuesday
atm3500035,2895,6110,Tuesday
atm3500062,4120,5335,Tuesday
atm3500063,5485,4650,Tuesday
atm3500064,2915,3855,Tuesday
atm3500065,4975,4895,Tuesday
atm35000230,2315,3435,Tuesday
atm35000231,3890,5835,Tuesday
atm35000232,5850,6705,Tuesday
atm35000233,2390,4410,Tuesday
atm35000234,2130,4715,Tuesday
atm35000235,5315,6465,Tuesday
atm35000236,2835,3675,Tuesday
atm35000237,2810,5585,Tuesday
atm35000238,5275,5605,Tuesday
atm35000239,4460,3120,Tuesday
atm35000240,4895,5025,Tuesday
atm35000241,5120,5185,Tuesday
atm35000242,2080,4005,Tuesday
atm35000243,4680,4675,Tuesday
atm35000244,2270,7360,Tuesday
atm35000245,3790,2780,Tuesday
atm35000246,6320,6260,Tuesday
atm35000247,3755,3020,Tuesday
atm35000248,1635,4900,Tuesday
atm35000249,2750,5640,Tuesday
atm35000250,2760,4480,Tuesday
atm35000251,4040,5680,Tuesday
atm35000252,4715,6390,Tuesday
atm35000253,3065,3625,Tuesday
atm35000254,3010,3330,Tuesday
atm35000255,3085,4935,Tuesday
atm35000256,2940,4170,Tuesday
atm35000257,4975,3450,Tuesday
atm35000258,2915,4725,Tuesday
atm35000259,5840,3840,Tuesday
atm35000260,3575,4465,Tuesday
atm35000261,3700,6530,Tuesday
atm35000262,7195,4315,Tuesday
atm35000263,3205,4235,Tuesday
atm35000264,4045,5310,Tuesday
atm3500036,1960,3250,Tuesday
atm3500037,2060,4715,Tuesday
atm3500038,5780,5845,Tuesday
atm3500039,4365,3465,Tuesday
atm3500040,5920,4820,Tuesday
atm3500041,6290,4365,Tuesday
atm3500042,2310,4005,Tuesday
atm3500043,3005,5445,Tuesday
atm3500044,2590,4310,Tuesday
atm3500045,1770,3930,Tuesday
atm3500046,4595,3285,Tuesday
atm3500047,4890,6830,Tuesday
atm3500048,5390,6945,Tuesday
atm3500049,3940,6980,Tuesday
atm3500050,3580,3480,Tuesday
atm3500051,3670,4165,Tuesday
atm3500052,4075,5145,Tuesday
atm3500053,2065,4360,Tuesday
atm3500054,6930,4975,Tuesday
atm3500055,4420,3145,Tuesday
atm3500056,6815,6130,Tuesday
atm3500057,4480,3390,Tuesday
atm3500058,3315,6185,Tuesday
atm3500059,4010,4650,Tuesday
atm3500060,6720,4805,Tuesday
atm3500061,4460,6190,Tuesday
atm3500066,1870,5095,Tuesday
atm3500067,4095,3900,Tuesday
atm3500068,2815,3595,Tuesday
atm3500069,5780,7080,Tuesday
atm3500070,5625,4905,Tuesday
atm3500071,3315,4975,Tuesday
atm3500072,5255,5410,Tuesday
atm3500073,2265,4825,Tuesday
atm3500074,5585,4415,Tuesday
atm3500075,4515,3900,Tuesday
atm3500076,6530,5765,Tuesday
atm3500077,6500,5105,Tuesday
atm3500078,2585,4795,Tuesday
atm3500079,5760,5765,Tuesday
atm3500080,1740,4625,Tuesday
atm3500081,6805,3880,Tuesday
atm3500082,1490,5095,Tuesday
atm3500083,5965,5140,Tuesday
atm3500084,6890,3465,Tuesday
atm3500085,3405,5860,Tuesday
atm3500086,1975,4580,Tuesday
atm3500087,3875,5625,Tuesday
atm3500088,4790,7420,Tuesday
atm3500089,6040,4110,Tuesday
atm3500090,2315,3905,Tuesday
atm3500091,3485,4185,Tuesday
atm3500092,2265,3760,Tuesday
atm3500093,5760,6120,Tuesday
atm3500094,2605,4895,Tuesday
atm3500095,4765,3515,Tuesday
atm3500096,2365,5360,Tuesday
atm3500097,3805,5925,Tuesday
atm3500098,3635,3205,Tuesday
atm3500099,3175,4445,Tuesday
atm35000100,2965,4375,Tuesday
atm35000101,3640,3935,Tuesday
atm35000102,2710,4875,Tuesday
atm35000103,2210,6580,Tuesday
atm35000104,2885,5130,Tuesday
atm35000105,7280,5575,Tuesday
atm35000106,5220,3470,Tuesday
atm35000107,2665,4030,Tuesday
atm35000108,3635,3900,Tuesday
atm35000109,1820,3935,Tuesday
atm35000110,1805,5695,Tuesday
atm35000111,4655,5215,Tuesday
atm35000112,6045,4160,Tuesday
atm35000113,5090,5730,Tuesday
atm35000114,3730,4350,Tuesday
atm35000115,5005,3400,Tuesday
atm35000116,5445,2630,Tuesday
atm35000117,3705,4850,Tuesday
atm35000118,6115,4695,Tuesday
atm35000119,3360,3105,Tuesday
atm35000120,1780,4735,Tuesday
atm35000121,3135,4730,Tuesday
atm35000122,1525,4425,Tuesday
atm35000123,6070,4630,Tuesday
atm35000124,5685,5975,Tuesday
atm35000125,2695,4515,Tuesday
atm35000126,3310,5840,Tuesday
atm35000127,3150,6095,Tuesday
atm35000128,6335,3380,Tuesday
atm35000129,5915,6020,Tuesday
atm35000130,3695,4335,Tuesday
atm35000131,6245,5655,Tuesday
atm35000132,2180,4385,Tuesday
atm35000133,5320,4110,Tuesday
atm35000134,5610,4960,Tuesday
atm35000135,2190,4085,Tuesday
atm35000136,7120,5780,Tuesday
atm35000137,2685,5420,Tuesday
atm35000138,1995,3760,Tuesday
atm35000139,6360,5860,Tuesday
atm35000140,5020,4570,Tuesday
atm35000141,4070,4130,Tuesday
atm35000142,3790,4900,Tuesday
atm35000143,3970,6580,Tuesday
atm35000144,4175,5355,Tuesday
atm35000145,2705,4705,Tuesday
atm35000146,4910,3740,Tuesday
atm35000147,4105,5260,Tuesday
atm35000148,4630,4620,Tuesday
atm35000149,4015,4390,Tuesday
atm35000150,5165,2945,Tuesday
atm35000151,4575,4705,Tuesday
atm35000152,5095,4310,Tuesday
atm35000153,5390,4325,Tuesday
atm35000154,5640,5935,Tuesday
atm35000155,5450,5245,Tuesday
atm35000156,6465,5215,Tuesday
atm35000157,4035,4985,Tuesday
atm35000158,4580,5500,Tuesday
atm35000159,4545,4185,Tuesday
atm35000160,2865,3800,Tuesday
atm35000161,4655,3795,Tuesday
atm35000162,3225,4225,Tuesday
atm35000163,5790,3480,Tuesday
atm35000164,2930,4385,Tuesday
atm35000165,2550,3110,Tuesday
atm35000166,4490,3655,Tuesday
atm35000167,5510,6025,Tuesday
atm35000168,3520,4940,Tuesday
atm35000169,3570,4710,Tuesday
atm35000170,2605,4420,Tuesday
atm35000171,3955,3210,Tuesday
atm35000172,3065,4645,Tuesday
atm35000173,4600,4290,Tuesday
atm35000174,1965,6805,Tuesday
atm35000175,4290,3955,Tuesday
atm35000176,2580,5950,Tuesday
atm35000177,2965,3445,Tuesday
atm35000178,3400,3745,Tuesday
atm35000179,4945,6345,Tuesday
atm35000180,3200,3230,Tuesday
atm35000181,3850,3960,Tuesday
atm35000182,5255,5830,Tuesday
atm35000183,5005,3150,Tuesday
atm35000184,4065,3815,Tuesday
atm35000185,5280,6740,Tuesday
atm35000186,5935,3490,Tuesday
atm35000187,3055,4650,Tuesday
atm35000188,1975,5095,Tuesday
atm35000189,1870,4790,Tuesday
atm35000190,5720,3550,Tuesday
atm35000191,6020,5435,Tuesday
atm35000192,2985,5695,Tuesday
atm35000193,4555,4595,Tuesday
atm35000194,5790,3450,Tuesday
atm35000195,6055,5700,Tuesday
atm35000196,1800,3620,Tuesday
atm35000197,3645,4080,Tuesday
atm35000198,6250,3260,Tuesday
atm35000199,3230,5895,Tuesday
atm35000200,5105,4995,Tuesday
atm35000201,5625,3790,Tuesday
atm35000202,3735,5540,Tuesday
atm35000203,4910,6515,Tuesday
atm35000204,3830,3920,Tuesday
atm35000205,7285,5680,Tuesday
atm35000206,5400,5625,Tuesday
atm35000207,4855,4165,Tuesday
atm35000208,3845,6490,Tuesday
atm35000209,4745,4640,Tuesday
atm35000210,5705,2240,Tuesday
atm35000211,5440,3855,Tuesday
atm35000212,6260,2995,Tuesday
atm35000213,4580,6245,Tuesday
atm35000214,5295,6285,Tuesday
atm35000215,5040,4805,Tuesday
atm35000216,5130,6115,Tuesday
atm35000217,3605,4365,Tuesday
atm35000218,2465,4265,Tuesday
atm35000219,6520,5580,Tuesday
atm35000220,2675,4465,Tuesday
atm35000221,3675,5080,Tuesday
atm35000222,5895,5290,Tuesday
atm35000223,6145,3350,Tuesday
atm35000224,4375,4355,Tuesday
atm35000225,4465,3830,Tuesday
atm35000226,5050,4930,Tuesday
atm35000227,4950,6275,Tuesday
atm35000228,5365,5955,Tuesday
atm35000229,3640,4190,Tuesday
atm35000265,2590,5205,Tuesday
atm35000266,3680,3275,Tuesday
atm35000267,2200,3885,Tuesday
atm35000268,6675,6090,Tuesday
atm35000269,1920,3170,Tuesday
atm35000270,4045,4805,Tuesday
atm35000271,3030,2680,Tuesday
atm35000272,4685,6235,Tuesday
atm35000273,6230,5910,Tuesday
atm35000274,6870,6080,Tuesday
atm35000275,5720,4595,Tuesday
atm35000276,5960,5775,Tuesday
atm35000277,4465,3635,Tuesday
atm35000278,5920,3730,Tuesday
atm35000279,4860,3360,Tuesday
atm35000280,3225,3980,Tuesday
atm35000281,4585,6170,Tuesday
atm35000282,5305,6170,Tuesday
atm35000283,5520,6240,Tuesday
atm35000284,4300,6195,Tuesday
atm35000285,4795,4405,Tuesday
atm35000286,3605,4540,Tuesday
atm35000287,5365,5530,Tuesday
atm35000288,3590,7400,Tuesday
atm35000289,2170,6690,Tuesday
atm35000290,4530,4450,Tuesday
atm35000291,2190,4960,Tuesday
atm35000292,2845,3680,Tuesday
atm35000293,2500,3015,Tuesday
atm35000294,5515,3275,Tuesday
atm35000295,7880,2640,Tuesday
atm35000296,4435,5930,Tuesday
atm35000297,5540,4515,Tuesday
atm35000298,4305,3695,Tuesday
atm35000299,3200,6395,Tuesday
atm35000300,5520,7190,Tuesday
atm35000301,3420,3585,Tuesday
atm35000302,4445,6010,Tuesday
atm35000303,4885,3820,Tuesday
atm35000304,2745,3735,Tuesday
atm35000305,5250,5980,Tuesday
atm35000306,6125,3425,Tuesday
atm35000307,2880,5505,Tuesday
atm35000308,4310,6710,Tuesday
atm35000309,4065,4030,Tuesday
atm35000310,2335,5070,Tuesday
atm35000311,5005,5805,Tuesday
atm35000312,2415,3205,Tuesday
atm35000313,4105,5180,Tuesday
atm35000314,4845,6105,Tuesday
atm35000315,2870,4405,Tuesday
atm35000316,1860,4475,Tuesday
atm35000317,3775,6455,Tuesday
atm35000318,5740,2610,Tuesday
atm35000319,2850,3440,Tuesday
atm35000320,4225,4945,Tuesday
atm35000321,5095,4370,Tuesday
atm35000322,1895,4275,Tuesday
atm35000323,3040,5440,Tuesday
atm35000324,1910,5475,Tuesday
atm35000325,4000,3350,Tuesday
atm35000326,4180,3495,Tuesday
atm35000327,6615,6545,Tuesday
atm35000328,5235,6090,Tuesday
atm35000329,5380,4455,Tuesday
atm35000330,2435,5070,Tuesday
atm35000331,3480,4285,Tuesday
atm35000332,4010,3820,Tuesday
atm35000333,3875,6165,Tuesday
atm35000334,4625,3245,Tuesday
atm35000335,5555,3595,Tuesday
atm35000336,6660,3280,Tuesday
atm35000337,2315,4545,Tuesday
atm35000338,5960,3695,Tuesday
atm35000339,3775,6340,Tuesday
atm35000340,3790,5320,Tuesday
atm35000341,4840,4125,Tuesday
atm35000342,4235,4105,Tuesday
atm35000343,2400,4095,Tuesday
atm35000344,4480,3625,Tuesday
atm35000345,5570,6495,Tuesday
atm35000346,5635,6255,Tuesday
atm35000347,4615,3865,Tuesday
atm35000348,2170,5510,Tuesday
atm35000349,5485,3815,Tuesday
atm35000350,3535,6025,Tuesday
atm35000351,3830,4955,Tuesday
atm35000352,5825,5825,Tuesday
atm35000353,5030,4140,Tuesday
atm35000354,4485,4330,Tuesday
atm35000355,2705,5810,Tuesday
atm35000356,6135,6140,Tuesday
atm35000357,4765,6535,Tuesday
atm35000358,4675,5475,Tuesday
